{
  "0": {
    "mean": 8.979710144927537,
    "std": 6.439489931066365,
    "p10": 0.0,
    "p90": 18.0,
    "n": 138
  },
  "1": {
    "mean": 10.327067669172932,
    "std": 6.285374170048064,
    "p10": 2.0,
    "p90": 18.0,
    "n": 133
  },
  "2": {
    "mean": 11.528057553956835,
    "std": 6.367854378671663,
    "p10": 3.0,
    "p90": 19.200000000000003,
    "n": 139
  },
  "3": {
    "mean": 12.615328467153285,
    "std": 6.579925917146756,
    "p10": 4.0,
    "p90": 21.0,
    "n": 137
  },
  "4": {
    "mean": 13.837121212121213,
    "std": 6.622024382052153,
    "p10": 4.060000000000001,
    "p90": 22.0,
    "n": 132
  },
  "5": {
    "mean": 14.862773722627738,
    "std": 6.603285805291426,
    "p10": 5.0,
    "p90": 23.0,
    "n": 137
  },
  "6": {
    "mean": 14.636129032258067,
    "std": 7.229645712349929,
    "p10": 5.0,
    "p90": 23.919999999999998,
    "n": 155
  },
  "7": {
    "mean": 15.619463087248324,
    "std": 7.392963033349997,
    "p10": 4.920000000000001,
    "p90": 25.0,
    "n": 149
  },
  "8": {
    "mean": 16.361146496815284,
    "std": 7.3119032711291965,
    "p10": 5.0,
    "p90": 26.0,
    "n": 157
  },
  "9": {
    "mean": 16.8025641025641,
    "std": 7.6528885435749325,
    "p10": 5.0,
    "p90": 26.5,
    "n": 156
  },
  "10": {
    "mean": 17.752095808383235,
    "std": 7.173183312458909,
    "p10": 8.0,
    "p90": 27.0,
    "n": 167
  },
  "11": {
    "mean": 18.284705882352938,
    "std": 7.140011534016058,
    "p10": 8.0,
    "p90": 27.0,
    "n": 170
  },
  "12": {
    "mean": 16.890243902439025,
    "std": 6.117913148275307,
    "p10": 10.0,
    "p90": 25.0,
    "n": 164
  },
  "13": {
    "mean": 14.92345679012346,
    "std": 5.279899105118685,
    "p10": 9.0,
    "p90": 21.98,
    "n": 162
  },
  "14": {
    "mean": 12.146060606060605,
    "std": 4.985864127096274,
    "p10": 7.0,
    "p90": 19.0,
    "n": 165
  },
  "15": {
    "mean": 9.55923566878981,
    "std": 4.458051710453631,
    "p10": 5.0,
    "p90": 16.0,
    "n": 157
  },
  "16": {
    "mean": 7.102597402597402,
    "std": 4.447764335988355,
    "p10": 2.0,
    "p90": 12.0,
    "n": 154
  },
  "17": {
    "mean": 5.201324503311259,
    "std": 4.139790441636177,
    "p10": 1.0,
    "p90": 10.0,
    "n": 151
  },
  "18": {
    "mean": 4.126380368098159,
    "std": 5.276828314840608,
    "p10": 1.0,
    "p90": 9.0,
    "n": 163
  },
  "19": {
    "mean": 3.3963414634146343,
    "std": 6.204034806695351,
    "p10": 0.0,
    "p90": 9.0,
    "n": 164
  },
  "20": {
    "mean": 2.419858156028369,
    "std": 5.157923445094051,
    "p10": 0.0,
    "p90": 7.0,
    "n": 141
  },
  "21": {
    "mean": 2.7288590604026846,
    "std": 4.619001519897199,
    "p10": 0.0,
    "p90": 9.0,
    "n": 149
  },
  "22": {
    "mean": 4.315862068965517,
    "std": 4.994422943283683,
    "p10": 1.0,
    "p90": 10.0,
    "n": 145
  },
  "23": {
    "mean": 6.532846715328467,
    "std": 4.950833404129924,
    "p10": 2.3600000000000017,
    "p90": 12.0,
    "n": 137
  }
}