{
  "0": {
    "mean": 7.604216867469881,
    "std": 6.034319548490083,
    "p10": 0.0,
    "p90": 16.0,
    "n": 166
  },
  "1": {
    "mean": 8.723121387283236,
    "std": 6.1397236484523905,
    "p10": 1.0,
    "p90": 18.0,
    "n": 173
  },
  "2": {
    "mean": 9.79689440993789,
    "std": 6.321959964681132,
    "p10": 2.0,
    "p90": 19.0,
    "n": 161
  },
  "3": {
    "mean": 10.179768786127168,
    "std": 6.707189474280851,
    "p10": 1.1999999999999993,
    "p90": 19.80000000000001,
    "n": 173
  },
  "4": {
    "mean": 10.953529411764706,
    "std": 6.809670674010525,
    "p10": 2.0,
    "p90": 21.0,
    "n": 170
  },
  "5": {
    "mean": 11.44319526627219,
    "std": 7.066257291554961,
    "p10": 2.0,
    "p90": 21.0,
    "n": 169
  },
  "6": {
    "mean": 11.453807106598983,
    "std": 7.169553555633167,
    "p10": 2.0,
    "p90": 21.400000000000006,
    "n": 197
  },
  "7": {
    "mean": 12.332608695652173,
    "std": 7.1633876147579985,
    "p10": 2.5799999999999996,
    "p90": 22.070000000000004,
    "n": 184
  },
  "8": {
    "mean": 13.123243243243245,
    "std": 7.402676533456627,
    "p10": 3.0,
    "p90": 23.0,
    "n": 185
  },
  "9": {
    "mean": 12.730256410256409,
    "std": 7.511212061641302,
    "p10": 3.239999999999999,
    "p90": 23.0,
    "n": 195
  },
  "10": {
    "mean": 13.398514851485148,
    "std": 6.812371521251572,
    "p10": 5.0,
    "p90": 23.0,
    "n": 202
  },
  "11": {
    "mean": 13.881313131313131,
    "std": 6.8897558246117,
    "p10": 6.0,
    "p90": 23.0,
    "n": 198
  },
  "12": {
    "mean": 13.63960396039604,
    "std": 7.102526762324551,
    "p10": 5.0,
    "p90": 23.0,
    "n": 202
  },
  "13": {
    "mean": 12.426130653266332,
    "std": 5.912802460114701,
    "p10": 5.319999999999999,
    "p90": 20.0,
    "n": 199
  },
  "14": {
    "mean": 9.954773869346734,
    "std": 4.920916481130648,
    "p10": 4.0,
    "p90": 16.0,
    "n": 199
  },
  "15": {
    "mean": 7.439234449760765,
    "std": 4.078530960496751,
    "p10": 3.0,
    "p90": 12.0,
    "n": 209
  },
  "16": {
    "mean": 5.251020408163265,
    "std": 3.6443069728553175,
    "p10": 1.5,
    "p90": 9.0,
    "n": 196
  },
  "17": {
    "mean": 3.656989247311828,
    "std": 3.4908962018048673,
    "p10": 1.0,
    "p90": 6.0,
    "n": 186
  },
  "18": {
    "mean": 2.336413043478261,
    "std": 3.4140708779418127,
    "p10": 0.0,
    "p90": 4.0,
    "n": 184
  },
  "19": {
    "mean": 2.074226804123711,
    "std": 4.002105102816869,
    "p10": 0.0,
    "p90": 6.0,
    "n": 194
  },
  "20": {
    "mean": 1.8180790960451978,
    "std": 3.996263984600784,
    "p10": 0.0,
    "p90": 4.400000000000006,
    "n": 177
  },
  "21": {
    "mean": 3.2792349726775956,
    "std": 4.660154393575067,
    "p10": 0.0,
    "p90": 9.0,
    "n": 183
  },
  "22": {
    "mean": 5.197647058823529,
    "std": 4.8295926168890935,
    "p10": 1.0,
    "p90": 8.099999999999994,
    "n": 170
  },
  "23": {
    "mean": 6.776646706586827,
    "std": 5.303021940340533,
    "p10": 1.3599999999999974,
    "p90": 11.0,
    "n": 167
  }
}