{
  "0": {
    "mean": 8.288275862068966,
    "std": 4.424168211971159,
    "p10": 3.0,
    "p90": 14.0,
    "n": 145
  },
  "1": {
    "mean": 9.318367346938775,
    "std": 3.700481649660545,
    "p10": 5.0,
    "p90": 14.0,
    "n": 147
  },
  "2": {
    "mean": 10.55448275862069,
    "std": 3.602525721057552,
    "p10": 6.4,
    "p90": 14.599999999999994,
    "n": 145
  },
  "3": {
    "mean": 11.767346938775512,
    "std": 3.338036566386757,
    "p10": 8.0,
    "p90": 15.320000000000004,
    "n": 147
  },
  "4": {
    "mean": 12.927891156462586,
    "std": 3.3658189647009285,
    "p10": 9.0,
    "p90": 17.0,
    "n": 147
  },
  "5": {
    "mean": 13.393243243243244,
    "std": 3.39855235612179,
    "p10": 10.0,
    "p90": 18.0,
    "n": 148
  },
  "6": {
    "mean": 14.666216216216219,
    "std": 3.290174075870631,
    "p10": 11.0,
    "p90": 19.0,
    "n": 148
  },
  "7": {
    "mean": 14.64864864864865,
    "std": 3.6250542850542224,
    "p10": 10.0,
    "p90": 19.0,
    "n": 148
  },
  "8": {
    "mean": 15.17324840764331,
    "std": 3.575708324406709,
    "p10": 11.0,
    "p90": 20.0,
    "n": 157
  },
  "9": {
    "mean": 15.422500000000003,
    "std": 3.7857054874535394,
    "p10": 10.0,
    "p90": 20.0,
    "n": 160
  },
  "10": {
    "mean": 15.613253012048194,
    "std": 3.8789649067397036,
    "p10": 10.299999999999997,
    "p90": 21.0,
    "n": 166
  },
  "11": {
    "mean": 14.330000000000002,
    "std": 3.2538859206963107,
    "p10": 10.0,
    "p90": 18.0,
    "n": 160
  },
  "12": {
    "mean": 12.352727272727273,
    "std": 2.7909165300319043,
    "p10": 9.0,
    "p90": 15.0,
    "n": 165
  },
  "13": {
    "mean": 9.996551724137932,
    "std": 2.673654305818185,
    "p10": 7.0,
    "p90": 13.0,
    "n": 174
  },
  "14": {
    "mean": 7.859999999999999,
    "std": 2.5286086362306293,
    "p10": 5.0,
    "p90": 11.0,
    "n": 160
  },
  "15": {
    "mean": 5.555555555555555,
    "std": 2.2052833953488085,
    "p10": 3.0,
    "p90": 8.0,
    "n": 153
  },
  "16": {
    "mean": 4.030379746835442,
    "std": 2.1427022899323798,
    "p10": 2.0,
    "p90": 7.0,
    "n": 158
  },
  "17": {
    "mean": 2.605755395683453,
    "std": 2.04655135105103,
    "p10": 0.8000000000000007,
    "p90": 5.0,
    "n": 139
  },
  "18": {
    "mean": 2.0300653594771245,
    "std": 2.372293054790091,
    "p10": 0.0,
    "p90": 4.0,
    "n": 153
  },
  "19": {
    "mean": 2.744242424242424,
    "std": 3.9410650955311044,
    "p10": 0.0,
    "p90": 10.599999999999994,
    "n": 165
  },
  "20": {
    "mean": 3.296341463414634,
    "std": 4.5298450012608775,
    "p10": 0.0,
    "p90": 11.0,
    "n": 164
  },
  "21": {
    "mean": 3.419607843137255,
    "std": 4.261811123891761,
    "p10": 0.0,
    "p90": 10.0,
    "n": 153
  },
  "22": {
    "mean": 4.625316455696202,
    "std": 4.760545607932479,
    "p10": 0.0,
    "p90": 12.0,
    "n": 158
  },
  "23": {
    "mean": 6.738364779874215,
    "std": 5.066741878021667,
    "p10": 2.0,
    "p90": 15.0,
    "n": 159
  }
}