{
  "0": {
    "mean": 7.871604938271605,
    "std": 6.195755601239129,
    "p10": 0.0,
    "p90": 16.900000000000006,
    "n": 162
  },
  "1": {
    "mean": 9.126923076923077,
    "std": 6.323987575775331,
    "p10": 1.0,
    "p90": 17.5,
    "n": 156
  },
  "2": {
    "mean": 9.806134969325154,
    "std": 6.446644195942432,
    "p10": 1.3600000000000017,
    "p90": 18.0,
    "n": 163
  },
  "3": {
    "mean": 10.596407185628742,
    "std": 6.4233562166684415,
    "p10": 3.0,
    "p90": 20.0,
    "n": 167
  },
  "4": {
    "mean": 11.36685393258427,
    "std": 6.197573079862692,
    "p10": 4.0,
    "p90": 20.03,
    "n": 178
  },
  "5": {
    "mean": 12.259770114942528,
    "std": 6.451669314298979,
    "p10": 4.0,
    "p90": 21.0,
    "n": 174
  },
  "6": {
    "mean": 12.574093264248702,
    "std": 6.559840916167335,
    "p10": 5.0,
    "p90": 21.0,
    "n": 193
  },
  "7": {
    "mean": 13.159116022099449,
    "std": 6.627441880613405,
    "p10": 5.0,
    "p90": 22.0,
    "n": 181
  },
  "8": {
    "mean": 13.841530054644808,
    "std": 6.828738710138536,
    "p10": 6.0,
    "p90": 23.0,
    "n": 183
  },
  "9": {
    "mean": 13.568648648648647,
    "std": 7.454856223704027,
    "p10": 4.0,
    "p90": 23.0,
    "n": 185
  },
  "10": {
    "mean": 14.01082474226804,
    "std": 7.139587972335761,
    "p10": 5.300000000000001,
    "p90": 24.0,
    "n": 194
  },
  "11": {
    "mean": 14.047738693467336,
    "std": 7.134316160844654,
    "p10": 5.0,
    "p90": 24.0,
    "n": 199
  },
  "12": {
    "mean": 14.30646766169154,
    "std": 7.236235759025478,
    "p10": 5.0,
    "p90": 25.0,
    "n": 201
  },
  "13": {
    "mean": 12.71457286432161,
    "std": 6.210884767032872,
    "p10": 4.0,
    "p90": 21.0,
    "n": 199
  },
  "14": {
    "mean": 11.021827411167514,
    "std": 5.084488286280776,
    "p10": 4.0,
    "p90": 18.0,
    "n": 197
  },
  "15": {
    "mean": 8.623684210526315,
    "std": 4.386742545933103,
    "p10": 3.0,
    "p90": 14.0,
    "n": 190
  },
  "16": {
    "mean": 6.417021276595744,
    "std": 4.3090413167041675,
    "p10": 2.0,
    "p90": 10.300000000000011,
    "n": 188
  },
  "17": {
    "mean": 4.789528795811519,
    "std": 3.679687527917792,
    "p10": 1.0,
    "p90": 9.0,
    "n": 191
  },
  "18": {
    "mean": 3.4360655737704917,
    "std": 4.530362748504709,
    "p10": 0.0,
    "p90": 10.0,
    "n": 183
  },
  "19": {
    "mean": 2.7177777777777776,
    "std": 4.671931587128677,
    "p10": 0.0,
    "p90": 10.0,
    "n": 180
  },
  "20": {
    "mean": 2.610989010989011,
    "std": 4.665174860068669,
    "p10": 0.0,
    "p90": 7.960000000000003,
    "n": 182
  },
  "21": {
    "mean": 3.42010582010582,
    "std": 4.814762094984106,
    "p10": 0.0,
    "p90": 10.0,
    "n": 189
  },
  "22": {
    "mean": 5.018604651162791,
    "std": 4.6410956467034366,
    "p10": 1.0,
    "p90": 10.0,
    "n": 172
  },
  "23": {
    "mean": 6.716763005780347,
    "std": 4.750031448661645,
    "p10": 2.0,
    "p90": 11.800000000000011,
    "n": 173
  }
}