{
  "0": {
    "mean": 8.29620253164557,
    "std": 3.948439764031434,
    "p10": 4.0,
    "p90": 14.0,
    "n": 158
  },
  "1": {
    "mean": 9.351315789473684,
    "std": 3.764244237702112,
    "p10": 5.0,
    "p90": 14.0,
    "n": 152
  },
  "2": {
    "mean": 10.408163265306122,
    "std": 3.6998983733559325,
    "p10": 6.0,
    "p90": 15.0,
    "n": 147
  },
  "3": {
    "mean": 11.331468531468532,
    "std": 3.6804091088505086,
    "p10": 7.0,
    "p90": 16.0,
    "n": 143
  },
  "4": {
    "mean": 12.093877551020407,
    "std": 3.5901925863136315,
    "p10": 7.0,
    "p90": 16.640000000000008,
    "n": 147
  },
  "5": {
    "mean": 12.635761589403973,
    "std": 3.747858844208888,
    "p10": 7.0,
    "p90": 17.0,
    "n": 151
  },
  "6": {
    "mean": 13.108387096774193,
    "std": 3.8191070357456307,
    "p10": 7.4,
    "p90": 17.0,
    "n": 155
  },
  "7": {
    "mean": 13.663749999999999,
    "std": 4.01803305395084,
    "p10": 7.9,
    "p90": 18.46,
    "n": 160
  },
  "8": {
    "mean": 13.915853658536584,
    "std": 4.096563560977376,
    "p10": 8.0,
    "p90": 19.0,
    "n": 164
  },
  "9": {
    "mean": 14.14938271604938,
    "std": 4.227406101797303,
    "p10": 9.0,
    "p90": 19.0,
    "n": 162
  },
  "10": {
    "mean": 14.52662721893491,
    "std": 4.3357663802671285,
    "p10": 9.0,
    "p90": 20.0,
    "n": 169
  },
  "11": {
    "mean": 14.12864864864865,
    "std": 3.8383209093372135,
    "p10": 9.0,
    "p90": 18.0,
    "n": 185
  },
  "12": {
    "mean": 12.214857142857142,
    "std": 3.4081725404799337,
    "p10": 8.0,
    "p90": 16.0,
    "n": 175
  },
  "13": {
    "mean": 9.973563218390805,
    "std": 3.023757940969435,
    "p10": 6.0,
    "p90": 13.420000000000007,
    "n": 174
  },
  "14": {
    "mean": 7.756725146198831,
    "std": 3.008888563692062,
    "p10": 4.0,
    "p90": 11.0,
    "n": 171
  },
  "15": {
    "mean": 5.6835443037974684,
    "std": 2.555395459928541,
    "p10": 3.0,
    "p90": 9.0,
    "n": 158
  },
  "16": {
    "mean": 3.9320754716981137,
    "std": 2.0753929246618172,
    "p10": 2.0,
    "p90": 6.0,
    "n": 159
  },
  "17": {
    "mean": 2.487741935483871,
    "std": 1.490068223133972,
    "p10": 0.0,
    "p90": 4.0,
    "n": 155
  },
  "18": {
    "mean": 2.3406060606060604,
    "std": 3.5360322425982975,
    "p10": 0.0,
    "p90": 6.0,
    "n": 165
  },
  "19": {
    "mean": 3.0662921348314605,
    "std": 4.339789466637754,
    "p10": 0.0,
    "p90": 9.060000000000002,
    "n": 178
  },
  "20": {
    "mean": 3.3590361445783135,
    "std": 4.923586673556075,
    "p10": 0.0,
    "p90": 12.0,
    "n": 166
  },
  "21": {
    "mean": 3.926451612903226,
    "std": 5.185244767724559,
    "p10": 0.0,
    "p90": 13.0,
    "n": 155
  },
  "22": {
    "mean": 5.411464968152867,
    "std": 5.373355063178205,
    "p10": 1.0,
    "p90": 14.400000000000006,
    "n": 157
  },
  "23": {
    "mean": 6.592682926829268,
    "std": 4.766390011249461,
    "p10": 2.0,
    "p90": 13.0,
    "n": 164
  }
}