{
  "0": {
    "mean": 7.2517006802721085,
    "std": 4.3365972668671375,
    "p10": 0.0,
    "p90": 13.0,
    "n": 147
  },
  "1": {
    "mean": 8.739072847682118,
    "std": 4.227591489409128,
    "p10": 3.0,
    "p90": 15.0,
    "n": 151
  },
  "2": {
    "mean": 10.123999999999999,
    "std": 4.1466842903730745,
    "p10": 4.0,
    "p90": 16.0,
    "n": 150
  },
  "3": {
    "mean": 10.837179487179487,
    "std": 4.107950088409892,
    "p10": 5.0,
    "p90": 16.0,
    "n": 156
  },
  "4": {
    "mean": 11.593421052631578,
    "std": 4.372606948966469,
    "p10": 6.0,
    "p90": 17.0,
    "n": 152
  },
  "5": {
    "mean": 12.772151898734178,
    "std": 4.528436315907034,
    "p10": 6.700000000000001,
    "p90": 19.0,
    "n": 158
  },
  "6": {
    "mean": 13.719999999999999,
    "std": 4.5866198622739915,
    "p10": 7.0,
    "p90": 20.0,
    "n": 160
  },
  "7": {
    "mean": 14.435668789808918,
    "std": 4.7659316190319965,
    "p10": 8.0,
    "p90": 21.0,
    "n": 157
  },
  "8": {
    "mean": 14.8375,
    "std": 4.886391705478706,
    "p10": 8.0,
    "p90": 22.0,
    "n": 160
  },
  "9": {
    "mean": 14.989349112426034,
    "std": 4.797929134385531,
    "p10": 9.0,
    "p90": 21.200000000000017,
    "n": 169
  },
  "10": {
    "mean": 15.43859649122807,
    "std": 4.916206849114645,
    "p10": 9.0,
    "p90": 22.0,
    "n": 171
  },
  "11": {
    "mean": 14.616666666666665,
    "std": 4.187807450097545,
    "p10": 9.0,
    "p90": 20.0,
    "n": 192
  },
  "12": {
    "mean": 12.939896373056996,
    "std": 3.4027124581043955,
    "p10": 9.0,
    "p90": 17.0,
    "n": 193
  },
  "13": {
    "mean": 10.79891891891892,
    "std": 2.8499044451789963,
    "p10": 7.0,
    "p90": 14.0,
    "n": 185
  },
  "14": {
    "mean": 8.840659340659341,
    "std": 3.1521098089931674,
    "p10": 6.0,
    "p90": 12.0,
    "n": 182
  },
  "15": {
    "mean": 6.944134078212291,
    "std": 3.2378392545186365,
    "p10": 4.0,
    "p90": 10.680000000000001,
    "n": 179
  },
  "16": {
    "mean": 4.980769230769231,
    "std": 3.169351523874538,
    "p10": 2.0,
    "p90": 8.0,
    "n": 156
  },
  "17": {
    "mean": 3.506918238993711,
    "std": 2.9598819574661395,
    "p10": 1.0,
    "p90": 7.0,
    "n": 159
  },
  "18": {
    "mean": 2.529559748427673,
    "std": 2.9775649183395703,
    "p10": 0.0,
    "p90": 6.0,
    "n": 159
  },
  "19": {
    "mean": 2.229113924050633,
    "std": 3.20523663479435,
    "p10": 0.0,
    "p90": 7.300000000000011,
    "n": 158
  },
  "20": {
    "mean": 2.5452380952380955,
    "std": 4.026064920659678,
    "p10": 0.0,
    "p90": 8.300000000000011,
    "n": 168
  },
  "21": {
    "mean": 2.7303225806451614,
    "std": 3.5290698931659668,
    "p10": 0.0,
    "p90": 8.0,
    "n": 155
  },
  "22": {
    "mean": 3.613793103448276,
    "std": 3.5671849446193247,
    "p10": 1.0,
    "p90": 8.599999999999994,
    "n": 145
  },
  "23": {
    "mean": 4.875,
    "std": 2.930130429804164,
    "p10": 2.0,
    "p90": 8.0,
    "n": 144
  }
}