{
  "0": {
    "mean": 7.456375838926174,
    "std": 5.18115506984598,
    "p10": 0.0,
    "p90": 14.0,
    "n": 149
  },
  "1": {
    "mean": 9.409395973154362,
    "std": 5.137321605791779,
    "p10": 2.0,
    "p90": 16.0,
    "n": 149
  },
  "2": {
    "mean": 10.95375,
    "std": 5.25779310783335,
    "p10": 4.0,
    "p90": 18.0,
    "n": 160
  },
  "3": {
    "mean": 12.267484662576686,
    "std": 5.256446758306552,
    "p10": 6.0,
    "p90": 19.80000000000001,
    "n": 163
  },
  "4": {
    "mean": 13.173076923076923,
    "std": 5.655900101251344,
    "p10": 6.0,
    "p90": 21.0,
    "n": 156
  },
  "5": {
    "mean": 14.2975,
    "std": 5.680375020837842,
    "p10": 7.0,
    "p90": 22.0,
    "n": 160
  },
  "6": {
    "mean": 15.023456790123458,
    "std": 5.877608243121686,
    "p10": 8.0,
    "p90": 23.0,
    "n": 162
  },
  "7": {
    "mean": 15.689696969696971,
    "std": 5.934989512827195,
    "p10": 8.0,
    "p90": 24.0,
    "n": 165
  },
  "8": {
    "mean": 16.909202453987728,
    "std": 5.900542032184347,
    "p10": 9.0,
    "p90": 25.0,
    "n": 163
  },
  "9": {
    "mean": 17.330285714285715,
    "std": 6.1342778597343415,
    "p10": 10.0,
    "p90": 25.0,
    "n": 175
  },
  "10": {
    "mean": 17.41257142857143,
    "std": 6.702449519142255,
    "p10": 9.879999999999999,
    "p90": 26.0,
    "n": 175
  },
  "11": {
    "mean": 17.017142857142858,
    "std": 6.220391278037768,
    "p10": 10.0,
    "p90": 25.0,
    "n": 175
  },
  "12": {
    "mean": 15.140314136125655,
    "std": 4.272802347499728,
    "p10": 10.0,
    "p90": 20.0,
    "n": 191
  },
  "13": {
    "mean": 12.72620320855615,
    "std": 3.5931697483148084,
    "p10": 8.0,
    "p90": 17.0,
    "n": 187
  },
  "14": {
    "mean": 10.192820512820514,
    "std": 3.4834142724332247,
    "p10": 6.0,
    "p90": 14.0,
    "n": 195
  },
  "15": {
    "mean": 7.692737430167598,
    "std": 3.1041296873782565,
    "p10": 4.0,
    "p90": 12.0,
    "n": 179
  },
  "16": {
    "mean": 5.66060606060606,
    "std": 3.037362803680613,
    "p10": 3.0,
    "p90": 10.0,
    "n": 165
  },
  "17": {
    "mean": 4.318343195266272,
    "std": 3.7659131695464696,
    "p10": 1.0,
    "p90": 8.0,
    "n": 169
  },
  "18": {
    "mean": 3.2160493827160495,
    "std": 3.7178754632557482,
    "p10": 0.0,
    "p90": 8.0,
    "n": 162
  },
  "19": {
    "mean": 2.155555555555556,
    "std": 3.4811292520625,
    "p10": 0.0,
    "p90": 6.900000000000006,
    "n": 162
  },
  "20": {
    "mean": 2.0636942675159236,
    "std": 3.7462485999457003,
    "p10": 0.0,
    "p90": 8.0,
    "n": 157
  },
  "21": {
    "mean": 1.9324324324324325,
    "std": 3.387978270903025,
    "p10": 0.0,
    "p90": 5.600000000000023,
    "n": 148
  },
  "22": {
    "mean": 3.3359477124183003,
    "std": 3.866431347595493,
    "p10": 1.0,
    "p90": 10.0,
    "n": 153
  },
  "23": {
    "mean": 5.397435897435898,
    "std": 3.3938834682210848,
    "p10": 2.0,
    "p90": 10.5,
    "n": 156
  }
}