{
  "0": {
    "mean": 8.954744525547445,
    "std": 5.839620893251544,
    "p10": 0.0,
    "p90": 16.0,
    "n": 137
  },
  "1": {
    "mean": 10.203007518796992,
    "std": 6.106081665892545,
    "p10": 1.0,
    "p90": 18.0,
    "n": 133
  },
  "2": {
    "mean": 11.530303030303031,
    "std": 6.20445468375254,
    "p10": 3.0,
    "p90": 19.900000000000006,
    "n": 132
  },
  "3": {
    "mean": 12.335820895522389,
    "std": 6.540727270788651,
    "p10": 3.0,
    "p90": 21.700000000000003,
    "n": 134
  },
  "4": {
    "mean": 12.787234042553191,
    "std": 6.628475919026829,
    "p10": 3.0,
    "p90": 22.0,
    "n": 141
  },
  "5": {
    "mean": 13.572027972027971,
    "std": 6.750382415817302,
    "p10": 4.0,
    "p90": 23.0,
    "n": 143
  },
  "6": {
    "mean": 13.929530201342281,
    "std": 6.915293503334289,
    "p10": 5.0,
    "p90": 24.0,
    "n": 149
  },
  "7": {
    "mean": 14.426973684210523,
    "std": 7.351415328836429,
    "p10": 5.0,
    "p90": 24.0,
    "n": 152
  },
  "8": {
    "mean": 15.605109489051092,
    "std": 7.212553610442854,
    "p10": 6.0,
    "p90": 25.0,
    "n": 137
  },
  "9": {
    "mean": 15.209210526315792,
    "std": 7.723957357041688,
    "p10": 4.0,
    "p90": 26.0,
    "n": 152
  },
  "10": {
    "mean": 14.986538461538462,
    "std": 7.79742791784541,
    "p10": 4.0,
    "p90": 25.5,
    "n": 156
  },
  "11": {
    "mean": 16.248344370860927,
    "std": 7.2200171219061575,
    "p10": 6.0,
    "p90": 26.0,
    "n": 151
  },
  "12": {
    "mean": 15.31780821917808,
    "std": 6.8638652519880665,
    "p10": 6.0,
    "p90": 24.0,
    "n": 146
  },
  "13": {
    "mean": 12.654193548387095,
    "std": 5.070838946824621,
    "p10": 6.0,
    "p90": 19.0,
    "n": 155
  },
  "14": {
    "mean": 9.301282051282051,
    "std": 3.388519272760496,
    "p10": 5.0,
    "p90": 14.0,
    "n": 156
  },
  "15": {
    "mean": 6.57948717948718,
    "std": 2.407855904720856,
    "p10": 3.0,
    "p90": 9.5,
    "n": 156
  },
  "16": {
    "mean": 4.303448275862069,
    "std": 2.261772098780053,
    "p10": 2.0,
    "p90": 7.0,
    "n": 145
  },
  "17": {
    "mean": 2.597315436241611,
    "std": 1.7855253715728554,
    "p10": 1.0,
    "p90": 5.0,
    "n": 149
  },
  "18": {
    "mean": 1.44,
    "std": 1.886292850918028,
    "p10": 0.0,
    "p90": 3.0,
    "n": 140
  },
  "19": {
    "mean": 1.1381294964028776,
    "std": 2.1318630242404546,
    "p10": 0.0,
    "p90": 3.040000000000001,
    "n": 139
  },
  "20": {
    "mean": 1.7430463576158939,
    "std": 2.91152903549034,
    "p10": 0.0,
    "p90": 6.0,
    "n": 151
  },
  "21": {
    "mean": 3.2082758620689655,
    "std": 3.152501287520134,
    "p10": 1.0,
    "p90": 7.599999999999994,
    "n": 145
  },
  "22": {
    "mean": 6.122962962962963,
    "std": 3.062920778056114,
    "p10": 3.0,
    "p90": 9.0,
    "n": 135
  },
  "23": {
    "mean": 8.014598540145986,
    "std": 3.5953102653069298,
    "p10": 4.0,
    "p90": 12.0,
    "n": 137
  }
}