{
  "0": {
    "mean": 7.708955223880597,
    "std": 3.6866445139742092,
    "p10": 2.3000000000000007,
    "p90": 12.0,
    "n": 134
  },
  "1": {
    "mean": 8.797202797202797,
    "std": 3.855779347171805,
    "p10": 4.0,
    "p90": 13.0,
    "n": 143
  },
  "2": {
    "mean": 10.183823529411764,
    "std": 3.8685861248865185,
    "p10": 4.5,
    "p90": 15.0,
    "n": 136
  },
  "3": {
    "mean": 11.231884057971014,
    "std": 4.343448552650878,
    "p10": 5.0,
    "p90": 16.0,
    "n": 138
  },
  "4": {
    "mean": 11.97163120567376,
    "std": 4.404451096677002,
    "p10": 6.0,
    "p90": 17.0,
    "n": 141
  },
  "5": {
    "mean": 12.435761589403974,
    "std": 4.577456999555698,
    "p10": 6.0,
    "p90": 18.0,
    "n": 151
  },
  "6": {
    "mean": 13.005228758169935,
    "std": 5.034091550953165,
    "p10": 6.0,
    "p90": 19.0,
    "n": 153
  },
  "7": {
    "mean": 13.972222222222221,
    "std": 5.195996905155336,
    "p10": 6.0,
    "p90": 19.700000000000017,
    "n": 144
  },
  "8": {
    "mean": 14.382857142857143,
    "std": 5.38660666341543,
    "p10": 6.0,
    "p90": 20.0,
    "n": 140
  },
  "9": {
    "mean": 14.610958904109587,
    "std": 5.313393918789622,
    "p10": 7.0,
    "p90": 21.0,
    "n": 146
  },
  "10": {
    "mean": 14.755704697986577,
    "std": 5.379332101493033,
    "p10": 6.0,
    "p90": 21.0,
    "n": 149
  },
  "11": {
    "mean": 14.983333333333333,
    "std": 4.974424097812238,
    "p10": 7.0,
    "p90": 20.0,
    "n": 144
  },
  "12": {
    "mean": 12.401342281879195,
    "std": 3.88569772817627,
    "p10": 7.0,
    "p90": 17.0,
    "n": 149
  },
  "13": {
    "mean": 9.967701863354039,
    "std": 3.031493082716667,
    "p10": 5.0,
    "p90": 14.0,
    "n": 161
  },
  "14": {
    "mean": 7.170886075949367,
    "std": 2.492263284633523,
    "p10": 4.0,
    "p90": 10.0,
    "n": 158
  },
  "15": {
    "mean": 4.8657894736842096,
    "std": 1.959155963121743,
    "p10": 3.0,
    "p90": 7.0,
    "n": 152
  },
  "16": {
    "mean": 3.6626666666666665,
    "std": 2.0575787773633225,
    "p10": 1.0,
    "p90": 6.0,
    "n": 150
  },
  "17": {
    "mean": 2.3680555555555554,
    "std": 1.8003361293686733,
    "p10": 0.0,
    "p90": 5.0,
    "n": 144
  },
  "18": {
    "mean": 1.9219858156028369,
    "std": 2.772494807378407,
    "p10": 0.0,
    "p90": 4.0,
    "n": 141
  },
  "19": {
    "mean": 1.6214765100671142,
    "std": 2.9434435559986354,
    "p10": 0.0,
    "p90": 4.0,
    "n": 149
  },
  "20": {
    "mean": 1.7710144927536233,
    "std": 3.2537054204847844,
    "p10": 0.0,
    "p90": 4.0,
    "n": 138
  },
  "21": {
    "mean": 2.197080291970803,
    "std": 2.5777310361976054,
    "p10": 0.0,
    "p90": 5.0,
    "n": 137
  },
  "22": {
    "mean": 3.7357142857142858,
    "std": 2.705206050173475,
    "p10": 2.0,
    "p90": 6.0,
    "n": 140
  },
  "23": {
    "mean": 6.025185185185185,
    "std": 2.5787223065129066,
    "p10": 3.4000000000000004,
    "p90": 8.600000000000009,
    "n": 135
  }
}