{
  "0": {
    "mean": 8.743589743589743,
    "std": 4.835502835876029,
    "p10": 1.0,
    "p90": 15.0,
    "n": 156
  },
  "1": {
    "mean": 9.985897435897435,
    "std": 4.853471637019034,
    "p10": 2.5,
    "p90": 15.5,
    "n": 156
  },
  "2": {
    "mean": 11.332051282051282,
    "std": 5.210683654971953,
    "p10": 4.0,
    "p90": 17.5,
    "n": 156
  },
  "3": {
    "mean": 12.333333333333334,
    "std": 5.3914450126932145,
    "p10": 4.0,
    "p90": 20.0,
    "n": 159
  },
  "4": {
    "mean": 13.596178343949044,
    "std": 5.748733253445631,
    "p10": 5.0,
    "p90": 21.0,
    "n": 157
  },
  "5": {
    "mean": 13.926506024096387,
    "std": 6.092033234501144,
    "p10": 5.0,
    "p90": 22.0,
    "n": 166
  },
  "6": {
    "mean": 14.850931677018634,
    "std": 6.216561730695899,
    "p10": 5.0,
    "p90": 23.0,
    "n": 161
  },
  "7": {
    "mean": 15.33939393939394,
    "std": 6.430621266592622,
    "p10": 6.0,
    "p90": 24.0,
    "n": 165
  },
  "8": {
    "mean": 15.648809523809524,
    "std": 6.705311042678812,
    "p10": 5.699999999999999,
    "p90": 24.0,
    "n": 168
  },
  "9": {
    "mean": 16.496385542168674,
    "std": 6.610468204811215,
    "p10": 7.0,
    "p90": 25.0,
    "n": 166
  },
  "10": {
    "mean": 16.801169590643276,
    "std": 6.696776997438602,
    "p10": 7.0,
    "p90": 25.0,
    "n": 171
  },
  "11": {
    "mean": 17.1046511627907,
    "std": 6.695881722472677,
    "p10": 7.0,
    "p90": 25.0,
    "n": 172
  },
  "12": {
    "mean": 14.573563218390806,
    "std": 5.528360088196724,
    "p10": 6.300000000000001,
    "p90": 21.0,
    "n": 174
  },
  "13": {
    "mean": 11.55530726256983,
    "std": 4.40604950454713,
    "p10": 5.0,
    "p90": 16.12000000000001,
    "n": 179
  },
  "14": {
    "mean": 8.693854748603352,
    "std": 3.1755590857159905,
    "p10": 4.0,
    "p90": 12.0,
    "n": 179
  },
  "15": {
    "mean": 6.11123595505618,
    "std": 2.463745630454022,
    "p10": 3.0,
    "p90": 9.0,
    "n": 178
  },
  "16": {
    "mean": 4.019512195121951,
    "std": 1.9922819807065255,
    "p10": 2.0,
    "p90": 6.0,
    "n": 164
  },
  "17": {
    "mean": 2.539622641509434,
    "std": 1.7242506671097504,
    "p10": 1.0,
    "p90": 4.0,
    "n": 159
  },
  "18": {
    "mean": 1.4037037037037035,
    "std": 1.4672359143755322,
    "p10": 0.0,
    "p90": 3.0,
    "n": 162
  },
  "19": {
    "mean": 0.7776397515527951,
    "std": 1.4573938707192173,
    "p10": 0.0,
    "p90": 2.0,
    "n": 161
  },
  "20": {
    "mean": 1.1938650306748466,
    "std": 1.6404490973297827,
    "p10": 0.0,
    "p90": 3.0,
    "n": 163
  },
  "21": {
    "mean": 2.3656441717791408,
    "std": 1.9218811633235928,
    "p10": 1.0,
    "p90": 4.800000000000011,
    "n": 163
  },
  "22": {
    "mean": 4.941772151898734,
    "std": 2.3751691911541966,
    "p10": 2.700000000000001,
    "p90": 8.0,
    "n": 158
  },
  "23": {
    "mean": 7.478481012658227,
    "std": 2.7984377300444883,
    "p10": 4.0,
    "p90": 11.0,
    "n": 158
  }
}