{
  "0": {
    "mean": 8.881987577639752,
    "std": 6.418156746671485,
    "p10": 0.0,
    "p90": 18.0,
    "n": 161
  },
  "1": {
    "mean": 10.309375,
    "std": 6.221132547451143,
    "p10": 2.0,
    "p90": 18.0,
    "n": 160
  },
  "2": {
    "mean": 11.516564417177912,
    "std": 6.353255836879978,
    "p10": 3.0,
    "p90": 19.80000000000001,
    "n": 163
  },
  "3": {
    "mean": 12.620245398773008,
    "std": 6.576042934785969,
    "p10": 4.0,
    "p90": 21.0,
    "n": 163
  },
  "4": {
    "mean": 13.881410256410257,
    "std": 6.616117217114867,
    "p10": 4.300000000000001,
    "p90": 22.0,
    "n": 156
  },
  "5": {
    "mean": 14.824390243902437,
    "std": 6.580349273285717,
    "p10": 6.0,
    "p90": 23.700000000000017,
    "n": 164
  },
  "6": {
    "mean": 14.833879781420768,
    "std": 7.105449829685059,
    "p10": 5.0,
    "p90": 24.0,
    "n": 183
  },
  "7": {
    "mean": 15.773142857142858,
    "std": 7.281974190537785,
    "p10": 5.640000000000001,
    "p90": 25.0,
    "n": 175
  },
  "8": {
    "mean": 16.43010752688172,
    "std": 7.18871916488735,
    "p10": 6.0,
    "p90": 26.0,
    "n": 186
  },
  "9": {
    "mean": 16.83858695652174,
    "std": 7.599229193227102,
    "p10": 5.0,
    "p90": 27.0,
    "n": 184
  },
  "10": {
    "mean": 17.74060913705584,
    "std": 7.081779987427191,
    "p10": 8.600000000000001,
    "p90": 27.0,
    "n": 197
  },
  "11": {
    "mean": 18.21359223300971,
    "std": 7.02367492641419,
    "p10": 9.0,
    "p90": 27.0,
    "n": 206
  },
  "12": {
    "mean": 16.686069651741295,
    "std": 6.087824321966291,
    "p10": 9.0,
    "p90": 25.0,
    "n": 201
  },
  "13": {
    "mean": 14.836923076923078,
    "std": 5.107612145019364,
    "p10": 9.0,
    "p90": 21.479999999999993,
    "n": 195
  },
  "14": {
    "mean": 12.077435897435898,
    "std": 4.7310123575795835,
    "p10": 7.0,
    "p90": 18.0,
    "n": 195
  },
  "15": {
    "mean": 9.56577540106952,
    "std": 4.208044627103273,
    "p10": 5.0,
    "p90": 15.0,
    "n": 187
  },
  "16": {
    "mean": 7.055135135135134,
    "std": 4.228756126614346,
    "p10": 2.0,
    "p90": 12.0,
    "n": 185
  },
  "17": {
    "mean": 5.221978021978022,
    "std": 3.9721628659671597,
    "p10": 1.0,
    "p90": 10.0,
    "n": 182
  },
  "18": {
    "mean": 4.02279792746114,
    "std": 4.972329522550674,
    "p10": 1.0,
    "p90": 9.0,
    "n": 193
  },
  "19": {
    "mean": 3.270103092783505,
    "std": 5.799341841314894,
    "p10": 0.0,
    "p90": 9.0,
    "n": 194
  },
  "20": {
    "mean": 2.250909090909091,
    "std": 4.8468573950074925,
    "p10": 0.0,
    "p90": 5.599999999999994,
    "n": 165
  },
  "21": {
    "mean": 2.5590643274853804,
    "std": 4.395394280843636,
    "p10": 0.0,
    "p90": 7.0,
    "n": 171
  },
  "22": {
    "mean": 4.052694610778443,
    "std": 4.766206523331014,
    "p10": 1.0,
    "p90": 10.0,
    "n": 167
  },
  "23": {
    "mean": 6.3128834355828225,
    "std": 4.633748279304616,
    "p10": 2.680000000000001,
    "p90": 11.0,
    "n": 163
  }
}