{
  "0": {
    "mean": 7.588652482269503,
    "std": 5.08509154572155,
    "p10": 0.0,
    "p90": 14.0,
    "n": 141
  },
  "1": {
    "mean": 9.567375886524824,
    "std": 5.065718062961496,
    "p10": 2.0,
    "p90": 16.0,
    "n": 141
  },
  "2": {
    "mean": 11.149668874172185,
    "std": 5.190001595018193,
    "p10": 4.0,
    "p90": 18.0,
    "n": 151
  },
  "3": {
    "mean": 12.403870967741934,
    "std": 5.253000180119308,
    "p10": 6.0,
    "p90": 20.0,
    "n": 155
  },
  "4": {
    "mean": 13.324324324324325,
    "std": 5.6751232012953245,
    "p10": 6.0,
    "p90": 21.0,
    "n": 148
  },
  "5": {
    "mean": 14.471052631578948,
    "std": 5.701651109520383,
    "p10": 7.0,
    "p90": 22.0,
    "n": 152
  },
  "6": {
    "mean": 15.228947368421053,
    "std": 5.944039605491255,
    "p10": 8.0,
    "p90": 23.0,
    "n": 152
  },
  "7": {
    "mean": 15.82675159235669,
    "std": 5.991408187773004,
    "p10": 8.0,
    "p90": 24.0,
    "n": 157
  },
  "8": {
    "mean": 17.066233766233765,
    "std": 5.947441046687197,
    "p10": 9.3,
    "p90": 25.0,
    "n": 154
  },
  "9": {
    "mean": 17.454545454545453,
    "std": 6.191393067420234,
    "p10": 10.0,
    "p90": 25.599999999999994,
    "n": 165
  },
  "10": {
    "mean": 17.53734939759036,
    "std": 6.76059367741627,
    "p10": 9.899999999999999,
    "p90": 26.0,
    "n": 166
  },
  "11": {
    "mean": 17.17090909090909,
    "std": 6.254569238855415,
    "p10": 10.0,
    "p90": 25.0,
    "n": 165
  },
  "12": {
    "mean": 15.145762711864407,
    "std": 4.269207480499893,
    "p10": 10.0,
    "p90": 20.0,
    "n": 177
  },
  "13": {
    "mean": 12.527586206896553,
    "std": 3.4487222951991963,
    "p10": 7.300000000000001,
    "p90": 17.0,
    "n": 174
  },
  "14": {
    "mean": 9.92486187845304,
    "std": 3.292093323865327,
    "p10": 6.0,
    "p90": 14.0,
    "n": 181
  },
  "15": {
    "mean": 7.446428571428571,
    "std": 2.8710383870678395,
    "p10": 4.0,
    "p90": 12.0,
    "n": 168
  },
  "16": {
    "mean": 5.487179487179487,
    "std": 2.845454052972302,
    "p10": 3.0,
    "p90": 9.0,
    "n": 156
  },
  "17": {
    "mean": 4.168553459119496,
    "std": 3.6597388432243427,
    "p10": 1.0,
    "p90": 7.200000000000017,
    "n": 159
  },
  "18": {
    "mean": 3.0921052631578947,
    "std": 3.641837945047164,
    "p10": 0.0,
    "p90": 7.0,
    "n": 152
  },
  "19": {
    "mean": 2.056578947368421,
    "std": 3.3876611137391834,
    "p10": 0.0,
    "p90": 6.0,
    "n": 152
  },
  "20": {
    "mean": 1.8911564625850341,
    "std": 3.4663336829248226,
    "p10": 0.0,
    "p90": 6.400000000000006,
    "n": 147
  },
  "21": {
    "mean": 1.85,
    "std": 3.262882602500102,
    "p10": 0.0,
    "p90": 5.0,
    "n": 140
  },
  "22": {
    "mean": 3.2041666666666666,
    "std": 3.7055595162770403,
    "p10": 1.0,
    "p90": 9.700000000000017,
    "n": 144
  },
  "23": {
    "mean": 5.219178082191781,
    "std": 3.19804498617284,
    "p10": 2.0,
    "p90": 10.0,
    "n": 146
  }
}