{
  "0": {
    "mean": 8.545454545454545,
    "std": 4.8845362095161375,
    "p10": 1.0,
    "p90": 15.0,
    "n": 143
  },
  "1": {
    "mean": 9.83076923076923,
    "std": 4.911286667265583,
    "p10": 2.200000000000001,
    "p90": 15.799999999999997,
    "n": 143
  },
  "2": {
    "mean": 11.075524475524475,
    "std": 5.209568887886616,
    "p10": 4.0,
    "p90": 17.0,
    "n": 143
  },
  "3": {
    "mean": 12.061643835616438,
    "std": 5.430314149469372,
    "p10": 4.0,
    "p90": 19.5,
    "n": 146
  },
  "4": {
    "mean": 13.295833333333333,
    "std": 5.771692132289289,
    "p10": 4.300000000000001,
    "p90": 21.0,
    "n": 144
  },
  "5": {
    "mean": 13.610526315789475,
    "std": 6.171105044439089,
    "p10": 5.0,
    "p90": 22.0,
    "n": 152
  },
  "6": {
    "mean": 14.547297297297296,
    "std": 6.286552389428299,
    "p10": 5.0,
    "p90": 23.0,
    "n": 148
  },
  "7": {
    "mean": 15.032894736842104,
    "std": 6.494886183136133,
    "p10": 6.0,
    "p90": 23.900000000000006,
    "n": 152
  },
  "8": {
    "mean": 15.376623376623376,
    "std": 6.842005899810721,
    "p10": 5.0,
    "p90": 24.0,
    "n": 154
  },
  "9": {
    "mean": 16.25921052631579,
    "std": 6.764685817319292,
    "p10": 6.100000000000001,
    "p90": 25.0,
    "n": 152
  },
  "10": {
    "mean": 16.641025641025642,
    "std": 6.875209057653087,
    "p10": 6.5,
    "p90": 25.0,
    "n": 156
  },
  "11": {
    "mean": 16.877215189873418,
    "std": 6.811332807594912,
    "p10": 7.0,
    "p90": 25.30000000000001,
    "n": 158
  },
  "12": {
    "mean": 14.373750000000001,
    "std": 5.620184731402905,
    "p10": 6.0,
    "p90": 21.0,
    "n": 160
  },
  "13": {
    "mean": 11.387951807228916,
    "std": 4.509099153203548,
    "p10": 4.5,
    "p90": 16.8,
    "n": 166
  },
  "14": {
    "mean": 8.59268292682927,
    "std": 3.2883426928650534,
    "p10": 3.3000000000000007,
    "p90": 12.0,
    "n": 164
  },
  "15": {
    "mean": 6.0358024691358025,
    "std": 2.5396145177225997,
    "p10": 3.0,
    "p90": 9.0,
    "n": 162
  },
  "16": {
    "mean": 4.014666666666667,
    "std": 2.0431711983730825,
    "p10": 2.0,
    "p90": 6.0,
    "n": 150
  },
  "17": {
    "mean": 2.573972602739726,
    "std": 1.7848811336649775,
    "p10": 1.0,
    "p90": 4.0,
    "n": 146
  },
  "18": {
    "mean": 1.4389261744966442,
    "std": 1.5029121015726477,
    "p10": 0.0,
    "p90": 3.0,
    "n": 149
  },
  "19": {
    "mean": 0.8391891891891892,
    "std": 1.5027700108335154,
    "p10": 0.0,
    "p90": 2.0,
    "n": 148
  },
  "20": {
    "mean": 1.2506666666666666,
    "std": 1.6882041078079637,
    "p10": 0.0,
    "p90": 3.0,
    "n": 150
  },
  "21": {
    "mean": 2.397333333333333,
    "std": 1.9567109325033356,
    "p10": 1.0,
    "p90": 5.0,
    "n": 150
  },
  "22": {
    "mean": 4.888275862068965,
    "std": 2.405765743429841,
    "p10": 2.0,
    "p90": 8.0,
    "n": 145
  },
  "23": {
    "mean": 7.406944444444444,
    "std": 2.84424711430664,
    "p10": 4.0,
    "p90": 10.700000000000017,
    "n": 144
  }
}