{
  "0": {
    "mean": 8.494897959183673,
    "std": 3.7580374706167956,
    "p10": 4.0,
    "p90": 13.0,
    "n": 196
  },
  "1": {
    "mean": 9.700000000000001,
    "std": 3.4111749127997353,
    "p10": 5.0,
    "p90": 13.0,
    "n": 176
  },
  "2": {
    "mean": 10.92542372881356,
    "std": 3.212878553235843,
    "p10": 7.0,
    "p90": 14.0,
    "n": 177
  },
  "3": {
    "mean": 12.06060606060606,
    "std": 3.0831108966728,
    "p10": 8.0,
    "p90": 15.0,
    "n": 165
  },
  "4": {
    "mean": 12.872727272727273,
    "std": 3.100361183450927,
    "p10": 9.0,
    "p90": 17.0,
    "n": 165
  },
  "5": {
    "mean": 13.573863636363637,
    "std": 3.089965115593445,
    "p10": 9.0,
    "p90": 17.0,
    "n": 176
  },
  "6": {
    "mean": 14.19397590361446,
    "std": 2.934304910623086,
    "p10": 10.0,
    "p90": 18.0,
    "n": 166
  },
  "7": {
    "mean": 14.44367816091954,
    "std": 3.1122989718278244,
    "p10": 10.0,
    "p90": 18.0,
    "n": 174
  },
  "8": {
    "mean": 15.087058823529413,
    "std": 3.00822494733978,
    "p10": 11.0,
    "p90": 19.0,
    "n": 170
  },
  "9": {
    "mean": 15.432768361581921,
    "std": 3.0410916321868635,
    "p10": 11.0,
    "p90": 19.0,
    "n": 177
  },
  "10": {
    "mean": 15.730337078651685,
    "std": 3.112373864460489,
    "p10": 12.0,
    "p90": 19.180000000000007,
    "n": 178
  },
  "11": {
    "mean": 14.54915254237288,
    "std": 2.768637641760173,
    "p10": 11.0,
    "p90": 18.0,
    "n": 177
  },
  "12": {
    "mean": 12.252459016393441,
    "std": 2.5182153909424123,
    "p10": 9.0,
    "p90": 15.0,
    "n": 183
  },
  "13": {
    "mean": 10.12659574468085,
    "std": 2.712919201720172,
    "p10": 7.0,
    "p90": 13.300000000000011,
    "n": 188
  },
  "14": {
    "mean": 7.614814814814815,
    "std": 2.7095953597163502,
    "p10": 4.800000000000001,
    "p90": 11.0,
    "n": 189
  },
  "15": {
    "mean": 5.428571428571429,
    "std": 2.267279932492331,
    "p10": 3.0,
    "p90": 9.0,
    "n": 175
  },
  "16": {
    "mean": 3.731791907514451,
    "std": 2.1185162980923624,
    "p10": 1.0,
    "p90": 6.0,
    "n": 173
  },
  "17": {
    "mean": 2.72247191011236,
    "std": 2.166319110359105,
    "p10": 0.0,
    "p90": 5.0,
    "n": 178
  },
  "18": {
    "mean": 2.0742857142857143,
    "std": 2.2593284091576713,
    "p10": 0.0,
    "p90": 5.0,
    "n": 175
  },
  "19": {
    "mean": 2.373544973544974,
    "std": 3.083921692361136,
    "p10": 0.0,
    "p90": 7.0,
    "n": 189
  },
  "20": {
    "mean": 3.1979057591623032,
    "std": 4.163398891280299,
    "p10": 0.0,
    "p90": 10.0,
    "n": 191
  },
  "21": {
    "mean": 3.83953488372093,
    "std": 4.5886531568748605,
    "p10": 0.0,
    "p90": 11.0,
    "n": 172
  },
  "22": {
    "mean": 4.981215469613259,
    "std": 4.489281143021976,
    "p10": 1.0,
    "p90": 12.0,
    "n": 181
  },
  "23": {
    "mean": 6.562711864406779,
    "std": 4.296902887218652,
    "p10": 2.0,
    "p90": 12.400000000000006,
    "n": 177
  }
}