{
  "0": {
    "mean": 8.394011976047905,
    "std": 3.9504414973458477,
    "p10": 4.0,
    "p90": 14.0,
    "n": 167
  },
  "1": {
    "mean": 9.609815950920247,
    "std": 3.8775583306885473,
    "p10": 5.0,
    "p90": 14.0,
    "n": 163
  },
  "2": {
    "mean": 10.603896103896103,
    "std": 3.7381251306507948,
    "p10": 6.0,
    "p90": 15.0,
    "n": 154
  },
  "3": {
    "mean": 11.536000000000001,
    "std": 3.7138102505622466,
    "p10": 7.0,
    "p90": 16.0,
    "n": 150
  },
  "4": {
    "mean": 12.238961038961039,
    "std": 3.5913532994329485,
    "p10": 7.300000000000001,
    "p90": 16.82000000000001,
    "n": 154
  },
  "5": {
    "mean": 12.841772151898734,
    "std": 3.796616247218871,
    "p10": 7.700000000000001,
    "p90": 17.0,
    "n": 158
  },
  "6": {
    "mean": 13.338271604938273,
    "std": 3.903703223536541,
    "p10": 8.0,
    "p90": 18.0,
    "n": 162
  },
  "7": {
    "mean": 13.924260355029585,
    "std": 4.058435169748294,
    "p10": 8.8,
    "p90": 19.0,
    "n": 169
  },
  "8": {
    "mean": 14.1,
    "std": 4.127981821438734,
    "p10": 8.0,
    "p90": 19.0,
    "n": 172
  },
  "9": {
    "mean": 14.37529411764706,
    "std": 4.261188707734473,
    "p10": 9.0,
    "p90": 19.099999999999994,
    "n": 170
  },
  "10": {
    "mean": 14.734463276836157,
    "std": 4.357986251758801,
    "p10": 9.0,
    "p90": 20.0,
    "n": 177
  },
  "11": {
    "mean": 14.311458333333334,
    "std": 3.890688839040443,
    "p10": 9.0,
    "p90": 18.0,
    "n": 192
  },
  "12": {
    "mean": 12.396721311475412,
    "std": 3.436550494467798,
    "p10": 8.0,
    "p90": 16.0,
    "n": 183
  },
  "13": {
    "mean": 10.13956043956044,
    "std": 3.059569865441913,
    "p10": 6.0,
    "p90": 13.96,
    "n": 182
  },
  "14": {
    "mean": 7.884916201117318,
    "std": 3.0091893657604394,
    "p10": 4.0,
    "p90": 11.200000000000017,
    "n": 179
  },
  "15": {
    "mean": 5.906586826347305,
    "std": 2.572026010393103,
    "p10": 3.0,
    "p90": 9.0,
    "n": 167
  },
  "16": {
    "mean": 4.037349397590361,
    "std": 2.0568414056729174,
    "p10": 2.0,
    "p90": 6.5,
    "n": 166
  },
  "17": {
    "mean": 2.5469135802469136,
    "std": 1.4939701926693918,
    "p10": 0.0,
    "p90": 4.0,
    "n": 162
  },
  "18": {
    "mean": 2.3034883720930233,
    "std": 3.4724293423877914,
    "p10": 0.0,
    "p90": 5.900000000000006,
    "n": 172
  },
  "19": {
    "mean": 2.9473118279569896,
    "std": 4.284228560230155,
    "p10": 0.0,
    "p90": 9.0,
    "n": 186
  },
  "20": {
    "mean": 3.2988636363636363,
    "std": 4.839456742077721,
    "p10": 0.0,
    "p90": 11.5,
    "n": 176
  },
  "21": {
    "mean": 3.846060606060606,
    "std": 5.08913832576238,
    "p10": 0.0,
    "p90": 12.759999999999998,
    "n": 165
  },
  "22": {
    "mean": 5.494610778443114,
    "std": 5.424123464638519,
    "p10": 1.0,
    "p90": 14.400000000000006,
    "n": 167
  },
  "23": {
    "mean": 6.63699421965318,
    "std": 4.796754739304082,
    "p10": 2.1199999999999983,
    "p90": 13.0,
    "n": 173
  }
}