{
  "0": {
    "mean": 8.601290322580645,
    "std": 6.299020611326711,
    "p10": 0.0,
    "p90": 17.0,
    "n": 155
  },
  "1": {
    "mean": 10.245637583892616,
    "std": 6.392230114814397,
    "p10": 1.0,
    "p90": 18.0,
    "n": 149
  },
  "2": {
    "mean": 11.154966887417219,
    "std": 6.547922711229075,
    "p10": 2.0,
    "p90": 20.0,
    "n": 151
  },
  "3": {
    "mean": 12.093959731543624,
    "std": 6.67470242466486,
    "p10": 3.0,
    "p90": 21.0,
    "n": 149
  },
  "4": {
    "mean": 12.745454545454546,
    "std": 6.777867585585034,
    "p10": 4.0,
    "p90": 22.0,
    "n": 154
  },
  "5": {
    "mean": 13.83483870967742,
    "std": 6.790640938595812,
    "p10": 4.640000000000003,
    "p90": 23.0,
    "n": 155
  },
  "6": {
    "mean": 14.19122807017544,
    "std": 6.9621484353548,
    "p10": 5.0,
    "p90": 24.0,
    "n": 171
  },
  "7": {
    "mean": 14.933757961783439,
    "std": 7.433539328008021,
    "p10": 4.240000000000004,
    "p90": 24.400000000000006,
    "n": 157
  },
  "8": {
    "mean": 15.4603550295858,
    "std": 7.388731920770529,
    "p10": 5.0,
    "p90": 25.200000000000017,
    "n": 169
  },
  "9": {
    "mean": 15.10225988700565,
    "std": 7.642933120345554,
    "p10": 5.0,
    "p90": 26.0,
    "n": 177
  },
  "10": {
    "mean": 15.870285714285716,
    "std": 7.496545367476532,
    "p10": 6.0,
    "p90": 27.0,
    "n": 175
  },
  "11": {
    "mean": 16.740625,
    "std": 7.673537775814707,
    "p10": 6.0,
    "p90": 27.0,
    "n": 160
  },
  "12": {
    "mean": 16.170165745856355,
    "std": 7.313647400969578,
    "p10": 6.0,
    "p90": 26.0,
    "n": 181
  },
  "13": {
    "mean": 13.957219251336898,
    "std": 5.985061041186143,
    "p10": 5.240000000000004,
    "p90": 21.0,
    "n": 187
  },
  "14": {
    "mean": 12.27431693989071,
    "std": 5.153100682720059,
    "p10": 5.0,
    "p90": 19.0,
    "n": 183
  },
  "15": {
    "mean": 9.813259668508287,
    "std": 4.637077729679174,
    "p10": 4.0,
    "p90": 16.0,
    "n": 181
  },
  "16": {
    "mean": 7.656470588235294,
    "std": 4.665381687076852,
    "p10": 3.0,
    "p90": 14.0,
    "n": 170
  },
  "17": {
    "mean": 5.29875,
    "std": 4.364695231675267,
    "p10": 1.9000000000000004,
    "p90": 10.0,
    "n": 160
  },
  "18": {
    "mean": 3.926797385620915,
    "std": 4.41503124111179,
    "p10": 1.0,
    "p90": 9.0,
    "n": 153
  },
  "19": {
    "mean": 2.4716216216216216,
    "std": 4.294911409927001,
    "p10": 0.0,
    "p90": 6.580000000000011,
    "n": 148
  },
  "20": {
    "mean": 2.485897435897436,
    "std": 4.756366853074486,
    "p10": 0.0,
    "p90": 8.0,
    "n": 156
  },
  "21": {
    "mean": 2.8603773584905663,
    "std": 4.916196673254334,
    "p10": 0.0,
    "p90": 9.200000000000017,
    "n": 159
  },
  "22": {
    "mean": 4.2717241379310344,
    "std": 5.1302845850275824,
    "p10": 1.0,
    "p90": 8.0,
    "n": 145
  },
  "23": {
    "mean": 6.86530612244898,
    "std": 5.347700223425002,
    "p10": 2.839999999999998,
    "p90": 12.0,
    "n": 147
  }
}