{
  "0": {
    "mean": 7.2921875,
    "std": 3.820203428128334,
    "p10": 1.0,
    "p90": 11.299999999999997,
    "n": 128
  },
  "1": {
    "mean": 8.250359712230216,
    "std": 4.031405230256448,
    "p10": 2.8000000000000007,
    "p90": 13.0,
    "n": 139
  },
  "2": {
    "mean": 9.526153846153846,
    "std": 4.160511183674573,
    "p10": 4.0,
    "p90": 15.0,
    "n": 130
  },
  "3": {
    "mean": 10.606106870229008,
    "std": 4.593503032715643,
    "p10": 5.0,
    "p90": 16.0,
    "n": 131
  },
  "4": {
    "mean": 11.41654135338346,
    "std": 4.643408173130172,
    "p10": 5.0,
    "p90": 17.0,
    "n": 133
  },
  "5": {
    "mean": 11.884137931034482,
    "std": 4.873435302485257,
    "p10": 6.0,
    "p90": 18.0,
    "n": 145
  },
  "6": {
    "mean": 12.326174496644295,
    "std": 5.312064239338477,
    "p10": 5.0,
    "p90": 19.0,
    "n": 149
  },
  "7": {
    "mean": 13.175886524822696,
    "std": 5.531751217280886,
    "p10": 5.0,
    "p90": 19.0,
    "n": 141
  },
  "8": {
    "mean": 13.462857142857144,
    "std": 5.696753371197561,
    "p10": 5.0,
    "p90": 20.0,
    "n": 140
  },
  "9": {
    "mean": 13.821917808219178,
    "std": 5.483272281889333,
    "p10": 6.299999999999997,
    "p90": 21.0,
    "n": 146
  },
  "10": {
    "mean": 14.03013698630137,
    "std": 5.641831077951537,
    "p10": 5.5,
    "p90": 21.0,
    "n": 146
  },
  "11": {
    "mean": 14.23404255319149,
    "std": 5.221108664248482,
    "p10": 6.0,
    "p90": 20.0,
    "n": 141
  },
  "12": {
    "mean": 11.869444444444445,
    "std": 4.085883557377088,
    "p10": 6.300000000000001,
    "p90": 17.0,
    "n": 144
  },
  "13": {
    "mean": 9.691612903225806,
    "std": 3.195551998709426,
    "p10": 5.0,
    "p90": 14.0,
    "n": 155
  },
  "14": {
    "mean": 6.957142857142857,
    "std": 2.6435235236292702,
    "p10": 3.3000000000000007,
    "p90": 10.0,
    "n": 154
  },
  "15": {
    "mean": 4.8389261744966445,
    "std": 2.0869838384161645,
    "p10": 3.0,
    "p90": 8.0,
    "n": 149
  },
  "16": {
    "mean": 3.681944444444445,
    "std": 2.127464519940411,
    "p10": 1.0,
    "p90": 6.0,
    "n": 144
  },
  "17": {
    "mean": 2.4014492753623187,
    "std": 1.7964273347233044,
    "p10": 0.0,
    "p90": 5.0,
    "n": 138
  },
  "18": {
    "mean": 2.0159420289855077,
    "std": 2.763480466474412,
    "p10": 0.0,
    "p90": 4.0,
    "n": 138
  },
  "19": {
    "mean": 1.6027777777777779,
    "std": 2.834550677740222,
    "p10": 0.0,
    "p90": 4.0,
    "n": 144
  },
  "20": {
    "mean": 1.6285714285714286,
    "std": 2.9776076279703445,
    "p10": 0.0,
    "p90": 4.0,
    "n": 133
  },
  "21": {
    "mean": 2.2195488721804515,
    "std": 2.590292444195646,
    "p10": 0.0,
    "p90": 5.0,
    "n": 133
  },
  "22": {
    "mean": 3.6872180451127816,
    "std": 2.7302295811401125,
    "p10": 1.200000000000001,
    "p90": 6.0,
    "n": 133
  },
  "23": {
    "mean": 5.730708661417323,
    "std": 2.5667443343543703,
    "p10": 3.0,
    "p90": 8.0,
    "n": 127
  }
}