{
  "0": {
    "mean": 8.798709677419355,
    "std": 5.973295410785919,
    "p10": 0.0,
    "p90": 17.0,
    "n": 155
  },
  "1": {
    "mean": 9.973333333333333,
    "std": 6.1990978632115015,
    "p10": 1.0,
    "p90": 18.0,
    "n": 150
  },
  "2": {
    "mean": 11.268456375838927,
    "std": 6.254329173615304,
    "p10": 2.0,
    "p90": 19.200000000000017,
    "n": 149
  },
  "3": {
    "mean": 12.045751633986928,
    "std": 6.525597239536421,
    "p10": 3.0,
    "p90": 20.80000000000001,
    "n": 153
  },
  "4": {
    "mean": 12.546583850931677,
    "std": 6.592334858150606,
    "p10": 3.0,
    "p90": 21.0,
    "n": 161
  },
  "5": {
    "mean": 13.28888888888889,
    "std": 6.7294107427098995,
    "p10": 4.0,
    "p90": 22.900000000000006,
    "n": 162
  },
  "6": {
    "mean": 13.679166666666665,
    "std": 6.882485400596296,
    "p10": 4.699999999999999,
    "p90": 23.30000000000001,
    "n": 168
  },
  "7": {
    "mean": 14.081286549707603,
    "std": 7.306773697362268,
    "p10": 4.0,
    "p90": 24.0,
    "n": 171
  },
  "8": {
    "mean": 15.159615384615382,
    "std": 7.204405272816598,
    "p10": 5.5,
    "p90": 25.0,
    "n": 156
  },
  "9": {
    "mean": 14.882485875706214,
    "std": 7.612443351862183,
    "p10": 4.600000000000001,
    "p90": 25.400000000000006,
    "n": 177
  },
  "10": {
    "mean": 14.687570621468925,
    "std": 7.685794398880264,
    "p10": 4.0,
    "p90": 25.0,
    "n": 177
  },
  "11": {
    "mean": 15.774853801169591,
    "std": 7.311530728660534,
    "p10": 6.0,
    "p90": 26.0,
    "n": 171
  },
  "12": {
    "mean": 14.858682634730537,
    "std": 6.909372415042979,
    "p10": 5.0,
    "p90": 24.0,
    "n": 167
  },
  "13": {
    "mean": 12.32872340425532,
    "std": 5.109519737164742,
    "p10": 4.0,
    "p90": 18.30000000000001,
    "n": 188
  },
  "14": {
    "mean": 9.146739130434783,
    "std": 3.471915459641492,
    "p10": 4.12,
    "p90": 14.0,
    "n": 184
  },
  "15": {
    "mean": 6.701075268817204,
    "std": 2.578098801858031,
    "p10": 3.0,
    "p90": 10.0,
    "n": 186
  },
  "16": {
    "mean": 4.339644970414201,
    "std": 2.3032900623453734,
    "p10": 2.0,
    "p90": 7.0,
    "n": 169
  },
  "17": {
    "mean": 2.6615384615384614,
    "std": 1.9713423031504378,
    "p10": 1.0,
    "p90": 5.0,
    "n": 169
  },
  "18": {
    "mean": 1.6760736196319017,
    "std": 2.072060892016859,
    "p10": 0.0,
    "p90": 4.0,
    "n": 163
  },
  "19": {
    "mean": 1.2825,
    "std": 2.1993009180878107,
    "p10": 0.0,
    "p90": 3.279999999999998,
    "n": 160
  },
  "20": {
    "mean": 1.7662790697674415,
    "std": 2.8487038384310024,
    "p10": 0.0,
    "p90": 6.0,
    "n": 172
  },
  "21": {
    "mean": 3.1905325443786987,
    "std": 3.024960499615188,
    "p10": 1.0,
    "p90": 7.0,
    "n": 169
  },
  "22": {
    "mean": 5.938461538461539,
    "std": 2.9784269833731645,
    "p10": 3.0,
    "p90": 9.0,
    "n": 156
  },
  "23": {
    "mean": 7.819354838709677,
    "std": 3.5373167755623025,
    "p10": 4.0,
    "p90": 12.0,
    "n": 155
  }
}