{
  "0": {
    "mean": 10.782051282051283,
    "std": 6.232376310427075,
    "p10": 2.0,
    "p90": 18.0,
    "n": 156
  },
  "1": {
    "mean": 13.464516129032258,
    "std": 6.874834042251812,
    "p10": 3.4000000000000004,
    "p90": 22.0,
    "n": 155
  },
  "2": {
    "mean": 15.083544303797467,
    "std": 7.215666437340858,
    "p10": 5.0,
    "p90": 25.0,
    "n": 158
  },
  "3": {
    "mean": 16.76050955414013,
    "std": 7.330457693425455,
    "p10": 6.600000000000001,
    "p90": 26.0,
    "n": 157
  },
  "4": {
    "mean": 17.689285714285717,
    "std": 7.389189673952009,
    "p10": 7.0,
    "p90": 27.0,
    "n": 168
  },
  "5": {
    "mean": 19.82716049382716,
    "std": 7.317621246484475,
    "p10": 10.0,
    "p90": 29.0,
    "n": 162
  },
  "6": {
    "mean": 20.93253012048193,
    "std": 7.909137154544121,
    "p10": 10.0,
    "p90": 31.5,
    "n": 166
  },
  "7": {
    "mean": 21.80473372781065,
    "std": 8.148501254619415,
    "p10": 10.8,
    "p90": 31.200000000000017,
    "n": 169
  },
  "8": {
    "mean": 22.003370786516854,
    "std": 8.486226120681978,
    "p10": 11.0,
    "p90": 32.30000000000001,
    "n": 178
  },
  "9": {
    "mean": 22.662921348314608,
    "std": 8.546243527021534,
    "p10": 11.0,
    "p90": 33.0,
    "n": 178
  },
  "10": {
    "mean": 23.074860335195527,
    "std": 8.603839250005473,
    "p10": 11.0,
    "p90": 34.0,
    "n": 179
  },
  "11": {
    "mean": 23.736470588235292,
    "std": 8.788276847866772,
    "p10": 13.0,
    "p90": 35.0,
    "n": 170
  },
  "12": {
    "mean": 23.415300546448087,
    "std": 8.497070328496598,
    "p10": 13.0,
    "p90": 33.80000000000001,
    "n": 183
  },
  "13": {
    "mean": 17.982658959537574,
    "std": 6.179931877060478,
    "p10": 9.0,
    "p90": 25.80000000000001,
    "n": 173
  },
  "14": {
    "mean": 13.98111111111111,
    "std": 3.985936014209593,
    "p10": 9.0,
    "p90": 18.0,
    "n": 180
  },
  "15": {
    "mean": 10.265536723163843,
    "std": 3.1966955363839267,
    "p10": 6.600000000000001,
    "p90": 14.400000000000006,
    "n": 177
  },
  "16": {
    "mean": 7.144378698224853,
    "std": 3.050602165150307,
    "p10": 4.0,
    "p90": 10.0,
    "n": 169
  },
  "17": {
    "mean": 4.7784810126582276,
    "std": 3.063288723801539,
    "p10": 2.0,
    "p90": 7.300000000000011,
    "n": 158
  },
  "18": {
    "mean": 3.2641509433962264,
    "std": 3.6586170697611737,
    "p10": 1.0,
    "p90": 5.0,
    "n": 159
  },
  "19": {
    "mean": 1.9937888198757765,
    "std": 2.749220103979349,
    "p10": 0.0,
    "p90": 4.0,
    "n": 161
  },
  "20": {
    "mean": 1.0986842105263157,
    "std": 2.7180044014141425,
    "p10": 0.0,
    "p90": 3.0,
    "n": 152
  },
  "21": {
    "mean": 1.3289473684210527,
    "std": 2.834920174284027,
    "p10": 0.0,
    "p90": 3.0,
    "n": 152
  },
  "22": {
    "mean": 2.93125,
    "std": 3.174429825493255,
    "p10": 1.0,
    "p90": 5.099999999999994,
    "n": 160
  },
  "23": {
    "mean": 6.6075949367088604,
    "std": 3.4007032675403406,
    "p10": 4.0,
    "p90": 11.0,
    "n": 158
  }
}