{
  "0": {
    "mean": 7.5851851851851855,
    "std": 4.376642864566173,
    "p10": 3.0,
    "p90": 13.0,
    "n": 135
  },
  "1": {
    "mean": 10.826153846153847,
    "std": 3.887996910511617,
    "p10": 6.0,
    "p90": 16.0,
    "n": 130
  },
  "2": {
    "mean": 13.232,
    "std": 3.7996943849939875,
    "p10": 8.0,
    "p90": 18.0,
    "n": 125
  },
  "3": {
    "mean": 15.30952380952381,
    "std": 3.7788131167641197,
    "p10": 11.0,
    "p90": 20.0,
    "n": 126
  },
  "4": {
    "mean": 17.0,
    "std": 3.8614206071977004,
    "p10": 12.0,
    "p90": 21.0,
    "n": 124
  },
  "5": {
    "mean": 18.24,
    "std": 3.8193057974183664,
    "p10": 14.0,
    "p90": 22.60000000000001,
    "n": 125
  },
  "6": {
    "mean": 19.458015267175572,
    "std": 4.012019522125855,
    "p10": 15.0,
    "p90": 24.0,
    "n": 131
  },
  "7": {
    "mean": 20.885271317829456,
    "std": 3.952592123673277,
    "p10": 16.0,
    "p90": 25.0,
    "n": 129
  },
  "8": {
    "mean": 21.73283582089552,
    "std": 4.3192831506221685,
    "p10": 17.0,
    "p90": 26.0,
    "n": 134
  },
  "9": {
    "mean": 22.493525179856114,
    "std": 4.469237989601216,
    "p10": 17.0,
    "p90": 28.0,
    "n": 139
  },
  "10": {
    "mean": 23.052857142857142,
    "std": 4.58396396047742,
    "p10": 18.0,
    "p90": 28.46000000000001,
    "n": 140
  },
  "11": {
    "mean": 23.36783216783217,
    "std": 4.751139246606869,
    "p10": 18.0,
    "p90": 29.0,
    "n": 143
  },
  "12": {
    "mean": 21.115436241610738,
    "std": 4.591012442544302,
    "p10": 15.0,
    "p90": 26.0,
    "n": 149
  },
  "13": {
    "mean": 17.433548387096774,
    "std": 3.620921842504558,
    "p10": 14.0,
    "p90": 22.0,
    "n": 155
  },
  "14": {
    "mean": 13.65986394557823,
    "std": 3.3423324614305305,
    "p10": 10.0,
    "p90": 18.0,
    "n": 147
  },
  "15": {
    "mean": 10.0625,
    "std": 3.127184551123137,
    "p10": 7.0,
    "p90": 13.0,
    "n": 144
  },
  "16": {
    "mean": 7.331782945736434,
    "std": 2.3392702019047267,
    "p10": 4.0,
    "p90": 10.0,
    "n": 129
  },
  "17": {
    "mean": 5.16,
    "std": 2.0533214634484453,
    "p10": 3.0,
    "p90": 7.0,
    "n": 125
  },
  "18": {
    "mean": 3.59375,
    "std": 2.3086195895921913,
    "p10": 1.0,
    "p90": 6.0,
    "n": 128
  },
  "19": {
    "mean": 2.3622047244094486,
    "std": 2.9430285970127184,
    "p10": 0.0,
    "p90": 4.0,
    "n": 127
  },
  "20": {
    "mean": 2.446969696969697,
    "std": 4.525271522264687,
    "p10": 0.0,
    "p90": 7.800000000000011,
    "n": 132
  },
  "21": {
    "mean": 2.906474820143885,
    "std": 5.545453923908076,
    "p10": 0.0,
    "p90": 12.200000000000003,
    "n": 139
  },
  "22": {
    "mean": 3.0,
    "std": 4.516635916254486,
    "p10": 0.0,
    "p90": 8.0,
    "n": 136
  },
  "23": {
    "mean": 5.131386861313868,
    "std": 5.121778066499288,
    "p10": 1.0,
    "p90": 13.0,
    "n": 137
  }
}