{
  "0": {
    "mean": 7.601226993865031,
    "std": 4.365323340591029,
    "p10": 2.1999999999999993,
    "p90": 13.0,
    "n": 163
  },
  "1": {
    "mean": 10.813836477987422,
    "std": 3.864353123318173,
    "p10": 6.0,
    "p90": 16.0,
    "n": 159
  },
  "2": {
    "mean": 12.96078431372549,
    "std": 3.7449656609717517,
    "p10": 8.0,
    "p90": 18.0,
    "n": 153
  },
  "3": {
    "mean": 14.88888888888889,
    "std": 3.7514129891555092,
    "p10": 10.200000000000001,
    "p90": 20.0,
    "n": 153
  },
  "4": {
    "mean": 16.405194805194807,
    "std": 3.9948298647223304,
    "p10": 12.0,
    "p90": 21.0,
    "n": 154
  },
  "5": {
    "mean": 17.548717948717947,
    "std": 4.031160677801917,
    "p10": 13.0,
    "p90": 22.0,
    "n": 156
  },
  "6": {
    "mean": 18.76073619631902,
    "std": 4.186743269864516,
    "p10": 14.0,
    "p90": 23.80000000000001,
    "n": 163
  },
  "7": {
    "mean": 20.0325,
    "std": 4.232006675697082,
    "p10": 14.9,
    "p90": 25.0,
    "n": 160
  },
  "8": {
    "mean": 20.892771084337348,
    "std": 4.522892159522929,
    "p10": 15.0,
    "p90": 26.0,
    "n": 166
  },
  "9": {
    "mean": 21.656000000000002,
    "std": 4.710840518506712,
    "p10": 15.0,
    "p90": 26.599999999999994,
    "n": 175
  },
  "10": {
    "mean": 22.080446927374304,
    "std": 4.78985442546131,
    "p10": 16.0,
    "p90": 28.0,
    "n": 179
  },
  "11": {
    "mean": 22.33846153846154,
    "std": 4.976247876053493,
    "p10": 16.0,
    "p90": 28.0,
    "n": 182
  },
  "12": {
    "mean": 20.25934065934066,
    "std": 4.767291365773962,
    "p10": 15.0,
    "p90": 26.0,
    "n": 182
  },
  "13": {
    "mean": 16.697938144329896,
    "std": 3.7567067316542913,
    "p10": 12.0,
    "p90": 22.0,
    "n": 194
  },
  "14": {
    "mean": 13.080645161290322,
    "std": 3.33676516160175,
    "p10": 10.0,
    "p90": 17.0,
    "n": 186
  },
  "15": {
    "mean": 9.602150537634408,
    "std": 3.0655532896706443,
    "p10": 6.0,
    "p90": 13.0,
    "n": 186
  },
  "16": {
    "mean": 6.898113207547169,
    "std": 2.426109864723884,
    "p10": 4.0,
    "p90": 10.0,
    "n": 159
  },
  "17": {
    "mean": 4.961290322580645,
    "std": 2.0823434319084444,
    "p10": 2.0,
    "p90": 7.0,
    "n": 155
  },
  "18": {
    "mean": 3.808805031446541,
    "std": 3.0209685689622887,
    "p10": 1.0,
    "p90": 6.200000000000017,
    "n": 159
  },
  "19": {
    "mean": 2.607594936708861,
    "std": 3.665705140737274,
    "p10": 0.0,
    "p90": 5.0,
    "n": 158
  },
  "20": {
    "mean": 2.248447204968944,
    "std": 4.307016159565432,
    "p10": 0.0,
    "p90": 6.0,
    "n": 161
  },
  "21": {
    "mean": 2.834319526627219,
    "std": 5.337067673327366,
    "p10": 0.0,
    "p90": 12.0,
    "n": 169
  },
  "22": {
    "mean": 3.0833333333333335,
    "std": 4.45928576578337,
    "p10": 0.0,
    "p90": 8.300000000000011,
    "n": 168
  },
  "23": {
    "mean": 5.066666666666666,
    "std": 5.009908880595525,
    "p10": 1.0,
    "p90": 13.0,
    "n": 165
  }
}