{
  "0": {
    "mean": 6.725333333333333,
    "std": 4.515836216447711,
    "p10": 2.9000000000000004,
    "p90": 13.0,
    "n": 150
  },
  "1": {
    "mean": 9.782312925170068,
    "std": 3.677992690337253,
    "p10": 6.0,
    "p90": 15.0,
    "n": 147
  },
  "2": {
    "mean": 12.396103896103897,
    "std": 3.5247376598598636,
    "p10": 9.0,
    "p90": 17.0,
    "n": 154
  },
  "3": {
    "mean": 14.019875776397514,
    "std": 3.06326663620261,
    "p10": 11.0,
    "p90": 18.0,
    "n": 161
  },
  "4": {
    "mean": 15.418987341772151,
    "std": 3.2797225278537416,
    "p10": 12.0,
    "p90": 19.30000000000001,
    "n": 158
  },
  "5": {
    "mean": 16.411627906976744,
    "std": 3.373353394457067,
    "p10": 13.0,
    "p90": 20.0,
    "n": 172
  },
  "6": {
    "mean": 17.40823529411765,
    "std": 3.678394033569892,
    "p10": 13.0,
    "p90": 22.0,
    "n": 170
  },
  "7": {
    "mean": 18.247191011235955,
    "std": 3.8122043058476356,
    "p10": 13.0,
    "p90": 23.0,
    "n": 178
  },
  "8": {
    "mean": 18.973099415204675,
    "std": 4.162858362817791,
    "p10": 13.0,
    "p90": 24.0,
    "n": 171
  },
  "9": {
    "mean": 19.209944751381215,
    "std": 4.167934540064655,
    "p10": 14.0,
    "p90": 25.0,
    "n": 181
  },
  "10": {
    "mean": 19.722471910112358,
    "std": 4.394610279064141,
    "p10": 14.0,
    "p90": 26.0,
    "n": 178
  },
  "11": {
    "mean": 19.879347826086956,
    "std": 4.52113526154873,
    "p10": 14.0,
    "p90": 26.0,
    "n": 184
  },
  "12": {
    "mean": 17.500523560209423,
    "std": 3.538472721122236,
    "p10": 13.0,
    "p90": 22.0,
    "n": 191
  },
  "13": {
    "mean": 14.487700534759357,
    "std": 2.866193113452381,
    "p10": 11.0,
    "p90": 19.0,
    "n": 187
  },
  "14": {
    "mean": 12.120634920634922,
    "std": 2.7965494732676595,
    "p10": 9.0,
    "p90": 16.0,
    "n": 189
  },
  "15": {
    "mean": 9.385393258426966,
    "std": 2.664605865929377,
    "p10": 6.0,
    "p90": 13.0,
    "n": 178
  },
  "16": {
    "mean": 6.954601226993865,
    "std": 2.6293970217567315,
    "p10": 4.0,
    "p90": 10.0,
    "n": 163
  },
  "17": {
    "mean": 4.744370860927152,
    "std": 2.385082409801651,
    "p10": 3.0,
    "p90": 8.0,
    "n": 151
  },
  "18": {
    "mean": 3.1867549668874173,
    "std": 2.290812825081634,
    "p10": 1.0,
    "p90": 6.0,
    "n": 151
  },
  "19": {
    "mean": 2.4012738853503186,
    "std": 2.8416767184079648,
    "p10": 0.0,
    "p90": 4.400000000000006,
    "n": 157
  },
  "20": {
    "mean": 2.272727272727273,
    "std": 4.675443745005963,
    "p10": 0.0,
    "p90": 7.700000000000017,
    "n": 154
  },
  "21": {
    "mean": 2.3594771241830066,
    "std": 4.9651607000613565,
    "p10": 0.0,
    "p90": 8.0,
    "n": 153
  },
  "22": {
    "mean": 3.1148387096774193,
    "std": 5.2013958359893815,
    "p10": 0.0,
    "p90": 11.079999999999988,
    "n": 155
  },
  "23": {
    "mean": 3.9726027397260273,
    "std": 4.130534248620499,
    "p10": 1.0,
    "p90": 8.0,
    "n": 146
  }
}