{
  "0": {
    "mean": 8.8130081300813,
    "std": 3.945010531050243,
    "p10": 4.0,
    "p90": 14.0,
    "n": 123
  },
  "1": {
    "mean": 11.950819672131148,
    "std": 4.8153550181356515,
    "p10": 6.100000000000001,
    "p90": 18.900000000000006,
    "n": 122
  },
  "2": {
    "mean": 14.146341463414634,
    "std": 4.773016585459344,
    "p10": 9.0,
    "p90": 20.0,
    "n": 123
  },
  "3": {
    "mean": 16.115447154471546,
    "std": 5.058348601777315,
    "p10": 10.200000000000001,
    "p90": 22.799999999999997,
    "n": 123
  },
  "4": {
    "mean": 18.083333333333332,
    "std": 5.35242556078583,
    "p10": 11.0,
    "p90": 26.0,
    "n": 120
  },
  "5": {
    "mean": 19.590243902439024,
    "std": 5.337086677422344,
    "p10": 12.200000000000001,
    "p90": 27.0,
    "n": 123
  },
  "6": {
    "mean": 20.746031746031747,
    "std": 5.542470940562898,
    "p10": 13.0,
    "p90": 28.0,
    "n": 126
  },
  "7": {
    "mean": 21.8640625,
    "std": 6.1495244598812,
    "p10": 13.0,
    "p90": 30.0,
    "n": 128
  },
  "8": {
    "mean": 22.46969696969697,
    "std": 6.0587951261578485,
    "p10": 14.100000000000001,
    "p90": 30.0,
    "n": 132
  },
  "9": {
    "mean": 23.256060606060608,
    "std": 6.037911493422681,
    "p10": 15.0,
    "p90": 31.0,
    "n": 132
  },
  "10": {
    "mean": 23.77925925925926,
    "std": 6.273339660179781,
    "p10": 15.0,
    "p90": 32.0,
    "n": 135
  },
  "11": {
    "mean": 23.96642335766423,
    "std": 6.322953951468538,
    "p10": 15.0,
    "p90": 32.80000000000001,
    "n": 137
  },
  "12": {
    "mean": 22.71527777777778,
    "std": 5.679878845408914,
    "p10": 15.0,
    "p90": 30.0,
    "n": 144
  },
  "13": {
    "mean": 17.72222222222222,
    "std": 3.5338214906662064,
    "p10": 13.0,
    "p90": 21.0,
    "n": 144
  },
  "14": {
    "mean": 13.798507462686567,
    "std": 2.8171863816521707,
    "p10": 10.0,
    "p90": 17.0,
    "n": 134
  },
  "15": {
    "mean": 10.118518518518519,
    "std": 2.340595191086042,
    "p10": 8.0,
    "p90": 13.0,
    "n": 135
  },
  "16": {
    "mean": 6.988976377952756,
    "std": 2.0384100692816163,
    "p10": 5.0,
    "p90": 9.0,
    "n": 127
  },
  "17": {
    "mean": 4.60655737704918,
    "std": 1.693728719724475,
    "p10": 3.0,
    "p90": 6.900000000000006,
    "n": 122
  },
  "18": {
    "mean": 3.292682926829268,
    "std": 2.1642842580077635,
    "p10": 1.0,
    "p90": 5.0,
    "n": 123
  },
  "19": {
    "mean": 1.5950413223140496,
    "std": 1.8146556716389937,
    "p10": 0.0,
    "p90": 3.0,
    "n": 121
  },
  "20": {
    "mean": 1.2377049180327868,
    "std": 3.042544820801689,
    "p10": 0.0,
    "p90": 3.0,
    "n": 122
  },
  "21": {
    "mean": 2.046774193548387,
    "std": 4.586449385402298,
    "p10": 0.0,
    "p90": 4.0,
    "n": 124
  },
  "22": {
    "mean": 2.1777777777777776,
    "std": 3.484109961270201,
    "p10": 0.0,
    "p90": 5.5,
    "n": 126
  },
  "23": {
    "mean": 4.396694214876033,
    "std": 3.3128017820846027,
    "p10": 2.0,
    "p90": 7.0,
    "n": 121
  }
}