{
  "0": {
    "mean": 8.783647798742138,
    "std": 6.465643126536306,
    "p10": 0.0,
    "p90": 18.200000000000017,
    "n": 159
  },
  "1": {
    "mean": 11.79746835443038,
    "std": 7.587921590231524,
    "p10": 2.700000000000001,
    "p90": 23.0,
    "n": 158
  },
  "2": {
    "mean": 13.54335260115607,
    "std": 7.6594844897163545,
    "p10": 5.0,
    "p90": 23.80000000000001,
    "n": 173
  },
  "3": {
    "mean": 15.302958579881656,
    "std": 8.375846979456716,
    "p10": 5.600000000000001,
    "p90": 27.360000000000017,
    "n": 169
  },
  "4": {
    "mean": 16.478823529411766,
    "std": 8.538733108884982,
    "p10": 5.900000000000002,
    "p90": 29.0,
    "n": 170
  },
  "5": {
    "mean": 17.887425149700597,
    "std": 8.919331784096011,
    "p10": 7.0,
    "p90": 30.400000000000006,
    "n": 167
  },
  "6": {
    "mean": 18.147252747252747,
    "std": 9.00103543042376,
    "p10": 7.100000000000001,
    "p90": 30.0,
    "n": 182
  },
  "7": {
    "mean": 19.38208092485549,
    "std": 9.484673821752697,
    "p10": 8.0,
    "p90": 33.0,
    "n": 173
  },
  "8": {
    "mean": 19.85164835164835,
    "std": 9.085582807254772,
    "p10": 9.0,
    "p90": 33.0,
    "n": 182
  },
  "9": {
    "mean": 20.56271186440678,
    "std": 9.672111354743159,
    "p10": 9.0,
    "p90": 34.400000000000006,
    "n": 177
  },
  "10": {
    "mean": 21.18258426966292,
    "std": 10.060448937887493,
    "p10": 9.7,
    "p90": 36.30000000000001,
    "n": 178
  },
  "11": {
    "mean": 21.74736842105263,
    "std": 9.487913136388505,
    "p10": 11.900000000000002,
    "p90": 37.0,
    "n": 190
  },
  "12": {
    "mean": 21.51428571428571,
    "std": 9.89394531247034,
    "p10": 10.600000000000001,
    "p90": 37.0,
    "n": 196
  },
  "13": {
    "mean": 18.990816326530613,
    "std": 7.687813689872665,
    "p10": 10.0,
    "p90": 30.0,
    "n": 196
  },
  "14": {
    "mean": 15.686315789473685,
    "std": 5.819591260512367,
    "p10": 7.900000000000002,
    "p90": 24.0,
    "n": 190
  },
  "15": {
    "mean": 12.167010309278352,
    "std": 4.745256079933077,
    "p10": 6.0,
    "p90": 17.700000000000017,
    "n": 194
  },
  "16": {
    "mean": 9.371264367816092,
    "std": 4.5814253794796596,
    "p10": 4.0,
    "p90": 14.0,
    "n": 174
  },
  "17": {
    "mean": 6.579999999999999,
    "std": 4.183351053342636,
    "p10": 2.0,
    "p90": 11.0,
    "n": 170
  },
  "18": {
    "mean": 4.598802395209581,
    "std": 4.0732153017551225,
    "p10": 1.0,
    "p90": 8.0,
    "n": 167
  },
  "19": {
    "mean": 3.2887573964497037,
    "std": 4.59745571397742,
    "p10": 0.0,
    "p90": 7.200000000000017,
    "n": 169
  },
  "20": {
    "mean": 2.4537500000000003,
    "std": 4.822782509306785,
    "p10": 0.0,
    "p90": 7.0,
    "n": 160
  },
  "21": {
    "mean": 1.9490196078431372,
    "std": 4.557268885023399,
    "p10": 0.0,
    "p90": 5.0,
    "n": 153
  },
  "22": {
    "mean": 2.6835443037974684,
    "std": 4.78996909367971,
    "p10": 0.0,
    "p90": 8.0,
    "n": 158
  },
  "23": {
    "mean": 4.468354430379747,
    "std": 4.585592066428677,
    "p10": 1.0,
    "p90": 10.0,
    "n": 158
  }
}