{
  "0": {
    "mean": 9.1928,
    "std": 7.68217643892079,
    "p10": 0.0,
    "p90": 19.0,
    "n": 125
  },
  "1": {
    "mean": 11.358333333333333,
    "std": 8.500804108051224,
    "p10": 1.1000000000000014,
    "p90": 22.900000000000006,
    "n": 132
  },
  "2": {
    "mean": 12.600735294117648,
    "std": 9.23194531342948,
    "p10": 2.0,
    "p90": 25.0,
    "n": 136
  },
  "3": {
    "mean": 13.292198581560283,
    "std": 8.434538440432934,
    "p10": 4.0,
    "p90": 24.0,
    "n": 141
  },
  "4": {
    "mean": 14.465693430656934,
    "std": 8.976304083171398,
    "p10": 4.0,
    "p90": 27.0,
    "n": 137
  },
  "5": {
    "mean": 15.208270676691729,
    "std": 9.42768364745456,
    "p10": 4.0,
    "p90": 28.799999999999997,
    "n": 133
  },
  "6": {
    "mean": 16.04890510948905,
    "std": 9.686285914725618,
    "p10": 5.0,
    "p90": 29.400000000000006,
    "n": 137
  },
  "7": {
    "mean": 16.31020408163265,
    "std": 9.858538713952681,
    "p10": 5.0,
    "p90": 31.0,
    "n": 147
  },
  "8": {
    "mean": 16.621232876712327,
    "std": 10.629310218020342,
    "p10": 5.0,
    "p90": 33.0,
    "n": 146
  },
  "9": {
    "mean": 17.082142857142856,
    "std": 11.07402994668249,
    "p10": 4.9,
    "p90": 34.0,
    "n": 140
  },
  "10": {
    "mean": 17.797794117647058,
    "std": 11.094078947376923,
    "p10": 6.0,
    "p90": 34.0,
    "n": 136
  },
  "11": {
    "mean": 18.965671641791044,
    "std": 10.859804512825438,
    "p10": 6.0,
    "p90": 34.7,
    "n": 134
  },
  "12": {
    "mean": 18.706716417910446,
    "std": 11.003801105121893,
    "p10": 6.0,
    "p90": 34.0,
    "n": 134
  },
  "13": {
    "mean": 17.99673202614379,
    "std": 10.299772725524308,
    "p10": 6.0,
    "p90": 33.80000000000001,
    "n": 153
  },
  "14": {
    "mean": 14.767567567567568,
    "std": 7.438932483360915,
    "p10": 6.0,
    "p90": 24.30000000000001,
    "n": 148
  },
  "15": {
    "mean": 11.706451612903226,
    "std": 5.7539673204313155,
    "p10": 5.0,
    "p90": 19.0,
    "n": 155
  },
  "16": {
    "mean": 9.352142857142857,
    "std": 5.109920776211433,
    "p10": 4.0,
    "p90": 16.0,
    "n": 140
  },
  "17": {
    "mean": 6.707857142857143,
    "std": 4.449607012913959,
    "p10": 3.0,
    "p90": 11.100000000000009,
    "n": 140
  },
  "18": {
    "mean": 4.670503597122303,
    "std": 4.2848985450829105,
    "p10": 1.0,
    "p90": 10.0,
    "n": 139
  },
  "19": {
    "mean": 3.065,
    "std": 3.94587344781698,
    "p10": 0.9000000000000004,
    "p90": 6.0,
    "n": 140
  },
  "20": {
    "mean": 1.8647058823529414,
    "std": 4.0962409038634044,
    "p10": 0.0,
    "p90": 4.0,
    "n": 136
  },
  "21": {
    "mean": 2.5671641791044775,
    "std": 6.685690882350627,
    "p10": 0.0,
    "p90": 6.0,
    "n": 134
  },
  "22": {
    "mean": 3.1070921985815603,
    "std": 5.432174589426422,
    "p10": 0.0,
    "p90": 7.0,
    "n": 141
  },
  "23": {
    "mean": 5.9125000000000005,
    "std": 5.579173408841667,
    "p10": 1.0,
    "p90": 12.0,
    "n": 136
  }
}