{
  "0": {
    "mean": 10.723684210526315,
    "std": 6.277466659505728,
    "p10": 2.0,
    "p90": 18.0,
    "n": 152
  },
  "1": {
    "mean": 13.317880794701987,
    "std": 6.881250720547,
    "p10": 3.0,
    "p90": 22.0,
    "n": 151
  },
  "2": {
    "mean": 14.91038961038961,
    "std": 7.196224217217421,
    "p10": 5.0,
    "p90": 24.700000000000017,
    "n": 154
  },
  "3": {
    "mean": 16.53202614379085,
    "std": 7.282031360558269,
    "p10": 6.200000000000001,
    "p90": 25.80000000000001,
    "n": 153
  },
  "4": {
    "mean": 17.462195121951222,
    "std": 7.326314287651633,
    "p10": 7.0,
    "p90": 26.0,
    "n": 164
  },
  "5": {
    "mean": 19.61392405063291,
    "std": 7.280306464068355,
    "p10": 10.0,
    "p90": 29.0,
    "n": 158
  },
  "6": {
    "mean": 20.696296296296296,
    "std": 7.849238511065176,
    "p10": 10.0,
    "p90": 30.900000000000006,
    "n": 162
  },
  "7": {
    "mean": 21.593939393939394,
    "std": 8.124831682832163,
    "p10": 10.400000000000002,
    "p90": 31.0,
    "n": 165
  },
  "8": {
    "mean": 21.808045977011496,
    "std": 8.472474553603435,
    "p10": 11.0,
    "p90": 32.0,
    "n": 174
  },
  "9": {
    "mean": 22.43103448275862,
    "std": 8.49572228769017,
    "p10": 11.0,
    "p90": 33.0,
    "n": 174
  },
  "10": {
    "mean": 22.853714285714286,
    "std": 8.565801787499273,
    "p10": 11.0,
    "p90": 34.0,
    "n": 175
  },
  "11": {
    "mean": 23.495180722891565,
    "std": 8.74106163186084,
    "p10": 13.0,
    "p90": 34.5,
    "n": 166
  },
  "12": {
    "mean": 23.22905027932961,
    "std": 8.487799882523879,
    "p10": 12.8,
    "p90": 33.20000000000002,
    "n": 179
  },
  "13": {
    "mean": 17.86390532544379,
    "std": 6.197095048375683,
    "p10": 9.0,
    "p90": 25.200000000000017,
    "n": 169
  },
  "14": {
    "mean": 13.935227272727273,
    "std": 4.016552602069938,
    "p10": 9.0,
    "p90": 18.0,
    "n": 176
  },
  "15": {
    "mean": 10.271676300578035,
    "std": 3.23159476602788,
    "p10": 6.199999999999999,
    "p90": 14.800000000000011,
    "n": 173
  },
  "16": {
    "mean": 7.166060606060607,
    "std": 3.075681502305072,
    "p10": 4.0,
    "p90": 10.0,
    "n": 165
  },
  "17": {
    "mean": 4.805194805194805,
    "std": 3.0955965395476075,
    "p10": 2.0,
    "p90": 7.700000000000017,
    "n": 154
  },
  "18": {
    "mean": 3.2903225806451615,
    "std": 3.696203285323314,
    "p10": 1.0,
    "p90": 5.0,
    "n": 155
  },
  "19": {
    "mean": 2.0063694267515926,
    "std": 2.779634764991899,
    "p10": 0.0,
    "p90": 4.160000000000005,
    "n": 157
  },
  "20": {
    "mean": 1.1283783783783783,
    "std": 2.7486060917658985,
    "p10": 0.0,
    "p90": 3.0,
    "n": 148
  },
  "21": {
    "mean": 1.3581081081081081,
    "std": 2.866674897477038,
    "p10": 0.0,
    "p90": 3.0,
    "n": 148
  },
  "22": {
    "mean": 2.9743589743589745,
    "std": 3.2007029831640215,
    "p10": 1.0,
    "p90": 5.5,
    "n": 156
  },
  "23": {
    "mean": 6.64935064935065,
    "std": 3.429080685377591,
    "p10": 4.0,
    "p90": 11.0,
    "n": 154
  }
}