{
  "0": {
    "mean": 8.913333333333334,
    "std": 3.863330737173232,
    "p10": 4.9,
    "p90": 14.0,
    "n": 150
  },
  "1": {
    "mean": 12.120805369127517,
    "std": 4.597168270115285,
    "p10": 7.0,
    "p90": 18.200000000000017,
    "n": 149
  },
  "2": {
    "mean": 14.364238410596027,
    "std": 4.580368898838619,
    "p10": 9.0,
    "p90": 20.0,
    "n": 151
  },
  "3": {
    "mean": 16.216107382550334,
    "std": 4.919817442148313,
    "p10": 11.0,
    "p90": 22.200000000000017,
    "n": 149
  },
  "4": {
    "mean": 18.363013698630137,
    "std": 5.2573497151509025,
    "p10": 12.5,
    "p90": 26.0,
    "n": 146
  },
  "5": {
    "mean": 19.842953020134228,
    "std": 5.189051038505056,
    "p10": 14.0,
    "p90": 27.0,
    "n": 149
  },
  "6": {
    "mean": 21.07236842105263,
    "std": 5.36989643577199,
    "p10": 14.100000000000001,
    "p90": 28.900000000000006,
    "n": 152
  },
  "7": {
    "mean": 22.21139240506329,
    "std": 5.84048002873536,
    "p10": 14.0,
    "p90": 30.0,
    "n": 158
  },
  "8": {
    "mean": 22.822360248447204,
    "std": 5.819621714030039,
    "p10": 15.0,
    "p90": 30.0,
    "n": 161
  },
  "9": {
    "mean": 23.613664596273292,
    "std": 5.8034526027013635,
    "p10": 15.0,
    "p90": 31.0,
    "n": 161
  },
  "10": {
    "mean": 24.14320987654321,
    "std": 6.163304314041246,
    "p10": 16.0,
    "p90": 32.0,
    "n": 162
  },
  "11": {
    "mean": 24.448192771084337,
    "std": 6.178680087463675,
    "p10": 16.0,
    "p90": 33.0,
    "n": 166
  },
  "12": {
    "mean": 22.976878612716764,
    "std": 5.561447190386557,
    "p10": 16.0,
    "p90": 30.80000000000001,
    "n": 173
  },
  "13": {
    "mean": 17.954802259887007,
    "std": 3.381532749964988,
    "p10": 13.0,
    "p90": 21.0,
    "n": 177
  },
  "14": {
    "mean": 13.884146341463415,
    "std": 2.783384950403695,
    "p10": 10.0,
    "p90": 17.0,
    "n": 164
  },
  "15": {
    "mean": 10.168674698795181,
    "std": 2.316315135876228,
    "p10": 8.0,
    "p90": 13.0,
    "n": 166
  },
  "16": {
    "mean": 6.939354838709677,
    "std": 1.9255458586570666,
    "p10": 5.0,
    "p90": 9.0,
    "n": 155
  },
  "17": {
    "mean": 4.587837837837838,
    "std": 1.5990177854815923,
    "p10": 3.0,
    "p90": 6.0,
    "n": 148
  },
  "18": {
    "mean": 3.208053691275168,
    "std": 2.083640161213565,
    "p10": 1.0,
    "p90": 5.0,
    "n": 149
  },
  "19": {
    "mean": 1.516778523489933,
    "std": 1.6829993610412857,
    "p10": 0.0,
    "p90": 3.0,
    "n": 149
  },
  "20": {
    "mean": 1.1689189189189189,
    "std": 2.790626958823611,
    "p10": 0.0,
    "p90": 2.3000000000000114,
    "n": 148
  },
  "21": {
    "mean": 1.7986666666666666,
    "std": 4.2200859857435855,
    "p10": 0.0,
    "p90": 4.0,
    "n": 150
  },
  "22": {
    "mean": 2.0618421052631577,
    "std": 3.205726131141629,
    "p10": 0.0,
    "p90": 4.0,
    "n": 152
  },
  "23": {
    "mean": 4.324324324324325,
    "std": 3.0399073925569966,
    "p10": 2.0,
    "p90": 6.300000000000011,
    "n": 148
  }
}