{
  "0": {
    "mean": 10.676510067114096,
    "std": 7.732254218896403,
    "p10": 0.0,
    "p90": 22.0,
    "n": 149
  },
  "1": {
    "mean": 13.5125,
    "std": 8.462908582651812,
    "p10": 2.3000000000000007,
    "p90": 26.0,
    "n": 144
  },
  "2": {
    "mean": 15.078947368421053,
    "std": 9.157225870294765,
    "p10": 4.0,
    "p90": 28.0,
    "n": 152
  },
  "3": {
    "mean": 15.69864864864865,
    "std": 9.317600830485102,
    "p10": 4.0,
    "p90": 29.0,
    "n": 148
  },
  "4": {
    "mean": 16.364779874213838,
    "std": 9.575239286197858,
    "p10": 4.800000000000001,
    "p90": 30.0,
    "n": 159
  },
  "5": {
    "mean": 17.57924528301887,
    "std": 9.730846655969211,
    "p10": 6.0,
    "p90": 32.0,
    "n": 159
  },
  "6": {
    "mean": 18.397546012269938,
    "std": 10.181227890003171,
    "p10": 6.0200000000000005,
    "p90": 33.0,
    "n": 163
  },
  "7": {
    "mean": 19.01165644171779,
    "std": 10.95973209007307,
    "p10": 6.0,
    "p90": 35.0,
    "n": 163
  },
  "8": {
    "mean": 19.98827160493827,
    "std": 11.099937808580012,
    "p10": 7.0,
    "p90": 36.0,
    "n": 162
  },
  "9": {
    "mean": 21.11411042944785,
    "std": 11.34304527937504,
    "p10": 7.0,
    "p90": 38.0,
    "n": 163
  },
  "10": {
    "mean": 20.85276073619632,
    "std": 11.192194771927886,
    "p10": 7.0,
    "p90": 37.0,
    "n": 163
  },
  "11": {
    "mean": 21.746783625730995,
    "std": 11.549954349539055,
    "p10": 7.100000000000001,
    "p90": 38.0,
    "n": 171
  },
  "12": {
    "mean": 21.371270718232044,
    "std": 10.967991461960471,
    "p10": 7.0,
    "p90": 36.0,
    "n": 181
  },
  "13": {
    "mean": 19.324444444444442,
    "std": 10.190891004528016,
    "p10": 6.0,
    "p90": 33.0,
    "n": 180
  },
  "14": {
    "mean": 15.857558139534884,
    "std": 7.480368136177549,
    "p10": 6.0,
    "p90": 25.0,
    "n": 172
  },
  "15": {
    "mean": 13.084795321637428,
    "std": 5.757113486214636,
    "p10": 5.0,
    "p90": 20.0,
    "n": 171
  },
  "16": {
    "mean": 9.859302325581394,
    "std": 5.086833776818052,
    "p10": 4.0,
    "p90": 16.96,
    "n": 172
  },
  "17": {
    "mean": 6.958579881656805,
    "std": 4.628734051945569,
    "p10": 2.0,
    "p90": 13.0,
    "n": 169
  },
  "18": {
    "mean": 5.001315789473685,
    "std": 4.91815109342548,
    "p10": 1.0,
    "p90": 8.900000000000006,
    "n": 152
  },
  "19": {
    "mean": 4.050931677018633,
    "std": 5.503193595681768,
    "p10": 0.0,
    "p90": 12.0,
    "n": 161
  },
  "20": {
    "mean": 2.8152317880794704,
    "std": 5.06468489765976,
    "p10": 0.0,
    "p90": 8.0,
    "n": 151
  },
  "21": {
    "mean": 2.496052631578947,
    "std": 5.137936834091948,
    "p10": 0.0,
    "p90": 8.900000000000006,
    "n": 152
  },
  "22": {
    "mean": 3.2993103448275862,
    "std": 5.4383220521862325,
    "p10": 0.0,
    "p90": 11.199999999999989,
    "n": 145
  },
  "23": {
    "mean": 5.404794520547945,
    "std": 5.386756841350079,
    "p10": 1.0,
    "p90": 12.0,
    "n": 146
  }
}