{
  "0": {
    "mean": 11.637086092715233,
    "std": 7.552285445647471,
    "p10": 0.0,
    "p90": 22.0,
    "n": 151
  },
  "1": {
    "mean": 13.225165562913908,
    "std": 7.810396648425709,
    "p10": 3.0,
    "p90": 25.0,
    "n": 151
  },
  "2": {
    "mean": 14.516666666666666,
    "std": 8.083881480139738,
    "p10": 3.0,
    "p90": 26.5,
    "n": 156
  },
  "3": {
    "mean": 15.15032679738562,
    "std": 8.333328173373015,
    "p10": 4.0,
    "p90": 27.0,
    "n": 153
  },
  "4": {
    "mean": 15.509554140127388,
    "std": 8.689529386208486,
    "p10": 4.0,
    "p90": 28.400000000000006,
    "n": 157
  },
  "5": {
    "mean": 15.855491329479769,
    "std": 8.801805867573291,
    "p10": 5.0,
    "p90": 28.0,
    "n": 173
  },
  "6": {
    "mean": 17.135365853658534,
    "std": 9.136697017011528,
    "p10": 6.0,
    "p90": 30.0,
    "n": 164
  },
  "7": {
    "mean": 17.56860465116279,
    "std": 9.214389479515829,
    "p10": 7.0,
    "p90": 30.900000000000006,
    "n": 172
  },
  "8": {
    "mean": 18.3377245508982,
    "std": 9.334658935480338,
    "p10": 8.0,
    "p90": 32.400000000000006,
    "n": 167
  },
  "9": {
    "mean": 18.90705882352941,
    "std": 9.421796311540822,
    "p10": 7.0,
    "p90": 32.0,
    "n": 170
  },
  "10": {
    "mean": 18.51777777777778,
    "std": 9.591168863793662,
    "p10": 8.0,
    "p90": 34.0,
    "n": 180
  },
  "11": {
    "mean": 19.537967914438504,
    "std": 9.36288727978815,
    "p10": 9.0,
    "p90": 33.0,
    "n": 187
  },
  "12": {
    "mean": 19.50824175824176,
    "std": 9.255596377047846,
    "p10": 8.0,
    "p90": 33.0,
    "n": 182
  },
  "13": {
    "mean": 17.475409836065573,
    "std": 7.410876823841055,
    "p10": 9.0,
    "p90": 27.0,
    "n": 183
  },
  "14": {
    "mean": 13.963736263736264,
    "std": 5.550432096733156,
    "p10": 7.0,
    "p90": 21.0,
    "n": 182
  },
  "15": {
    "mean": 10.845502645502647,
    "std": 4.554894887060931,
    "p10": 4.800000000000001,
    "p90": 17.0,
    "n": 189
  },
  "16": {
    "mean": 7.778409090909091,
    "std": 3.6426348035025855,
    "p10": 3.0,
    "p90": 12.0,
    "n": 176
  },
  "17": {
    "mean": 5.275428571428572,
    "std": 3.4247613750727925,
    "p10": 2.0,
    "p90": 8.599999999999994,
    "n": 175
  },
  "18": {
    "mean": 3.911904761904762,
    "std": 3.68240369174256,
    "p10": 1.0,
    "p90": 7.0,
    "n": 168
  },
  "19": {
    "mean": 2.75,
    "std": 4.201766624563482,
    "p10": 0.0,
    "p90": 5.0,
    "n": 160
  },
  "20": {
    "mean": 1.880503144654088,
    "std": 4.308315157004963,
    "p10": 0.0,
    "p90": 6.0,
    "n": 159
  },
  "21": {
    "mean": 2.3125,
    "std": 4.8721871420512795,
    "p10": 0.0,
    "p90": 7.099999999999994,
    "n": 160
  },
  "22": {
    "mean": 3.608974358974359,
    "std": 4.209932522558954,
    "p10": 1.0,
    "p90": 8.0,
    "n": 156
  },
  "23": {
    "mean": 8.218543046357615,
    "std": 5.313999171666101,
    "p10": 2.0,
    "p90": 15.0,
    "n": 151
  }
}