{
  "0": {
    "mean": 11.420886075949367,
    "std": 7.6623078943092215,
    "p10": 0.0,
    "p90": 21.30000000000001,
    "n": 158
  },
  "1": {
    "mean": 13.1748427672956,
    "std": 8.120258839123412,
    "p10": 2.0,
    "p90": 24.180000000000014,
    "n": 159
  },
  "2": {
    "mean": 13.91197604790419,
    "std": 8.33800128021221,
    "p10": 2.6000000000000014,
    "p90": 24.400000000000006,
    "n": 167
  },
  "3": {
    "mean": 14.704022988505747,
    "std": 8.281111310160028,
    "p10": 4.0,
    "p90": 25.0,
    "n": 174
  },
  "4": {
    "mean": 15.17005649717514,
    "std": 8.699108921005484,
    "p10": 5.0,
    "p90": 27.400000000000006,
    "n": 177
  },
  "5": {
    "mean": 15.804891304347825,
    "std": 9.0254968522926,
    "p10": 5.300000000000001,
    "p90": 29.0,
    "n": 184
  },
  "6": {
    "mean": 16.279234972677596,
    "std": 9.166074900514785,
    "p10": 5.0,
    "p90": 30.82000000000001,
    "n": 183
  },
  "7": {
    "mean": 16.870408163265306,
    "std": 9.279016406579636,
    "p10": 5.0,
    "p90": 31.5,
    "n": 196
  },
  "8": {
    "mean": 17.577142857142857,
    "std": 9.737865591215456,
    "p10": 6.0,
    "p90": 31.599999999999994,
    "n": 175
  },
  "9": {
    "mean": 17.576795580110495,
    "std": 9.924907651805595,
    "p10": 6.0,
    "p90": 33.0,
    "n": 181
  },
  "10": {
    "mean": 17.462105263157895,
    "std": 9.653501477832375,
    "p10": 6.0,
    "p90": 32.0,
    "n": 190
  },
  "11": {
    "mean": 18.147668393782382,
    "std": 9.826304369198592,
    "p10": 7.200000000000003,
    "p90": 32.0,
    "n": 193
  },
  "12": {
    "mean": 17.44679802955665,
    "std": 9.936687053420764,
    "p10": 6.0,
    "p90": 32.0,
    "n": 203
  },
  "13": {
    "mean": 17.665365853658535,
    "std": 9.40256642519482,
    "p10": 7.640000000000001,
    "p90": 32.0,
    "n": 205
  },
  "14": {
    "mean": 14.470351758793969,
    "std": 6.3899680985027825,
    "p10": 7.0,
    "p90": 24.0,
    "n": 199
  },
  "15": {
    "mean": 11.401069518716577,
    "std": 4.673121372927189,
    "p10": 6.0,
    "p90": 17.0,
    "n": 187
  },
  "16": {
    "mean": 8.849,
    "std": 4.150752066019823,
    "p10": 4.96,
    "p90": 14.0,
    "n": 200
  },
  "17": {
    "mean": 6.642268041237113,
    "std": 4.2449930287094695,
    "p10": 3.0,
    "p90": 11.0,
    "n": 194
  },
  "18": {
    "mean": 4.278977272727273,
    "std": 4.012118938494139,
    "p10": 1.0,
    "p90": 8.0,
    "n": 176
  },
  "19": {
    "mean": 2.7477011494252874,
    "std": 4.216629671076707,
    "p10": 0.0,
    "p90": 5.0,
    "n": 174
  },
  "20": {
    "mean": 2.1817073170731707,
    "std": 4.987287595274902,
    "p10": 0.0,
    "p90": 5.700000000000017,
    "n": 164
  },
  "21": {
    "mean": 2.1534591194968553,
    "std": 4.885535093378683,
    "p10": 0.0,
    "p90": 6.0,
    "n": 159
  },
  "22": {
    "mean": 3.8296296296296304,
    "std": 5.3903051791235,
    "p10": 1.0,
    "p90": 8.0,
    "n": 162
  },
  "23": {
    "mean": 8.02716049382716,
    "std": 5.396905309358423,
    "p10": 2.090000000000001,
    "p90": 13.900000000000006,
    "n": 162
  }
}