{
  "0": {
    "mean": 7.9941176470588236,
    "std": 5.802975220194861,
    "p10": 0.0,
    "p90": 18.0,
    "n": 170
  },
  "1": {
    "mean": 10.165217391304347,
    "std": 5.435051297705996,
    "p10": 3.0,
    "p90": 18.0,
    "n": 161
  },
  "2": {
    "mean": 12.412865497076025,
    "std": 5.549611377971294,
    "p10": 5.0,
    "p90": 20.0,
    "n": 171
  },
  "3": {
    "mean": 13.927380952380954,
    "std": 5.579235480656562,
    "p10": 6.0,
    "p90": 20.0,
    "n": 168
  },
  "4": {
    "mean": 15.192349726775955,
    "std": 5.957481808901539,
    "p10": 7.0,
    "p90": 22.0,
    "n": 183
  },
  "5": {
    "mean": 16.56457142857143,
    "std": 6.024118356277818,
    "p10": 8.0,
    "p90": 23.0,
    "n": 175
  },
  "6": {
    "mean": 17.24761904761905,
    "std": 6.353593148499241,
    "p10": 9.0,
    "p90": 24.0,
    "n": 189
  },
  "7": {
    "mean": 17.165128205128205,
    "std": 6.533025881947845,
    "p10": 8.400000000000002,
    "p90": 25.0,
    "n": 195
  },
  "8": {
    "mean": 18.20518134715026,
    "std": 6.68189204845082,
    "p10": 10.0,
    "p90": 26.0,
    "n": 193
  },
  "9": {
    "mean": 18.33861386138614,
    "std": 6.569626632386435,
    "p10": 11.0,
    "p90": 26.0,
    "n": 202
  },
  "10": {
    "mean": 19.284313725490197,
    "std": 6.535688235294984,
    "p10": 11.3,
    "p90": 27.700000000000017,
    "n": 204
  },
  "11": {
    "mean": 18.558163265306124,
    "std": 6.209809006012693,
    "p10": 11.0,
    "p90": 26.0,
    "n": 196
  },
  "12": {
    "mean": 16.794117647058822,
    "std": 5.336625444866855,
    "p10": 10.0,
    "p90": 23.700000000000017,
    "n": 204
  },
  "13": {
    "mean": 14.402803738317756,
    "std": 4.702430855622535,
    "p10": 8.0,
    "p90": 20.0,
    "n": 214
  },
  "14": {
    "mean": 11.934905660377357,
    "std": 4.107063444023956,
    "p10": 7.0,
    "p90": 17.0,
    "n": 212
  },
  "15": {
    "mean": 9.466666666666667,
    "std": 4.056745263210915,
    "p10": 4.0,
    "p90": 14.0,
    "n": 195
  },
  "16": {
    "mean": 7.131843575418994,
    "std": 3.137171569828461,
    "p10": 4.0,
    "p90": 11.0,
    "n": 179
  },
  "17": {
    "mean": 5.1109826589595375,
    "std": 2.8995881152449297,
    "p10": 2.0,
    "p90": 9.0,
    "n": 173
  },
  "18": {
    "mean": 3.855813953488372,
    "std": 3.1669567605319484,
    "p10": 1.0,
    "p90": 8.0,
    "n": 172
  },
  "19": {
    "mean": 1.991304347826087,
    "std": 2.273141859419138,
    "p10": 0.0,
    "p90": 5.0,
    "n": 161
  },
  "20": {
    "mean": 1.6918238993710693,
    "std": 3.062533255897124,
    "p10": 0.0,
    "p90": 5.0,
    "n": 159
  },
  "21": {
    "mean": 1.688607594936709,
    "std": 2.674388427822683,
    "p10": 0.0,
    "p90": 5.0,
    "n": 158
  },
  "22": {
    "mean": 2.703030303030303,
    "std": 3.4077104867155676,
    "p10": 0.0,
    "p90": 9.599999999999994,
    "n": 165
  },
  "23": {
    "mean": 4.40625,
    "std": 3.943463463511525,
    "p10": 1.0,
    "p90": 11.0,
    "n": 160
  }
}