{
  "0": {
    "mean": 8.186567164179104,
    "std": 5.1867499065599265,
    "p10": 1.0,
    "p90": 15.700000000000003,
    "n": 134
  },
  "1": {
    "mean": 10.644615384615385,
    "std": 6.474578332185536,
    "p10": 2.9000000000000004,
    "p90": 19.0,
    "n": 130
  },
  "2": {
    "mean": 12.277697841726619,
    "std": 6.364462512063296,
    "p10": 5.0,
    "p90": 20.0,
    "n": 139
  },
  "3": {
    "mean": 14.10075187969925,
    "std": 7.019091888951567,
    "p10": 6.200000000000001,
    "p90": 22.799999999999997,
    "n": 133
  },
  "4": {
    "mean": 15.146853146853147,
    "std": 7.6438671375365,
    "p10": 7.0,
    "p90": 24.0,
    "n": 143
  },
  "5": {
    "mean": 16.528467153284673,
    "std": 7.503283094214683,
    "p10": 8.0,
    "p90": 27.0,
    "n": 137
  },
  "6": {
    "mean": 17.353191489361702,
    "std": 8.018180709144593,
    "p10": 8.399999999999999,
    "p90": 29.0,
    "n": 141
  },
  "7": {
    "mean": 18.282857142857143,
    "std": 7.995573801241515,
    "p10": 9.0,
    "p90": 30.0,
    "n": 140
  },
  "8": {
    "mean": 18.171232876712327,
    "std": 8.37500352159769,
    "p10": 9.0,
    "p90": 31.0,
    "n": 146
  },
  "9": {
    "mean": 18.79041095890411,
    "std": 8.372181594873243,
    "p10": 10.0,
    "p90": 31.0,
    "n": 146
  },
  "10": {
    "mean": 18.753424657534246,
    "std": 8.466210033348283,
    "p10": 11.0,
    "p90": 32.0,
    "n": 146
  },
  "11": {
    "mean": 18.898113207547173,
    "std": 8.911516313162487,
    "p10": 10.0,
    "p90": 33.0,
    "n": 159
  },
  "12": {
    "mean": 17.41829268292683,
    "std": 7.545715528301909,
    "p10": 9.0,
    "p90": 28.0,
    "n": 164
  },
  "13": {
    "mean": 15.784431137724551,
    "std": 5.26081188530046,
    "p10": 9.600000000000001,
    "p90": 23.0,
    "n": 167
  },
  "14": {
    "mean": 13.171974522292993,
    "std": 4.022657534562489,
    "p10": 8.0,
    "p90": 18.0,
    "n": 157
  },
  "15": {
    "mean": 9.97027027027027,
    "std": 4.000228895822596,
    "p10": 4.0,
    "p90": 16.0,
    "n": 148
  },
  "16": {
    "mean": 7.7109589041095905,
    "std": 3.8944721795026553,
    "p10": 3.0,
    "p90": 12.5,
    "n": 146
  },
  "17": {
    "mean": 5.702941176470588,
    "std": 3.8949909176230464,
    "p10": 2.0,
    "p90": 9.5,
    "n": 136
  },
  "18": {
    "mean": 4.07218045112782,
    "std": 3.4604552464444973,
    "p10": 1.0,
    "p90": 7.799999999999997,
    "n": 133
  },
  "19": {
    "mean": 2.6945736434108527,
    "std": 3.352618148494159,
    "p10": 0.0,
    "p90": 5.120000000000001,
    "n": 129
  },
  "20": {
    "mean": 1.7688524590163934,
    "std": 3.5311151041672635,
    "p10": 0.0,
    "p90": 4.0,
    "n": 122
  },
  "21": {
    "mean": 1.7377049180327868,
    "std": 3.534489521369365,
    "p10": 0.0,
    "p90": 4.0,
    "n": 122
  },
  "22": {
    "mean": 3.8232558139534882,
    "std": 5.318166266849927,
    "p10": 0.0,
    "p90": 12.0,
    "n": 129
  },
  "23": {
    "mean": 4.7344,
    "std": 4.461503869122335,
    "p10": 1.0,
    "p90": 9.0,
    "n": 125
  }
}