{
  "0": {
    "mean": 6.3169811320754725,
    "std": 3.780985196559724,
    "p10": 2.0,
    "p90": 12.0,
    "n": 159
  },
  "1": {
    "mean": 10.090196078431372,
    "std": 3.588060697168245,
    "p10": 6.0,
    "p90": 15.0,
    "n": 153
  },
  "2": {
    "mean": 12.221935483870968,
    "std": 3.627139242808266,
    "p10": 8.0,
    "p90": 17.0,
    "n": 155
  },
  "3": {
    "mean": 13.581132075471698,
    "std": 3.7606081148981825,
    "p10": 8.0,
    "p90": 18.0,
    "n": 159
  },
  "4": {
    "mean": 15.266666666666667,
    "std": 4.010381265507912,
    "p10": 10.0,
    "p90": 20.0,
    "n": 153
  },
  "5": {
    "mean": 16.48354430379747,
    "std": 4.149451053548576,
    "p10": 11.700000000000001,
    "p90": 21.0,
    "n": 158
  },
  "6": {
    "mean": 17.226436781609195,
    "std": 4.469342188737235,
    "p10": 12.0,
    "p90": 22.280000000000012,
    "n": 174
  },
  "7": {
    "mean": 18.00462427745665,
    "std": 4.796702052948049,
    "p10": 12.0,
    "p90": 23.0,
    "n": 173
  },
  "8": {
    "mean": 18.736416184971098,
    "std": 5.177265023939634,
    "p10": 12.0,
    "p90": 25.0,
    "n": 173
  },
  "9": {
    "mean": 19.475675675675674,
    "std": 5.54992192490155,
    "p10": 13.0,
    "p90": 26.0,
    "n": 185
  },
  "10": {
    "mean": 19.45104166666667,
    "std": 5.932190907380306,
    "p10": 11.639999999999995,
    "p90": 27.0,
    "n": 192
  },
  "11": {
    "mean": 19.547524752475248,
    "std": 5.9830788603057865,
    "p10": 12.0,
    "p90": 27.0,
    "n": 202
  },
  "12": {
    "mean": 17.74943820224719,
    "std": 5.138304664365775,
    "p10": 11.0,
    "p90": 24.0,
    "n": 178
  },
  "13": {
    "mean": 14.82037037037037,
    "std": 4.347504159897639,
    "p10": 9.5,
    "p90": 20.0,
    "n": 216
  },
  "14": {
    "mean": 11.995,
    "std": 3.9510796183769523,
    "p10": 7.0,
    "p90": 16.0,
    "n": 200
  },
  "15": {
    "mean": 8.928089887640448,
    "std": 3.091485985152499,
    "p10": 5.0,
    "p90": 13.0,
    "n": 178
  },
  "16": {
    "mean": 6.367664670658683,
    "std": 2.687437742872682,
    "p10": 3.0,
    "p90": 10.0,
    "n": 167
  },
  "17": {
    "mean": 4.58452380952381,
    "std": 2.3262106652902164,
    "p10": 2.0,
    "p90": 7.0,
    "n": 168
  },
  "18": {
    "mean": 3.2809523809523813,
    "std": 2.7362492878726377,
    "p10": 1.0,
    "p90": 5.0,
    "n": 168
  },
  "19": {
    "mean": 2.2060975609756097,
    "std": 2.9243570972337247,
    "p10": 0.0,
    "p90": 4.700000000000017,
    "n": 164
  },
  "20": {
    "mean": 2.1240963855421686,
    "std": 3.4089042178405515,
    "p10": 0.0,
    "p90": 6.0,
    "n": 166
  },
  "21": {
    "mean": 2.7493975903614456,
    "std": 4.564776166810928,
    "p10": 0.0,
    "p90": 8.5,
    "n": 166
  },
  "22": {
    "mean": 3.628901734104046,
    "std": 5.496793722585897,
    "p10": 0.0,
    "p90": 11.600000000000023,
    "n": 173
  },
  "23": {
    "mean": 3.8422360248447207,
    "std": 4.139287978498732,
    "p10": 1.0,
    "p90": 10.0,
    "n": 161
  }
}