{
  "0": {
    "mean": 6.291025641025642,
    "std": 3.7610117340756077,
    "p10": 2.0,
    "p90": 11.700000000000003,
    "n": 156
  },
  "1": {
    "mean": 10.058666666666666,
    "std": 3.579025150663623,
    "p10": 6.0,
    "p90": 15.0,
    "n": 150
  },
  "2": {
    "mean": 12.173684210526316,
    "std": 3.62761185818664,
    "p10": 8.0,
    "p90": 17.0,
    "n": 152
  },
  "3": {
    "mean": 13.547435897435898,
    "std": 3.784867129690647,
    "p10": 8.0,
    "p90": 18.0,
    "n": 156
  },
  "4": {
    "mean": 15.232000000000001,
    "std": 4.031292363598224,
    "p10": 10.0,
    "p90": 20.0,
    "n": 150
  },
  "5": {
    "mean": 16.454193548387096,
    "std": 4.179561256873515,
    "p10": 11.4,
    "p90": 21.0,
    "n": 155
  },
  "6": {
    "mean": 17.1953216374269,
    "std": 4.497107735442432,
    "p10": 12.0,
    "p90": 22.400000000000006,
    "n": 171
  },
  "7": {
    "mean": 17.98698224852071,
    "std": 4.8442475464564865,
    "p10": 12.0,
    "p90": 23.08000000000001,
    "n": 169
  },
  "8": {
    "mean": 18.70299401197605,
    "std": 5.2478271481702174,
    "p10": 12.0,
    "p90": 25.0,
    "n": 167
  },
  "9": {
    "mean": 19.43798882681564,
    "std": 5.633198981388763,
    "p10": 12.8,
    "p90": 26.0,
    "n": 179
  },
  "10": {
    "mean": 19.420320855614975,
    "std": 6.0051424113312395,
    "p10": 11.359999999999998,
    "p90": 27.0,
    "n": 187
  },
  "11": {
    "mean": 19.503030303030304,
    "std": 6.031515447042273,
    "p10": 12.0,
    "p90": 27.0,
    "n": 198
  },
  "12": {
    "mean": 17.74514285714286,
    "std": 5.181195758796303,
    "p10": 11.0,
    "p90": 24.0,
    "n": 175
  },
  "13": {
    "mean": 14.82559241706161,
    "std": 4.387331220982626,
    "p10": 9.0,
    "p90": 20.0,
    "n": 211
  },
  "14": {
    "mean": 12.01522842639594,
    "std": 3.969625949273685,
    "p10": 7.0,
    "p90": 16.0,
    "n": 197
  },
  "15": {
    "mean": 8.949425287356322,
    "std": 3.110782053714988,
    "p10": 5.0,
    "p90": 13.0,
    "n": 174
  },
  "16": {
    "mean": 6.392682926829269,
    "std": 2.70331677612879,
    "p10": 3.0,
    "p90": 10.0,
    "n": 164
  },
  "17": {
    "mean": 4.623170731707317,
    "std": 2.3332643228146495,
    "p10": 2.0,
    "p90": 7.0,
    "n": 164
  },
  "18": {
    "mean": 3.3060975609756103,
    "std": 2.7639594414724042,
    "p10": 1.0,
    "p90": 5.0,
    "n": 164
  },
  "19": {
    "mean": 2.23,
    "std": 2.9561320980517887,
    "p10": 0.0,
    "p90": 5.0,
    "n": 160
  },
  "20": {
    "mean": 2.1580246913580248,
    "std": 3.4433431753150936,
    "p10": 0.0,
    "p90": 6.0,
    "n": 162
  },
  "21": {
    "mean": 2.7325153374233127,
    "std": 4.550741133990202,
    "p10": 0.0,
    "p90": 8.0,
    "n": 163
  },
  "22": {
    "mean": 3.592941176470588,
    "std": 5.49964578171449,
    "p10": 0.0,
    "p90": 10.299999999999983,
    "n": 170
  },
  "23": {
    "mean": 3.8139240506329117,
    "std": 4.105247044156784,
    "p10": 1.0,
    "p90": 10.0,
    "n": 158
  }
}