{
  "0": {
    "mean": 8.942105263157893,
    "std": 7.714392898353748,
    "p10": 0.0,
    "p90": 19.0,
    "n": 152
  },
  "1": {
    "mean": 9.304109589041097,
    "std": 7.2131381731635225,
    "p10": 1.0,
    "p90": 19.0,
    "n": 146
  },
  "2": {
    "mean": 9.70503597122302,
    "std": 7.300439968288265,
    "p10": 1.8000000000000007,
    "p90": 20.0,
    "n": 139
  },
  "3": {
    "mean": 10.352317880794702,
    "std": 6.8899814652589235,
    "p10": 2.0,
    "p90": 21.0,
    "n": 151
  },
  "4": {
    "mean": 10.7975,
    "std": 6.808983614434331,
    "p10": 3.0,
    "p90": 21.099999999999994,
    "n": 160
  },
  "5": {
    "mean": 11.244,
    "std": 6.814822770694274,
    "p10": 4.0,
    "p90": 21.0,
    "n": 150
  },
  "6": {
    "mean": 11.831506849315069,
    "std": 7.111086569329928,
    "p10": 3.0,
    "p90": 23.0,
    "n": 146
  },
  "7": {
    "mean": 12.889333333333333,
    "std": 6.802468429458585,
    "p10": 4.9,
    "p90": 24.0,
    "n": 150
  },
  "8": {
    "mean": 13.183116883116883,
    "std": 6.999830111802158,
    "p10": 4.300000000000001,
    "p90": 23.700000000000017,
    "n": 154
  },
  "9": {
    "mean": 13.230188679245282,
    "std": 7.044674393181487,
    "p10": 4.800000000000001,
    "p90": 24.200000000000017,
    "n": 159
  },
  "10": {
    "mean": 11.642384105960264,
    "std": 6.7214922657208875,
    "p10": 3.0,
    "p90": 22.0,
    "n": 151
  },
  "11": {
    "mean": 10.25,
    "std": 6.1306800679237945,
    "p10": 4.0,
    "p90": 18.30000000000001,
    "n": 148
  },
  "12": {
    "mean": 8.428187919463086,
    "std": 5.389179355580011,
    "p10": 2.0,
    "p90": 16.0,
    "n": 149
  },
  "13": {
    "mean": 7.150993377483443,
    "std": 5.065963120666775,
    "p10": 1.7999999999999972,
    "p90": 15.0,
    "n": 151
  },
  "14": {
    "mean": 5.954545454545454,
    "std": 4.610787165850321,
    "p10": 1.0,
    "p90": 11.700000000000017,
    "n": 154
  },
  "15": {
    "mean": 4.95072463768116,
    "std": 4.412180326946161,
    "p10": 1.0,
    "p90": 10.0,
    "n": 138
  },
  "16": {
    "mean": 4.322602739726028,
    "std": 4.050658023137259,
    "p10": 0.5,
    "p90": 9.0,
    "n": 146
  },
  "17": {
    "mean": 4.372093023255814,
    "std": 4.209558912393328,
    "p10": 0.0,
    "p90": 10.0,
    "n": 172
  },
  "18": {
    "mean": 4.158441558441559,
    "std": 4.264562920369569,
    "p10": 0.0,
    "p90": 9.0,
    "n": 154
  },
  "19": {
    "mean": 3.653246753246753,
    "std": 3.9175183693263014,
    "p10": 0.0,
    "p90": 7.82000000000001,
    "n": 154
  },
  "20": {
    "mean": 4.15374149659864,
    "std": 4.324258937364391,
    "p10": 0.0,
    "p90": 9.0,
    "n": 147
  },
  "21": {
    "mean": 4.915,
    "std": 4.763147313178971,
    "p10": 0.9000000000000004,
    "p90": 9.279999999999998,
    "n": 160
  },
  "22": {
    "mean": 5.83046357615894,
    "std": 4.935733560846299,
    "p10": 1.0,
    "p90": 11.0,
    "n": 151
  },
  "23": {
    "mean": 7.219354838709678,
    "std": 4.846033279095704,
    "p10": 1.4000000000000004,
    "p90": 15.0,
    "n": 155
  }
}