{
  "0": {
    "mean": 5.711167512690355,
    "std": 5.988447820882215,
    "p10": 0.0,
    "p90": 15.0,
    "n": 197
  },
  "1": {
    "mean": 6.245355191256831,
    "std": 5.750371966904525,
    "p10": 1.0,
    "p90": 15.0,
    "n": 183
  },
  "2": {
    "mean": 6.581215469613259,
    "std": 5.599472263127761,
    "p10": 1.0,
    "p90": 14.0,
    "n": 181
  },
  "3": {
    "mean": 6.960869565217393,
    "std": 5.471604923777868,
    "p10": 1.0,
    "p90": 14.700000000000017,
    "n": 184
  },
  "4": {
    "mean": 7.268844221105527,
    "std": 5.11272270966394,
    "p10": 1.8000000000000007,
    "p90": 13.200000000000017,
    "n": 199
  },
  "5": {
    "mean": 7.934239130434783,
    "std": 5.259336893043271,
    "p10": 2.0,
    "p90": 13.82000000000001,
    "n": 184
  },
  "6": {
    "mean": 8.15,
    "std": 5.512221466181123,
    "p10": 2.370000000000002,
    "p90": 15.0,
    "n": 194
  },
  "7": {
    "mean": 8.409883720930232,
    "std": 5.495885328312051,
    "p10": 2.1000000000000014,
    "p90": 15.910000000000005,
    "n": 172
  },
  "8": {
    "mean": 8.752604166666666,
    "std": 5.555638943709545,
    "p10": 3.0,
    "p90": 16.0,
    "n": 192
  },
  "9": {
    "mean": 8.679768786127168,
    "std": 5.243289837337084,
    "p10": 2.2800000000000007,
    "p90": 15.820000000000011,
    "n": 173
  },
  "10": {
    "mean": 8.86132596685083,
    "std": 5.313321456368969,
    "p10": 2.0,
    "p90": 16.0,
    "n": 181
  },
  "11": {
    "mean": 8.777653631284917,
    "std": 5.137792674363965,
    "p10": 2.8200000000000007,
    "p90": 16.0,
    "n": 179
  },
  "12": {
    "mean": 8.315555555555555,
    "std": 4.723704897407349,
    "p10": 3.0,
    "p90": 15.0,
    "n": 180
  },
  "13": {
    "mean": 7.484180790960451,
    "std": 4.351485970211452,
    "p10": 2.060000000000001,
    "p90": 13.480000000000004,
    "n": 177
  },
  "14": {
    "mean": 6.504347826086956,
    "std": 3.8928521591502454,
    "p10": 2.0,
    "p90": 12.0,
    "n": 184
  },
  "15": {
    "mean": 5.114285714285715,
    "std": 3.688720175745838,
    "p10": 1.0,
    "p90": 9.0,
    "n": 189
  },
  "16": {
    "mean": 4.019662921348314,
    "std": 3.6439883003645437,
    "p10": 1.0,
    "p90": 7.93,
    "n": 178
  },
  "17": {
    "mean": 2.9700564971751415,
    "std": 3.253434635674753,
    "p10": 0.0,
    "p90": 7.0,
    "n": 177
  },
  "18": {
    "mean": 2.735911602209945,
    "std": 3.392898281366236,
    "p10": 0.0,
    "p90": 7.0,
    "n": 181
  },
  "19": {
    "mean": 3.028712871287129,
    "std": 3.744869435811652,
    "p10": 0.0,
    "p90": 7.810000000000004,
    "n": 202
  },
  "20": {
    "mean": 3.708910891089109,
    "std": 4.009940360343611,
    "p10": 0.0,
    "p90": 9.0,
    "n": 202
  },
  "21": {
    "mean": 4.141578947368421,
    "std": 3.9337916912889392,
    "p10": 0.0,
    "p90": 9.099999999999994,
    "n": 190
  },
  "22": {
    "mean": 4.8556122448979595,
    "std": 4.171640411852155,
    "p10": 1.0,
    "p90": 11.0,
    "n": 196
  },
  "23": {
    "mean": 5.641624365482234,
    "std": 4.5061062200465365,
    "p10": 1.0,
    "p90": 13.0,
    "n": 197
  }
}