{
  "0": {
    "mean": 8.031724137931034,
    "std": 6.80696848261924,
    "p10": 0.0,
    "p90": 18.0,
    "n": 145
  },
  "1": {
    "mean": 8.882876712328768,
    "std": 6.62872910884797,
    "p10": 2.0,
    "p90": 19.0,
    "n": 146
  },
  "2": {
    "mean": 9.05448275862069,
    "std": 6.078799444133056,
    "p10": 2.0,
    "p90": 17.0,
    "n": 145
  },
  "3": {
    "mean": 9.143478260869564,
    "std": 6.00897086688611,
    "p10": 2.0,
    "p90": 17.0,
    "n": 138
  },
  "4": {
    "mean": 9.833757961783439,
    "std": 5.9222478639073195,
    "p10": 3.0,
    "p90": 18.040000000000003,
    "n": 157
  },
  "5": {
    "mean": 10.053691275167786,
    "std": 6.099197150200832,
    "p10": 3.0,
    "p90": 18.020000000000003,
    "n": 149
  },
  "6": {
    "mean": 10.867320261437909,
    "std": 5.977444776928641,
    "p10": 3.200000000000001,
    "p90": 19.0,
    "n": 153
  },
  "7": {
    "mean": 10.99139072847682,
    "std": 6.136328331039127,
    "p10": 4.0,
    "p90": 19.0,
    "n": 151
  },
  "8": {
    "mean": 11.041212121212121,
    "std": 6.005464867760109,
    "p10": 4.0,
    "p90": 19.0,
    "n": 165
  },
  "9": {
    "mean": 11.590131578947368,
    "std": 6.059295960112957,
    "p10": 4.0,
    "p90": 19.0,
    "n": 152
  },
  "10": {
    "mean": 11.770886075949367,
    "std": 5.8085079680554905,
    "p10": 5.0,
    "p90": 19.0,
    "n": 158
  },
  "11": {
    "mean": 10.805228758169934,
    "std": 5.752605712216001,
    "p10": 3.0,
    "p90": 18.080000000000002,
    "n": 153
  },
  "12": {
    "mean": 9.84705882352941,
    "std": 5.570824596709763,
    "p10": 3.0,
    "p90": 17.0,
    "n": 153
  },
  "13": {
    "mean": 7.982781456953643,
    "std": 5.008988741444775,
    "p10": 2.0,
    "p90": 14.0,
    "n": 151
  },
  "14": {
    "mean": 6.070629370629371,
    "std": 4.134343147717052,
    "p10": 1.8399999999999979,
    "p90": 11.839999999999998,
    "n": 143
  },
  "15": {
    "mean": 5.05472972972973,
    "std": 4.329574525598978,
    "p10": 1.0,
    "p90": 10.030000000000001,
    "n": 148
  },
  "16": {
    "mean": 3.673648648648649,
    "std": 3.4599430117300964,
    "p10": 0.0,
    "p90": 8.0,
    "n": 148
  },
  "17": {
    "mean": 3.1187500000000004,
    "std": 3.1239872484809106,
    "p10": 0.0,
    "p90": 6.700000000000017,
    "n": 144
  },
  "18": {
    "mean": 3.0789473684210527,
    "std": 4.041385762907171,
    "p10": 0.0,
    "p90": 7.0,
    "n": 152
  },
  "19": {
    "mean": 3.336708860759494,
    "std": 4.5268393443693045,
    "p10": 0.0,
    "p90": 8.0,
    "n": 158
  },
  "20": {
    "mean": 3.224675324675325,
    "std": 3.817628728619799,
    "p10": 0.0,
    "p90": 7.700000000000017,
    "n": 154
  },
  "21": {
    "mean": 4.717901234567901,
    "std": 4.348368785622358,
    "p10": 0.0,
    "p90": 11.0,
    "n": 162
  },
  "22": {
    "mean": 5.474375,
    "std": 4.362983902988395,
    "p10": 1.0,
    "p90": 12.0,
    "n": 160
  },
  "23": {
    "mean": 5.9868421052631575,
    "std": 4.471627764284654,
    "p10": 1.0,
    "p90": 12.0,
    "n": 152
  }
}