{
  "0": {
    "mean": 6.819259259259258,
    "std": 5.620969485299763,
    "p10": 0.0,
    "p90": 14.600000000000009,
    "n": 135
  },
  "1": {
    "mean": 7.656551724137931,
    "std": 5.40955704945094,
    "p10": 1.4000000000000004,
    "p90": 15.0,
    "n": 145
  },
  "2": {
    "mean": 8.436842105263157,
    "std": 5.607374388063516,
    "p10": 2.200000000000001,
    "p90": 16.799999999999997,
    "n": 133
  },
  "3": {
    "mean": 8.970454545454544,
    "std": 5.2899838905996335,
    "p10": 3.0,
    "p90": 16.0,
    "n": 132
  },
  "4": {
    "mean": 9.342335766423359,
    "std": 5.216062897544262,
    "p10": 3.6000000000000014,
    "p90": 16.400000000000006,
    "n": 137
  },
  "5": {
    "mean": 9.840298507462686,
    "std": 5.152517734852319,
    "p10": 3.3000000000000007,
    "p90": 16.0,
    "n": 134
  },
  "6": {
    "mean": 10.385384615384615,
    "std": 4.943480736172516,
    "p10": 4.9,
    "p90": 17.0,
    "n": 130
  },
  "7": {
    "mean": 10.62962962962963,
    "std": 4.919866429355335,
    "p10": 4.4,
    "p90": 16.60000000000001,
    "n": 135
  },
  "8": {
    "mean": 10.609285714285713,
    "std": 4.878965222708476,
    "p10": 4.9,
    "p90": 16.0,
    "n": 140
  },
  "9": {
    "mean": 11.053846153846154,
    "std": 4.7565728305605655,
    "p10": 6.0,
    "p90": 16.10000000000001,
    "n": 130
  },
  "10": {
    "mean": 11.16934306569343,
    "std": 4.841526285289218,
    "p10": 5.600000000000001,
    "p90": 17.0,
    "n": 137
  },
  "11": {
    "mean": 11.135114503816794,
    "std": 4.60188796814996,
    "p10": 6.0,
    "p90": 17.0,
    "n": 131
  },
  "12": {
    "mean": 9.380882352941176,
    "std": 3.860215206165131,
    "p10": 5.0,
    "p90": 15.0,
    "n": 136
  },
  "13": {
    "mean": 7.246715328467153,
    "std": 3.535638953297146,
    "p10": 3.0,
    "p90": 12.0,
    "n": 137
  },
  "14": {
    "mean": 5.466666666666668,
    "std": 3.0482574496454102,
    "p10": 2.0,
    "p90": 9.0,
    "n": 138
  },
  "15": {
    "mean": 3.913636363636364,
    "std": 2.8977688897693197,
    "p10": 1.0,
    "p90": 7.0,
    "n": 132
  },
  "16": {
    "mean": 2.627906976744186,
    "std": 2.666545539884714,
    "p10": 0.0,
    "p90": 5.0,
    "n": 129
  },
  "17": {
    "mean": 2.014705882352941,
    "std": 2.8570518192779084,
    "p10": 0.0,
    "p90": 4.5,
    "n": 136
  },
  "18": {
    "mean": 1.7173913043478262,
    "std": 2.998756750745684,
    "p10": 0.0,
    "p90": 5.299999999999997,
    "n": 138
  },
  "19": {
    "mean": 2.102189781021898,
    "std": 3.299475607918286,
    "p10": 0.0,
    "p90": 6.400000000000006,
    "n": 137
  },
  "20": {
    "mean": 3.1470588235294117,
    "std": 3.452383850090546,
    "p10": 0.5,
    "p90": 8.0,
    "n": 136
  },
  "21": {
    "mean": 4.6879432624113475,
    "std": 3.7495423564045947,
    "p10": 1.0,
    "p90": 11.0,
    "n": 141
  },
  "22": {
    "mean": 5.67910447761194,
    "std": 4.032948409813892,
    "p10": 1.0,
    "p90": 12.0,
    "n": 134
  },
  "23": {
    "mean": 6.197183098591549,
    "std": 4.403801447169854,
    "p10": 1.0,
    "p90": 12.900000000000006,
    "n": 142
  }
}