{
  "0": {
    "mean": 6.4,
    "std": 5.020266618724241,
    "p10": 0.0,
    "p90": 13.0,
    "n": 105
  },
  "1": {
    "mean": 6.791150442477876,
    "std": 5.0902841192476656,
    "p10": 1.0,
    "p90": 13.799999999999997,
    "n": 113
  },
  "2": {
    "mean": 7.992156862745097,
    "std": 4.652342884158917,
    "p10": 2.0,
    "p90": 14.0,
    "n": 102
  },
  "3": {
    "mean": 8.31764705882353,
    "std": 4.586536728439869,
    "p10": 2.0,
    "p90": 14.900000000000006,
    "n": 102
  },
  "4": {
    "mean": 9.194285714285714,
    "std": 4.449499292734402,
    "p10": 3.0,
    "p90": 15.0,
    "n": 105
  },
  "5": {
    "mean": 9.110280373831776,
    "std": 4.5885200183048935,
    "p10": 3.0,
    "p90": 16.0,
    "n": 107
  },
  "6": {
    "mean": 9.918,
    "std": 4.698858232259056,
    "p10": 3.0,
    "p90": 16.0,
    "n": 100
  },
  "7": {
    "mean": 9.816666666666666,
    "std": 4.7677361935424845,
    "p10": 3.0,
    "p90": 16.0,
    "n": 108
  },
  "8": {
    "mean": 10.575862068965517,
    "std": 4.770864850767402,
    "p10": 4.0,
    "p90": 16.5,
    "n": 116
  },
  "9": {
    "mean": 9.788034188034189,
    "std": 4.895972348798594,
    "p10": 3.0,
    "p90": 16.0,
    "n": 117
  },
  "10": {
    "mean": 10.49056603773585,
    "std": 4.611631842198425,
    "p10": 4.0,
    "p90": 16.0,
    "n": 106
  },
  "11": {
    "mean": 9.432,
    "std": 4.19742297081907,
    "p10": 3.9000000000000004,
    "p90": 14.0,
    "n": 100
  },
  "12": {
    "mean": 7.761467889908257,
    "std": 3.5295028570523757,
    "p10": 3.0,
    "p90": 12.0,
    "n": 109
  },
  "13": {
    "mean": 5.205172413793104,
    "std": 3.2724899396021985,
    "p10": 1.0,
    "p90": 10.0,
    "n": 116
  },
  "14": {
    "mean": 4.066,
    "std": 2.4011874166963754,
    "p10": 1.0,
    "p90": 7.0,
    "n": 100
  },
  "15": {
    "mean": 3.03298969072165,
    "std": 2.2304111004422356,
    "p10": 0.0,
    "p90": 6.0,
    "n": 97
  },
  "16": {
    "mean": 2.5784313725490198,
    "std": 2.1534971535372756,
    "p10": 0.0,
    "p90": 5.0,
    "n": 102
  },
  "17": {
    "mean": 2.1898989898989902,
    "std": 2.1303202283711085,
    "p10": 0.0,
    "p90": 5.0,
    "n": 99
  },
  "18": {
    "mean": 2.275675675675676,
    "std": 2.7417385398922023,
    "p10": 0.0,
    "p90": 6.0,
    "n": 111
  },
  "19": {
    "mean": 2.8333333333333335,
    "std": 3.002847933141297,
    "p10": 0.0,
    "p90": 8.0,
    "n": 102
  },
  "20": {
    "mean": 3.761165048543689,
    "std": 3.4568554510923364,
    "p10": 0.0,
    "p90": 9.799999999999997,
    "n": 103
  },
  "21": {
    "mean": 4.211428571428572,
    "std": 3.0889167346185604,
    "p10": 1.0,
    "p90": 9.0,
    "n": 105
  },
  "22": {
    "mean": 5.348,
    "std": 2.938098058612101,
    "p10": 2.0,
    "p90": 10.0,
    "n": 100
  },
  "23": {
    "mean": 6.143689320388349,
    "std": 3.0508651907837234,
    "p10": 3.0,
    "p90": 10.0,
    "n": 103
  }
}