{
  "0": {
    "mean": 8.75764705882353,
    "std": 5.835787904508819,
    "p10": 2.0,
    "p90": 16.099999999999994,
    "n": 170
  },
  "1": {
    "mean": 9.622499999999999,
    "std": 5.559104380152793,
    "p10": 2.0,
    "p90": 17.099999999999994,
    "n": 160
  },
  "2": {
    "mean": 10.297005988023951,
    "std": 5.84139182487968,
    "p10": 4.0,
    "p90": 19.0,
    "n": 167
  },
  "3": {
    "mean": 10.97012987012987,
    "std": 5.809740860994782,
    "p10": 4.0,
    "p90": 19.0,
    "n": 154
  },
  "4": {
    "mean": 11.747674418604651,
    "std": 5.7605479503861865,
    "p10": 5.100000000000001,
    "p90": 20.0,
    "n": 172
  },
  "5": {
    "mean": 12.192727272727273,
    "std": 5.746680522599532,
    "p10": 5.400000000000002,
    "p90": 20.0,
    "n": 165
  },
  "6": {
    "mean": 12.423456790123456,
    "std": 5.840504777064764,
    "p10": 5.100000000000001,
    "p90": 20.0,
    "n": 162
  },
  "7": {
    "mean": 13.197515527950312,
    "std": 6.097867970759934,
    "p10": 6.0,
    "p90": 21.0,
    "n": 161
  },
  "8": {
    "mean": 13.427710843373495,
    "std": 6.126184501480897,
    "p10": 6.0,
    "p90": 21.5,
    "n": 166
  },
  "9": {
    "mean": 13.561963190184048,
    "std": 5.8721587149825325,
    "p10": 7.0,
    "p90": 21.80000000000001,
    "n": 163
  },
  "10": {
    "mean": 12.239759036144578,
    "std": 5.38276575881877,
    "p10": 5.0,
    "p90": 19.2,
    "n": 166
  },
  "11": {
    "mean": 10.695705521472393,
    "std": 5.167244289016798,
    "p10": 4.0,
    "p90": 17.80000000000001,
    "n": 163
  },
  "12": {
    "mean": 8.815384615384614,
    "std": 4.808672720547046,
    "p10": 3.0,
    "p90": 15.0,
    "n": 169
  },
  "13": {
    "mean": 6.997530864197531,
    "std": 4.647686268921448,
    "p10": 2.0,
    "p90": 12.0,
    "n": 162
  },
  "14": {
    "mean": 5.259740259740259,
    "std": 3.7029668282050365,
    "p10": 1.0,
    "p90": 10.0,
    "n": 154
  },
  "15": {
    "mean": 3.7895424836601306,
    "std": 3.020699714136759,
    "p10": 0.0,
    "p90": 8.0,
    "n": 153
  },
  "16": {
    "mean": 3.2320512820512826,
    "std": 3.1280208558723728,
    "p10": 0.0,
    "p90": 7.5,
    "n": 156
  },
  "17": {
    "mean": 3.341463414634146,
    "std": 3.8556134272633975,
    "p10": 0.0,
    "p90": 10.0,
    "n": 164
  },
  "18": {
    "mean": 3.475739644970414,
    "std": 3.961353884529684,
    "p10": 0.0,
    "p90": 10.0,
    "n": 169
  },
  "19": {
    "mean": 3.3365269461077847,
    "std": 3.6432535320738144,
    "p10": 0.0,
    "p90": 8.0,
    "n": 167
  },
  "20": {
    "mean": 4.186046511627907,
    "std": 4.9813491394687395,
    "p10": 0.0,
    "p90": 10.900000000000006,
    "n": 172
  },
  "21": {
    "mean": 4.730810810810811,
    "std": 4.535748331418913,
    "p10": 1.0,
    "p90": 11.0,
    "n": 185
  },
  "22": {
    "mean": 5.802197802197802,
    "std": 4.875147891724207,
    "p10": 1.0,
    "p90": 14.0,
    "n": 182
  },
  "23": {
    "mean": 7.637426900584796,
    "std": 5.006725164179182,
    "p10": 2.0,
    "p90": 15.0,
    "n": 171
  }
}