{
  "0": {
    "mean": 7.551282051282051,
    "std": 5.786853701718674,
    "p10": 0.0,
    "p90": 16.0,
    "n": 156
  },
  "1": {
    "mean": 9.222666666666667,
    "std": 5.861009220498975,
    "p10": 2.0,
    "p90": 16.819999999999997,
    "n": 150
  },
  "2": {
    "mean": 9.848648648648648,
    "std": 5.846313874274009,
    "p10": 3.0,
    "p90": 17.72,
    "n": 148
  },
  "3": {
    "mean": 9.841379310344827,
    "std": 5.5598709293434005,
    "p10": 3.0,
    "p90": 17.0,
    "n": 145
  },
  "4": {
    "mean": 10.364473684210527,
    "std": 5.807740985124618,
    "p10": 2.0,
    "p90": 18.0,
    "n": 152
  },
  "5": {
    "mean": 11.280254777070065,
    "std": 5.575627359095392,
    "p10": 4.0,
    "p90": 18.0,
    "n": 157
  },
  "6": {
    "mean": 11.542281879194633,
    "std": 5.560201012408242,
    "p10": 3.0,
    "p90": 19.0,
    "n": 149
  },
  "7": {
    "mean": 11.998620689655173,
    "std": 5.579003124400358,
    "p10": 4.0,
    "p90": 19.0,
    "n": 145
  },
  "8": {
    "mean": 12.103184713375796,
    "std": 5.546798804001504,
    "p10": 5.0,
    "p90": 20.0,
    "n": 157
  },
  "9": {
    "mean": 12.095597484276729,
    "std": 5.32183638610771,
    "p10": 5.0,
    "p90": 19.0,
    "n": 159
  },
  "10": {
    "mean": 11.321917808219178,
    "std": 5.117832153541048,
    "p10": 4.5,
    "p90": 19.0,
    "n": 146
  },
  "11": {
    "mean": 9.517880794701986,
    "std": 4.359894281481532,
    "p10": 4.0,
    "p90": 15.0,
    "n": 151
  },
  "12": {
    "mean": 7.563636363636363,
    "std": 3.8829084760053996,
    "p10": 2.6799999999999957,
    "p90": 13.0,
    "n": 143
  },
  "13": {
    "mean": 6.103546099290781,
    "std": 3.2187488995286397,
    "p10": 2.0,
    "p90": 10.0,
    "n": 141
  },
  "14": {
    "mean": 4.756944444444445,
    "std": 3.0548517590251847,
    "p10": 1.0,
    "p90": 9.0,
    "n": 144
  },
  "15": {
    "mean": 4.1959183673469385,
    "std": 3.225962265934875,
    "p10": 1.0,
    "p90": 8.400000000000006,
    "n": 147
  },
  "16": {
    "mean": 3.3483443708609273,
    "std": 3.0321357556379462,
    "p10": 1.0,
    "p90": 7.0,
    "n": 151
  },
  "17": {
    "mean": 2.6954838709677422,
    "std": 2.803368612230091,
    "p10": 0.0,
    "p90": 6.0,
    "n": 155
  },
  "18": {
    "mean": 3.682926829268293,
    "std": 3.729761086381319,
    "p10": 0.0,
    "p90": 9.0,
    "n": 164
  },
  "19": {
    "mean": 3.7950920245398776,
    "std": 3.9028290416717257,
    "p10": 0.0,
    "p90": 8.0,
    "n": 163
  },
  "20": {
    "mean": 4.305454545454546,
    "std": 4.479468807596071,
    "p10": 0.0,
    "p90": 10.0,
    "n": 165
  },
  "21": {
    "mean": 4.45398773006135,
    "std": 4.050914321403835,
    "p10": 0.0,
    "p90": 10.0,
    "n": 163
  },
  "22": {
    "mean": 6.222857142857142,
    "std": 5.165262270064804,
    "p10": 1.0,
    "p90": 13.599999999999994,
    "n": 175
  },
  "23": {
    "mean": 7.097206703910615,
    "std": 4.65305783435392,
    "p10": 2.0,
    "p90": 14.0,
    "n": 179
  }
}