{
  "0": {
    "mean": 6.824161073825503,
    "std": 5.282142928757781,
    "p10": 0.0,
    "p90": 14.0,
    "n": 149
  },
  "1": {
    "mean": 7.435443037974683,
    "std": 5.330719480954963,
    "p10": 1.0,
    "p90": 15.0,
    "n": 158
  },
  "2": {
    "mean": 7.96625,
    "std": 5.313148369609519,
    "p10": 2.0,
    "p90": 15.0,
    "n": 160
  },
  "3": {
    "mean": 8.552201257861634,
    "std": 5.261681837274775,
    "p10": 3.0,
    "p90": 16.0,
    "n": 159
  },
  "4": {
    "mean": 9.218064516129031,
    "std": 5.352429609353435,
    "p10": 3.0,
    "p90": 17.0,
    "n": 155
  },
  "5": {
    "mean": 9.665408805031447,
    "std": 5.712765933442552,
    "p10": 2.0,
    "p90": 18.0,
    "n": 159
  },
  "6": {
    "mean": 10.10909090909091,
    "std": 5.945338594040101,
    "p10": 2.0,
    "p90": 18.0,
    "n": 165
  },
  "7": {
    "mean": 10.547560975609755,
    "std": 6.0167807385994925,
    "p10": 2.3000000000000007,
    "p90": 18.700000000000017,
    "n": 164
  },
  "8": {
    "mean": 10.44561403508772,
    "std": 6.087520605364963,
    "p10": 2.0,
    "p90": 19.0,
    "n": 171
  },
  "9": {
    "mean": 10.450887573964497,
    "std": 6.125397152752775,
    "p10": 2.0,
    "p90": 18.200000000000017,
    "n": 169
  },
  "10": {
    "mean": 10.737724550898204,
    "std": 6.0822833454842495,
    "p10": 3.0,
    "p90": 19.0,
    "n": 167
  },
  "11": {
    "mean": 9.970238095238095,
    "std": 5.624226462035879,
    "p10": 3.0,
    "p90": 17.0,
    "n": 168
  },
  "12": {
    "mean": 7.911764705882353,
    "std": 4.761182085947953,
    "p10": 2.0,
    "p90": 15.0,
    "n": 170
  },
  "13": {
    "mean": 5.827906976744186,
    "std": 3.7426778780571537,
    "p10": 2.0,
    "p90": 11.0,
    "n": 172
  },
  "14": {
    "mean": 4.34,
    "std": 3.0112884265984348,
    "p10": 1.0,
    "p90": 9.0,
    "n": 170
  },
  "15": {
    "mean": 3.04320987654321,
    "std": 2.618493155019356,
    "p10": 0.0,
    "p90": 6.0,
    "n": 162
  },
  "16": {
    "mean": 2.3141104294478527,
    "std": 2.688335050873451,
    "p10": 0.0,
    "p90": 5.0,
    "n": 163
  },
  "17": {
    "mean": 1.6525641025641027,
    "std": 2.3169626590875985,
    "p10": 0.0,
    "p90": 4.0,
    "n": 156
  },
  "18": {
    "mean": 1.5300613496932514,
    "std": 2.435897557327324,
    "p10": 0.0,
    "p90": 3.0,
    "n": 163
  },
  "19": {
    "mean": 2.118292682926829,
    "std": 2.852858992160071,
    "p10": 0.0,
    "p90": 4.0,
    "n": 164
  },
  "20": {
    "mean": 2.8734177215189876,
    "std": 2.5776456379006816,
    "p10": 1.0,
    "p90": 5.0,
    "n": 158
  },
  "21": {
    "mean": 4.029761904761905,
    "std": 3.038013839119856,
    "p10": 1.0,
    "p90": 7.0,
    "n": 168
  },
  "22": {
    "mean": 5.081012658227848,
    "std": 3.167915425002084,
    "p10": 1.0,
    "p90": 9.0,
    "n": 158
  },
  "23": {
    "mean": 5.842499999999999,
    "std": 3.6070083773069146,
    "p10": 1.7199999999999978,
    "p90": 10.0,
    "n": 160
  }
}