{
  "0": {
    "mean": 5.315740740740741,
    "std": 5.107318590463387,
    "p10": 0.0,
    "p90": 13.0,
    "n": 108
  },
  "1": {
    "mean": 6.495402298850574,
    "std": 5.151538673868881,
    "p10": 1.0,
    "p90": 13.0,
    "n": 87
  },
  "2": {
    "mean": 6.827083333333333,
    "std": 5.161731230725366,
    "p10": 1.0,
    "p90": 13.5,
    "n": 96
  },
  "3": {
    "mean": 7.060999999999999,
    "std": 4.996865583199701,
    "p10": 1.0,
    "p90": 14.0,
    "n": 100
  },
  "4": {
    "mean": 7.75,
    "std": 4.929041950060331,
    "p10": 2.0,
    "p90": 15.0,
    "n": 100
  },
  "5": {
    "mean": 8.575824175824176,
    "std": 4.801720540235567,
    "p10": 3.0,
    "p90": 15.0,
    "n": 91
  },
  "6": {
    "mean": 8.26,
    "std": 5.001114769345949,
    "p10": 2.0,
    "p90": 15.0,
    "n": 95
  },
  "7": {
    "mean": 8.895145631067962,
    "std": 4.828578702113617,
    "p10": 4.0,
    "p90": 15.959999999999999,
    "n": 103
  },
  "8": {
    "mean": 9.429906542056075,
    "std": 4.890561085093639,
    "p10": 4.0,
    "p90": 16.0,
    "n": 107
  },
  "9": {
    "mean": 10.078217821782179,
    "std": 4.977782718447966,
    "p10": 4.0,
    "p90": 17.0,
    "n": 101
  },
  "10": {
    "mean": 8.979166666666666,
    "std": 4.896721065466405,
    "p10": 3.0,
    "p90": 16.0,
    "n": 96
  },
  "11": {
    "mean": 9.457843137254903,
    "std": 4.979789575150159,
    "p10": 3.0,
    "p90": 17.0,
    "n": 102
  },
  "12": {
    "mean": 8.926881720430108,
    "std": 4.729122075546696,
    "p10": 3.0,
    "p90": 14.0,
    "n": 93
  },
  "13": {
    "mean": 7.561224489795919,
    "std": 4.3164187297012475,
    "p10": 2.0,
    "p90": 13.0,
    "n": 98
  },
  "14": {
    "mean": 6.035483870967742,
    "std": 3.8534751442350093,
    "p10": 2.0,
    "p90": 10.799999999999997,
    "n": 93
  },
  "15": {
    "mean": 4.836,
    "std": 3.7962639794961865,
    "p10": 1.0,
    "p90": 8.100000000000009,
    "n": 100
  },
  "16": {
    "mean": 3.544329896907217,
    "std": 3.5099848371041484,
    "p10": 1.0,
    "p90": 7.0,
    "n": 97
  },
  "17": {
    "mean": 2.9864077669902915,
    "std": 3.4113722310475887,
    "p10": 0.0,
    "p90": 5.799999999999997,
    "n": 103
  },
  "18": {
    "mean": 2.6630434782608696,
    "std": 3.6125154059918447,
    "p10": 0.0,
    "p90": 6.0,
    "n": 92
  },
  "19": {
    "mean": 2.5702970297029704,
    "std": 3.5239337268017827,
    "p10": 0.0,
    "p90": 6.0,
    "n": 101
  },
  "20": {
    "mean": 3.21010101010101,
    "std": 3.674303903240222,
    "p10": 0.0,
    "p90": 6.200000000000003,
    "n": 99
  },
  "21": {
    "mean": 4.071171171171171,
    "std": 3.718855820798731,
    "p10": 1.0,
    "p90": 8.0,
    "n": 111
  },
  "22": {
    "mean": 4.474757281553398,
    "std": 4.111168872636313,
    "p10": 1.0,
    "p90": 8.799999999999997,
    "n": 103
  },
  "23": {
    "mean": 5.28469387755102,
    "std": 4.911680839408191,
    "p10": 0.7000000000000011,
    "p90": 12.0,
    "n": 98
  }
}