{
  "0": {
    "mean": 6.445604395604395,
    "std": 6.144885796814465,
    "p10": 0.0,
    "p90": 14.900000000000006,
    "n": 182
  },
  "1": {
    "mean": 7.199999999999999,
    "std": 5.707461456643377,
    "p10": 1.0,
    "p90": 14.0,
    "n": 173
  },
  "2": {
    "mean": 7.802747252747253,
    "std": 5.636948268440094,
    "p10": 1.0100000000000002,
    "p90": 15.0,
    "n": 182
  },
  "3": {
    "mean": 8.17554347826087,
    "std": 5.372150379784371,
    "p10": 3.0,
    "p90": 15.0,
    "n": 184
  },
  "4": {
    "mean": 8.887573964497042,
    "std": 5.4041451822417494,
    "p10": 3.0,
    "p90": 15.0,
    "n": 169
  },
  "5": {
    "mean": 9.312209302325583,
    "std": 5.461264104285295,
    "p10": 3.0,
    "p90": 16.0,
    "n": 172
  },
  "6": {
    "mean": 9.50246913580247,
    "std": 5.626335045072779,
    "p10": 3.0,
    "p90": 17.0,
    "n": 162
  },
  "7": {
    "mean": 9.636645962732919,
    "std": 5.462688091052263,
    "p10": 4.0,
    "p90": 17.0,
    "n": 161
  },
  "8": {
    "mean": 9.861006289308174,
    "std": 5.535500068312645,
    "p10": 4.0,
    "p90": 17.0,
    "n": 159
  },
  "9": {
    "mean": 10.165269461077843,
    "std": 5.540278886283319,
    "p10": 4.0,
    "p90": 17.040000000000003,
    "n": 167
  },
  "10": {
    "mean": 10.113609467455621,
    "std": 5.843595750816225,
    "p10": 4.0,
    "p90": 17.020000000000003,
    "n": 169
  },
  "11": {
    "mean": 10.11453488372093,
    "std": 5.817876093433244,
    "p10": 3.0,
    "p90": 17.0,
    "n": 172
  },
  "12": {
    "mean": 9.553529411764705,
    "std": 5.2005705663038695,
    "p10": 3.0,
    "p90": 17.0,
    "n": 170
  },
  "13": {
    "mean": 8.115254237288136,
    "std": 4.496936339406856,
    "p10": 3.0,
    "p90": 14.0,
    "n": 177
  },
  "14": {
    "mean": 6.845714285714286,
    "std": 4.082563346859003,
    "p10": 2.0,
    "p90": 12.0,
    "n": 175
  },
  "15": {
    "mean": 5.582802547770701,
    "std": 3.785078299903944,
    "p10": 2.0,
    "p90": 11.0,
    "n": 157
  },
  "16": {
    "mean": 4.35379746835443,
    "std": 3.716731597470665,
    "p10": 1.0,
    "p90": 8.030000000000001,
    "n": 158
  },
  "17": {
    "mean": 3.751552795031056,
    "std": 4.227914757744977,
    "p10": 0.0,
    "p90": 10.899999999999999,
    "n": 161
  },
  "18": {
    "mean": 3.0567073170731707,
    "std": 4.315958844586795,
    "p10": 0.0,
    "p90": 8.0,
    "n": 164
  },
  "19": {
    "mean": 2.804790419161677,
    "std": 4.258072537301319,
    "p10": 0.0,
    "p90": 8.400000000000006,
    "n": 167
  },
  "20": {
    "mean": 3.2913043478260864,
    "std": 4.567302468776563,
    "p10": 0.0,
    "p90": 9.0,
    "n": 184
  },
  "21": {
    "mean": 4.564161849710982,
    "std": 5.165031013362959,
    "p10": 0.0,
    "p90": 12.0,
    "n": 173
  },
  "22": {
    "mean": 5.13879781420765,
    "std": 5.269325777668711,
    "p10": 0.0,
    "p90": 12.0,
    "n": 183
  },
  "23": {
    "mean": 5.4456140350877185,
    "std": 5.423003406256755,
    "p10": 0.0,
    "p90": 12.0,
    "n": 171
  }
}