{
  "0": {
    "mean": 8.049162011173184,
    "std": 7.704736385949602,
    "p10": 0.0,
    "p90": 19.400000000000034,
    "n": 179
  },
  "1": {
    "mean": 9.069613259668508,
    "std": 7.935252874542455,
    "p10": 1.0,
    "p90": 22.0,
    "n": 181
  },
  "2": {
    "mean": 9.644848484848485,
    "std": 7.929394265769937,
    "p10": 2.0,
    "p90": 22.0,
    "n": 165
  },
  "3": {
    "mean": 10.031446540880504,
    "std": 7.538442729128603,
    "p10": 2.0,
    "p90": 20.0,
    "n": 159
  },
  "4": {
    "mean": 9.270391061452514,
    "std": 7.198826789802807,
    "p10": 2.0,
    "p90": 20.0,
    "n": 179
  },
  "5": {
    "mean": 10.781609195402298,
    "std": 8.028742135957245,
    "p10": 3.0,
    "p90": 24.700000000000017,
    "n": 174
  },
  "6": {
    "mean": 11.442603550295857,
    "std": 7.498862316266425,
    "p10": 3.0,
    "p90": 22.400000000000034,
    "n": 169
  },
  "7": {
    "mean": 11.038323353293414,
    "std": 7.2608517583172425,
    "p10": 3.2399999999999998,
    "p90": 22.0,
    "n": 167
  },
  "8": {
    "mean": 11.422093023255814,
    "std": 7.249164519922978,
    "p10": 3.0,
    "p90": 22.0,
    "n": 172
  },
  "9": {
    "mean": 11.607142857142858,
    "std": 7.165181708344972,
    "p10": 3.0,
    "p90": 22.0,
    "n": 168
  },
  "10": {
    "mean": 11.066666666666666,
    "std": 6.774867048836585,
    "p10": 3.0,
    "p90": 21.0,
    "n": 171
  },
  "11": {
    "mean": 10.169411764705883,
    "std": 6.390525967175069,
    "p10": 3.0,
    "p90": 19.0,
    "n": 170
  },
  "12": {
    "mean": 8.805524861878453,
    "std": 5.755323369203564,
    "p10": 3.0,
    "p90": 16.0,
    "n": 181
  },
  "13": {
    "mean": 7.262068965517241,
    "std": 5.169748406335811,
    "p10": 2.0,
    "p90": 14.0,
    "n": 174
  },
  "14": {
    "mean": 5.93491124260355,
    "std": 4.579953747731624,
    "p10": 1.0,
    "p90": 12.0,
    "n": 169
  },
  "15": {
    "mean": 5.384971098265896,
    "std": 4.879811832089603,
    "p10": 1.0,
    "p90": 12.0,
    "n": 173
  },
  "16": {
    "mean": 4.3760479041916165,
    "std": 4.569295239491881,
    "p10": 0.0,
    "p90": 10.0,
    "n": 167
  },
  "17": {
    "mean": 3.6701754385964915,
    "std": 4.298808244383718,
    "p10": 0.0,
    "p90": 9.0,
    "n": 171
  },
  "18": {
    "mean": 3.9391812865497076,
    "std": 5.006541300773786,
    "p10": 0.0,
    "p90": 12.0,
    "n": 171
  },
  "19": {
    "mean": 4.232608695652174,
    "std": 5.344137458877484,
    "p10": 0.0,
    "p90": 12.0,
    "n": 184
  },
  "20": {
    "mean": 4.531818181818182,
    "std": 5.584868238978717,
    "p10": 0.0,
    "p90": 11.5,
    "n": 176
  },
  "21": {
    "mean": 5.226285714285714,
    "std": 5.823771680325805,
    "p10": 0.40000000000000213,
    "p90": 13.0,
    "n": 175
  },
  "22": {
    "mean": 5.961497326203208,
    "std": 5.704159386368894,
    "p10": 1.0,
    "p90": 14.0,
    "n": 187
  },
  "23": {
    "mean": 6.911602209944752,
    "std": 5.698238341491125,
    "p10": 2.0,
    "p90": 14.0,
    "n": 181
  }
}