{
  "0": {
    "mean": 8.776190476190475,
    "std": 5.954580469808817,
    "p10": 0.5,
    "p90": 17.0,
    "n": 126
  },
  "1": {
    "mean": 9.049586776859504,
    "std": 5.473955364069358,
    "p10": 2.0,
    "p90": 17.0,
    "n": 121
  },
  "2": {
    "mean": 9.476521739130435,
    "std": 5.1915303905087455,
    "p10": 3.0,
    "p90": 17.0,
    "n": 115
  },
  "3": {
    "mean": 9.88695652173913,
    "std": 5.296084646775612,
    "p10": 3.4000000000000004,
    "p90": 17.0,
    "n": 115
  },
  "4": {
    "mean": 10.528813559322035,
    "std": 5.2405079302155615,
    "p10": 5.0,
    "p90": 18.299999999999997,
    "n": 118
  },
  "5": {
    "mean": 11.353719008264463,
    "std": 5.255711834476119,
    "p10": 5.0,
    "p90": 18.0,
    "n": 121
  },
  "6": {
    "mean": 11.613793103448277,
    "std": 5.327319197784421,
    "p10": 6.0,
    "p90": 19.5,
    "n": 116
  },
  "7": {
    "mean": 12.290756302521007,
    "std": 5.048829224860269,
    "p10": 6.0,
    "p90": 19.200000000000003,
    "n": 119
  },
  "8": {
    "mean": 12.417094017094017,
    "std": 4.989269357715937,
    "p10": 6.0,
    "p90": 19.0,
    "n": 117
  },
  "9": {
    "mean": 12.583870967741936,
    "std": 4.874596286752892,
    "p10": 6.0,
    "p90": 19.700000000000003,
    "n": 124
  },
  "10": {
    "mean": 11.851612903225806,
    "std": 4.700241887409344,
    "p10": 6.0,
    "p90": 18.700000000000003,
    "n": 124
  },
  "11": {
    "mean": 10.239316239316238,
    "std": 4.122372878468246,
    "p10": 5.0,
    "p90": 15.400000000000006,
    "n": 117
  },
  "12": {
    "mean": 8.192,
    "std": 3.9483275348659506,
    "p10": 3.0,
    "p90": 13.0,
    "n": 125
  },
  "13": {
    "mean": 6.586046511627907,
    "std": 3.8712228402753786,
    "p10": 2.0,
    "p90": 12.0,
    "n": 129
  },
  "14": {
    "mean": 4.806666666666667,
    "std": 3.337984430164769,
    "p10": 1.0,
    "p90": 9.100000000000009,
    "n": 120
  },
  "15": {
    "mean": 4.029059829059829,
    "std": 3.380192297862291,
    "p10": 1.0,
    "p90": 7.400000000000006,
    "n": 117
  },
  "16": {
    "mean": 2.8813559322033897,
    "std": 2.9946090923222695,
    "p10": 0.0,
    "p90": 5.299999999999997,
    "n": 118
  },
  "17": {
    "mean": 2.0,
    "std": 2.4936282437809005,
    "p10": 0.0,
    "p90": 5.0,
    "n": 111
  },
  "18": {
    "mean": 2.1130434782608694,
    "std": 2.7040100740472806,
    "p10": 0.0,
    "p90": 5.0,
    "n": 115
  },
  "19": {
    "mean": 3.1760683760683763,
    "std": 3.8400936045669685,
    "p10": 0.0,
    "p90": 7.400000000000006,
    "n": 117
  },
  "20": {
    "mean": 5.105185185185186,
    "std": 4.580218963000854,
    "p10": 1.0,
    "p90": 13.0,
    "n": 135
  },
  "21": {
    "mean": 5.616260162601626,
    "std": 4.561535080695573,
    "p10": 1.0,
    "p90": 11.959999999999999,
    "n": 123
  },
  "22": {
    "mean": 6.7025210084033615,
    "std": 4.021625065434093,
    "p10": 3.0,
    "p90": 11.200000000000003,
    "n": 119
  },
  "23": {
    "mean": 7.184873949579832,
    "std": 3.775492753909626,
    "p10": 3.0,
    "p90": 12.200000000000003,
    "n": 119
  }
}