{
  "0": {
    "mean": 7.791145833333334,
    "std": 5.861854212264788,
    "p10": 1.0,
    "p90": 17.0,
    "n": 192
  },
  "1": {
    "mean": 8.088235294117647,
    "std": 5.90906635168705,
    "p10": 1.0,
    "p90": 16.0,
    "n": 187
  },
  "2": {
    "mean": 8.879255319148937,
    "std": 5.923076007363823,
    "p10": 2.0,
    "p90": 17.93,
    "n": 188
  },
  "3": {
    "mean": 9.441379310344828,
    "std": 5.685909461547585,
    "p10": 3.0,
    "p90": 17.0,
    "n": 203
  },
  "4": {
    "mean": 9.5125,
    "std": 5.69381165881259,
    "p10": 2.0,
    "p90": 17.0,
    "n": 200
  },
  "5": {
    "mean": 9.87388888888889,
    "std": 5.949605534916152,
    "p10": 3.0,
    "p90": 17.0,
    "n": 180
  },
  "6": {
    "mean": 10.505729166666667,
    "std": 5.632638477610557,
    "p10": 4.0,
    "p90": 17.900000000000006,
    "n": 192
  },
  "7": {
    "mean": 10.81098901098901,
    "std": 5.775504580562601,
    "p10": 4.0,
    "p90": 18.900000000000006,
    "n": 182
  },
  "8": {
    "mean": 11.250802139037434,
    "std": 5.724117709015254,
    "p10": 4.239999999999999,
    "p90": 19.0,
    "n": 187
  },
  "9": {
    "mean": 11.212886597938144,
    "std": 5.9355510037100405,
    "p10": 4.12,
    "p90": 19.0,
    "n": 194
  },
  "10": {
    "mean": 11.24074074074074,
    "std": 6.0537733512917455,
    "p10": 4.0,
    "p90": 20.0,
    "n": 189
  },
  "11": {
    "mean": 11.57183908045977,
    "std": 5.906551673150488,
    "p10": 4.300000000000001,
    "p90": 20.0,
    "n": 174
  },
  "12": {
    "mean": 10.672081218274112,
    "std": 5.657628246988749,
    "p10": 4.0,
    "p90": 19.0,
    "n": 197
  },
  "13": {
    "mean": 8.921608040201006,
    "std": 4.977686110765599,
    "p10": 3.0,
    "p90": 16.0,
    "n": 199
  },
  "14": {
    "mean": 7.4855072463768115,
    "std": 4.2330510248892725,
    "p10": 3.0,
    "p90": 13.400000000000006,
    "n": 207
  },
  "15": {
    "mean": 5.866494845360824,
    "std": 3.9658857555908194,
    "p10": 2.0,
    "p90": 11.0,
    "n": 194
  },
  "16": {
    "mean": 4.261224489795919,
    "std": 3.630684971838032,
    "p10": 1.0,
    "p90": 8.0,
    "n": 196
  },
  "17": {
    "mean": 3.003932584269663,
    "std": 3.7487830395896924,
    "p10": 0.0,
    "p90": 6.0,
    "n": 178
  },
  "18": {
    "mean": 2.1931818181818183,
    "std": 3.7006036713578965,
    "p10": 0.0,
    "p90": 5.0,
    "n": 176
  },
  "19": {
    "mean": 2.2519337016574585,
    "std": 3.893949596777898,
    "p10": 0.0,
    "p90": 6.0,
    "n": 181
  },
  "20": {
    "mean": 2.675722543352601,
    "std": 4.094847893561793,
    "p10": 0.0,
    "p90": 6.800000000000011,
    "n": 173
  },
  "21": {
    "mean": 3.775268817204301,
    "std": 4.444058430393561,
    "p10": 0.1999999999999993,
    "p90": 7.4,
    "n": 186
  },
  "22": {
    "mean": 4.858823529411765,
    "std": 4.784772520281527,
    "p10": 1.0,
    "p90": 10.0,
    "n": 187
  },
  "23": {
    "mean": 5.695027624309392,
    "std": 5.179867825888718,
    "p10": 1.0,
    "p90": 11.0,
    "n": 181
  }
}