{
  "0": {
    "mean": 8.640522875816993,
    "std": 4.519336204001889,
    "p10": 3.0,
    "p90": 14.0,
    "n": 153
  },
  "1": {
    "mean": 9.32670807453416,
    "std": 4.288046725549631,
    "p10": 3.0,
    "p90": 14.400000000000006,
    "n": 161
  },
  "2": {
    "mean": 10.262820512820513,
    "std": 4.177778665035777,
    "p10": 4.5,
    "p90": 15.5,
    "n": 156
  },
  "3": {
    "mean": 10.932894736842105,
    "std": 3.8946350655076833,
    "p10": 6.0,
    "p90": 15.0,
    "n": 152
  },
  "4": {
    "mean": 11.691612903225806,
    "std": 4.1732754403623,
    "p10": 6.0,
    "p90": 16.479999999999993,
    "n": 155
  },
  "5": {
    "mean": 12.298591549295775,
    "std": 3.9644338297984074,
    "p10": 7.0,
    "p90": 17.0,
    "n": 142
  },
  "6": {
    "mean": 12.852777777777778,
    "std": 4.25501669270134,
    "p10": 7.0,
    "p90": 17.82000000000001,
    "n": 144
  },
  "7": {
    "mean": 13.344055944055944,
    "std": 4.379491615901282,
    "p10": 8.0,
    "p90": 18.0,
    "n": 143
  },
  "8": {
    "mean": 13.382499999999999,
    "std": 4.240587801904398,
    "p10": 8.0,
    "p90": 18.0,
    "n": 160
  },
  "9": {
    "mean": 14.378523489932887,
    "std": 4.4291504242759006,
    "p10": 9.0,
    "p90": 19.0,
    "n": 149
  },
  "10": {
    "mean": 14.021794871794869,
    "std": 4.3795167633235055,
    "p10": 9.0,
    "p90": 19.0,
    "n": 156
  },
  "11": {
    "mean": 12.62251655629139,
    "std": 3.7956145253073394,
    "p10": 8.0,
    "p90": 17.0,
    "n": 151
  },
  "12": {
    "mean": 10.552380952380952,
    "std": 3.1383909439225346,
    "p10": 6.0,
    "p90": 14.0,
    "n": 147
  },
  "13": {
    "mean": 8.462585034013605,
    "std": 2.9607295214569223,
    "p10": 4.0,
    "p90": 12.0,
    "n": 147
  },
  "14": {
    "mean": 6.471140939597316,
    "std": 2.613899833220457,
    "p10": 3.0,
    "p90": 9.200000000000017,
    "n": 149
  },
  "15": {
    "mean": 4.711258278145695,
    "std": 2.3095899505138004,
    "p10": 2.0,
    "p90": 8.0,
    "n": 151
  },
  "16": {
    "mean": 3.339869281045752,
    "std": 1.8729494004068425,
    "p10": 1.0,
    "p90": 6.0,
    "n": 153
  },
  "17": {
    "mean": 2.642105263157895,
    "std": 2.4155820412724163,
    "p10": 0.0,
    "p90": 5.360000000000007,
    "n": 152
  },
  "18": {
    "mean": 1.936,
    "std": 2.6834136328252143,
    "p10": 0.0,
    "p90": 4.099999999999994,
    "n": 150
  },
  "19": {
    "mean": 1.6821192052980136,
    "std": 2.591604035926147,
    "p10": 0.0,
    "p90": 5.0,
    "n": 151
  },
  "20": {
    "mean": 3.6542168674698803,
    "std": 4.986644009140371,
    "p10": 0.0,
    "p90": 14.200000000000003,
    "n": 166
  },
  "21": {
    "mean": 4.524137931034483,
    "std": 4.873449728715966,
    "p10": 0.0,
    "p90": 12.540000000000012,
    "n": 174
  },
  "22": {
    "mean": 6.57396449704142,
    "std": 5.140111544432501,
    "p10": 2.0,
    "p90": 15.0,
    "n": 169
  },
  "23": {
    "mean": 7.2609271523178815,
    "std": 4.158076053656443,
    "p10": 3.0,
    "p90": 13.0,
    "n": 151
  }
}