{
  "0": {
    "mean": 8.489010989010989,
    "std": 4.687327468340426,
    "p10": 1.1000000000000014,
    "p90": 14.0,
    "n": 182
  },
  "1": {
    "mean": 9.247872340425532,
    "std": 4.432264512739353,
    "p10": 3.0,
    "p90": 14.400000000000006,
    "n": 188
  },
  "2": {
    "mean": 10.174863387978142,
    "std": 4.361119658876239,
    "p10": 4.0,
    "p90": 15.0,
    "n": 183
  },
  "3": {
    "mean": 10.827624309392265,
    "std": 4.1850938383565826,
    "p10": 5.0,
    "p90": 16.0,
    "n": 181
  },
  "4": {
    "mean": 11.710382513661202,
    "std": 4.357468183906623,
    "p10": 6.0,
    "p90": 16.96,
    "n": 183
  },
  "5": {
    "mean": 12.236686390532544,
    "std": 4.197372012554757,
    "p10": 7.0,
    "p90": 17.0,
    "n": 169
  },
  "6": {
    "mean": 12.84772727272727,
    "std": 4.380892988492571,
    "p10": 7.0,
    "p90": 18.0,
    "n": 176
  },
  "7": {
    "mean": 13.35542857142857,
    "std": 4.422624918060049,
    "p10": 7.0,
    "p90": 18.0,
    "n": 175
  },
  "8": {
    "mean": 13.398936170212766,
    "std": 4.345973480502405,
    "p10": 8.0,
    "p90": 19.0,
    "n": 188
  },
  "9": {
    "mean": 14.234254143646409,
    "std": 4.57213032301221,
    "p10": 8.0,
    "p90": 20.0,
    "n": 181
  },
  "10": {
    "mean": 13.958064516129031,
    "std": 4.4059621173585874,
    "p10": 9.0,
    "p90": 19.0,
    "n": 186
  },
  "11": {
    "mean": 12.601111111111111,
    "std": 3.7706006054914973,
    "p10": 7.900000000000002,
    "p90": 17.0,
    "n": 180
  },
  "12": {
    "mean": 10.5875,
    "std": 3.125354836997369,
    "p10": 6.0,
    "p90": 14.0,
    "n": 176
  },
  "13": {
    "mean": 8.590909090909092,
    "std": 2.9624559835625326,
    "p10": 5.0,
    "p90": 12.0,
    "n": 176
  },
  "14": {
    "mean": 6.502272727272728,
    "std": 2.600130865837436,
    "p10": 3.5,
    "p90": 10.0,
    "n": 176
  },
  "15": {
    "mean": 4.740909090909091,
    "std": 2.301434899666422,
    "p10": 2.0,
    "p90": 8.0,
    "n": 176
  },
  "16": {
    "mean": 3.432044198895028,
    "std": 1.9736234916833788,
    "p10": 1.0,
    "p90": 6.200000000000003,
    "n": 181
  },
  "17": {
    "mean": 2.623463687150838,
    "std": 2.3940251616884813,
    "p10": 0.0,
    "p90": 5.520000000000015,
    "n": 179
  },
  "18": {
    "mean": 1.9401129943502826,
    "std": 2.593572910427848,
    "p10": 0.0,
    "p90": 4.400000000000006,
    "n": 177
  },
  "19": {
    "mean": 1.82967032967033,
    "std": 2.7496255699085523,
    "p10": 0.0,
    "p90": 5.940000000000004,
    "n": 182
  },
  "20": {
    "mean": 3.5500000000000003,
    "std": 4.81546121017153,
    "p10": 0.0,
    "p90": 13.400000000000006,
    "n": 196
  },
  "21": {
    "mean": 4.464039408866995,
    "std": 4.685097232464566,
    "p10": 0.0,
    "p90": 12.32000000000001,
    "n": 203
  },
  "22": {
    "mean": 6.45,
    "std": 4.890180911452421,
    "p10": 2.0,
    "p90": 14.46,
    "n": 200
  },
  "23": {
    "mean": 7.233898305084746,
    "std": 4.142378413594971,
    "p10": 3.0,
    "p90": 13.400000000000006,
    "n": 177
  }
}