{
  "0": {
    "mean": 9.563309352517985,
    "std": 7.591434378649831,
    "p10": 0.0,
    "p90": 20.200000000000003,
    "n": 139
  },
  "1": {
    "mean": 10.826612903225806,
    "std": 7.842630105448624,
    "p10": 2.0,
    "p90": 24.0,
    "n": 124
  },
  "2": {
    "mean": 11.354545454545455,
    "std": 7.15518460046047,
    "p10": 3.0,
    "p90": 21.0,
    "n": 121
  },
  "3": {
    "mean": 11.96220472440945,
    "std": 7.2007818042679155,
    "p10": 3.0,
    "p90": 22.0,
    "n": 127
  },
  "4": {
    "mean": 11.939200000000001,
    "std": 7.132794502812684,
    "p10": 3.4000000000000004,
    "p90": 21.60000000000001,
    "n": 125
  },
  "5": {
    "mean": 12.624603174603173,
    "std": 7.295321092403667,
    "p10": 4.0,
    "p90": 22.5,
    "n": 126
  },
  "6": {
    "mean": 12.982222222222221,
    "std": 7.344556992285872,
    "p10": 4.0,
    "p90": 22.60000000000001,
    "n": 135
  },
  "7": {
    "mean": 13.537956204379562,
    "std": 7.1005916425702456,
    "p10": 4.600000000000001,
    "p90": 24.0,
    "n": 137
  },
  "8": {
    "mean": 13.934586466165413,
    "std": 7.506926550140835,
    "p10": 5.0,
    "p90": 24.799999999999997,
    "n": 133
  },
  "9": {
    "mean": 14.315671641791045,
    "std": 7.416764737374757,
    "p10": 5.0,
    "p90": 24.0,
    "n": 134
  },
  "10": {
    "mean": 14.252985074626867,
    "std": 7.442164879253962,
    "p10": 4.300000000000001,
    "p90": 23.0,
    "n": 134
  },
  "11": {
    "mean": 14.58689655172414,
    "std": 7.480346983674525,
    "p10": 5.0,
    "p90": 24.0,
    "n": 145
  },
  "12": {
    "mean": 13.769285714285715,
    "std": 6.78032380148853,
    "p10": 5.809999999999999,
    "p90": 23.0,
    "n": 140
  },
  "13": {
    "mean": 11.435,
    "std": 6.076928003262385,
    "p10": 4.0,
    "p90": 20.0,
    "n": 140
  },
  "14": {
    "mean": 10.07945205479452,
    "std": 5.428709350750578,
    "p10": 4.0,
    "p90": 18.0,
    "n": 146
  },
  "15": {
    "mean": 7.971034482758622,
    "std": 4.892609466801538,
    "p10": 3.0,
    "p90": 15.599999999999994,
    "n": 145
  },
  "16": {
    "mean": 6.866666666666666,
    "std": 4.7342722073549295,
    "p10": 3.0,
    "p90": 14.400000000000006,
    "n": 147
  },
  "17": {
    "mean": 5.775,
    "std": 5.3545398609313,
    "p10": 1.0,
    "p90": 16.0,
    "n": 140
  },
  "18": {
    "mean": 4.411510791366907,
    "std": 5.157435593768304,
    "p10": 0.0,
    "p90": 11.200000000000003,
    "n": 139
  },
  "19": {
    "mean": 3.689855072463768,
    "std": 5.215379976570309,
    "p10": 0.0,
    "p90": 10.37,
    "n": 138
  },
  "20": {
    "mean": 3.9302325581395348,
    "std": 5.953184607984547,
    "p10": 0.0,
    "p90": 15.600000000000009,
    "n": 129
  },
  "21": {
    "mean": 4.596899224806202,
    "std": 5.33637192388963,
    "p10": 0.0,
    "p90": 10.200000000000003,
    "n": 129
  },
  "22": {
    "mean": 6.123076923076923,
    "std": 5.205282624732233,
    "p10": 1.0,
    "p90": 12.200000000000017,
    "n": 130
  },
  "23": {
    "mean": 8.028467153284673,
    "std": 5.7143646255975655,
    "p10": 2.0,
    "p90": 16.400000000000006,
    "n": 137
  }
}