{
  "0": {
    "mean": 7.564367816091953,
    "std": 5.2709582112824025,
    "p10": 1.0,
    "p90": 15.700000000000017,
    "n": 174
  },
  "1": {
    "mean": 8.558011049723756,
    "std": 5.350846705573228,
    "p10": 2.0,
    "p90": 16.0,
    "n": 181
  },
  "2": {
    "mean": 9.713966480446928,
    "std": 5.495204796154473,
    "p10": 2.0,
    "p90": 17.200000000000017,
    "n": 179
  },
  "3": {
    "mean": 10.701190476190478,
    "std": 5.9795658835001,
    "p10": 2.0,
    "p90": 18.0,
    "n": 168
  },
  "4": {
    "mean": 11.921176470588234,
    "std": 5.73333642277524,
    "p10": 4.900000000000002,
    "p90": 20.0,
    "n": 170
  },
  "5": {
    "mean": 12.1876404494382,
    "std": 5.861958567140712,
    "p10": 4.699999999999999,
    "p90": 19.30000000000001,
    "n": 178
  },
  "6": {
    "mean": 12.989411764705881,
    "std": 6.203998014821421,
    "p10": 5.0,
    "p90": 22.0,
    "n": 170
  },
  "7": {
    "mean": 13.370454545454544,
    "std": 6.411242965575113,
    "p10": 5.0,
    "p90": 21.5,
    "n": 176
  },
  "8": {
    "mean": 13.76236559139785,
    "std": 6.430542223844539,
    "p10": 5.0,
    "p90": 22.0,
    "n": 186
  },
  "9": {
    "mean": 14.16741573033708,
    "std": 6.634378453525992,
    "p10": 6.0,
    "p90": 23.0,
    "n": 178
  },
  "10": {
    "mean": 14.184357541899441,
    "std": 6.654472265316954,
    "p10": 5.800000000000001,
    "p90": 23.0,
    "n": 179
  },
  "11": {
    "mean": 13.692708333333334,
    "std": 6.516603759912043,
    "p10": 5.0,
    "p90": 22.0,
    "n": 192
  },
  "12": {
    "mean": 11.856989247311827,
    "std": 5.401499248321106,
    "p10": 5.0,
    "p90": 19.0,
    "n": 186
  },
  "13": {
    "mean": 9.296808510638298,
    "std": 4.521344557191696,
    "p10": 3.939999999999999,
    "p90": 16.0,
    "n": 188
  },
  "14": {
    "mean": 6.875280898876405,
    "std": 3.4086556787785476,
    "p10": 3.0,
    "p90": 12.0,
    "n": 178
  },
  "15": {
    "mean": 4.701657458563536,
    "std": 2.6424415296405437,
    "p10": 1.0,
    "p90": 8.0,
    "n": 181
  },
  "16": {
    "mean": 3.033707865168539,
    "std": 1.9462229867553886,
    "p10": 1.0,
    "p90": 5.0,
    "n": 178
  },
  "17": {
    "mean": 1.6964285714285714,
    "std": 1.631864326620368,
    "p10": 0.0,
    "p90": 4.0,
    "n": 168
  },
  "18": {
    "mean": 1.169325153374233,
    "std": 1.9649500131343027,
    "p10": 0.0,
    "p90": 3.0,
    "n": 163
  },
  "19": {
    "mean": 1.4037974683544305,
    "std": 2.741841077406115,
    "p10": 0.0,
    "p90": 5.0,
    "n": 158
  },
  "20": {
    "mean": 1.7514792899408285,
    "std": 2.365176589321753,
    "p10": 0.0,
    "p90": 5.0,
    "n": 169
  },
  "21": {
    "mean": 3.9857988165680474,
    "std": 3.050805823642343,
    "p10": 1.0,
    "p90": 7.200000000000017,
    "n": 169
  },
  "22": {
    "mean": 5.360674157303371,
    "std": 3.1451556499986126,
    "p10": 2.0,
    "p90": 9.0,
    "n": 178
  },
  "23": {
    "mean": 7.29939393939394,
    "std": 3.5527127555058224,
    "p10": 3.0,
    "p90": 11.0,
    "n": 165
  }
}