{
  "0": {
    "mean": 6.458585858585859,
    "std": 5.433053756126141,
    "p10": 0.0,
    "p90": 15.0,
    "n": 198
  },
  "1": {
    "mean": 7.362359550561798,
    "std": 5.5653984527425875,
    "p10": 1.0,
    "p90": 16.0,
    "n": 178
  },
  "2": {
    "mean": 7.7120218579234985,
    "std": 5.679263200892709,
    "p10": 1.0,
    "p90": 16.0,
    "n": 183
  },
  "3": {
    "mean": 7.882887700534759,
    "std": 5.681494786955519,
    "p10": 2.0,
    "p90": 16.400000000000006,
    "n": 187
  },
  "4": {
    "mean": 8.806382978723404,
    "std": 6.157901033303915,
    "p10": 2.0,
    "p90": 18.30000000000001,
    "n": 188
  },
  "5": {
    "mean": 8.982901554404146,
    "std": 6.02508366778418,
    "p10": 1.8399999999999983,
    "p90": 18.0,
    "n": 193
  },
  "6": {
    "mean": 9.586458333333333,
    "std": 5.749147349331731,
    "p10": 3.0,
    "p90": 17.900000000000006,
    "n": 192
  },
  "7": {
    "mean": 10.331666666666667,
    "std": 5.8130797902699305,
    "p10": 3.0,
    "p90": 19.0,
    "n": 180
  },
  "8": {
    "mean": 10.477083333333333,
    "std": 5.5660899106592545,
    "p10": 4.0,
    "p90": 18.900000000000006,
    "n": 192
  },
  "9": {
    "mean": 10.686341463414633,
    "std": 5.592905939099589,
    "p10": 4.400000000000002,
    "p90": 19.0,
    "n": 205
  },
  "10": {
    "mean": 10.927894736842106,
    "std": 5.81417814502519,
    "p10": 4.0,
    "p90": 19.099999999999994,
    "n": 190
  },
  "11": {
    "mean": 10.903846153846153,
    "std": 5.587450078975237,
    "p10": 4.0,
    "p90": 19.0,
    "n": 182
  },
  "12": {
    "mean": 11.384408602150538,
    "std": 5.514259051912711,
    "p10": 4.0,
    "p90": 19.0,
    "n": 186
  },
  "13": {
    "mean": 9.488950276243093,
    "std": 4.839420247963871,
    "p10": 4.0,
    "p90": 16.1,
    "n": 181
  },
  "14": {
    "mean": 8.245833333333334,
    "std": 4.701485042577999,
    "p10": 3.0,
    "p90": 14.0,
    "n": 192
  },
  "15": {
    "mean": 6.072680412371134,
    "std": 3.933729002644497,
    "p10": 1.3000000000000007,
    "p90": 11.0,
    "n": 194
  },
  "16": {
    "mean": 5.139682539682539,
    "std": 4.330564542918747,
    "p10": 1.0,
    "p90": 9.200000000000017,
    "n": 189
  },
  "17": {
    "mean": 4.295212765957447,
    "std": 4.673697989351148,
    "p10": 1.0,
    "p90": 9.0,
    "n": 188
  },
  "18": {
    "mean": 3.2785340314136127,
    "std": 4.188858649679367,
    "p10": 0.0,
    "p90": 7.699999999999996,
    "n": 191
  },
  "19": {
    "mean": 2.8569060773480666,
    "std": 3.51584024049516,
    "p10": 0.0,
    "p90": 6.799999999999997,
    "n": 181
  },
  "20": {
    "mean": 3.0747368421052634,
    "std": 3.38810456979772,
    "p10": 0.0,
    "p90": 7.0,
    "n": 190
  },
  "21": {
    "mean": 3.9402061855670096,
    "std": 3.5551658333114315,
    "p10": 0.0,
    "p90": 8.0,
    "n": 194
  },
  "22": {
    "mean": 4.708542713567839,
    "std": 3.752679498857601,
    "p10": 0.8000000000000007,
    "p90": 9.760000000000002,
    "n": 199
  },
  "23": {
    "mean": 5.512087912087912,
    "std": 4.001790625860285,
    "p10": 1.0,
    "p90": 11.0,
    "n": 182
  }
}