{
  "0": {
    "mean": 7.696511627906976,
    "std": 4.374272141276293,
    "p10": 1.0,
    "p90": 13.0,
    "n": 172
  },
  "1": {
    "mean": 9.233734939759037,
    "std": 4.416862374854824,
    "p10": 2.299999999999997,
    "p90": 14.5,
    "n": 166
  },
  "2": {
    "mean": 10.469714285714288,
    "std": 4.5068973231167115,
    "p10": 3.400000000000002,
    "p90": 16.0,
    "n": 175
  },
  "3": {
    "mean": 11.71358024691358,
    "std": 4.20398370925506,
    "p10": 5.0,
    "p90": 17.0,
    "n": 162
  },
  "4": {
    "mean": 12.195266272189349,
    "std": 4.38443962117992,
    "p10": 5.0,
    "p90": 18.0,
    "n": 169
  },
  "5": {
    "mean": 12.976608187134502,
    "std": 4.481692453913141,
    "p10": 6.0,
    "p90": 18.0,
    "n": 171
  },
  "6": {
    "mean": 13.957575757575757,
    "std": 4.7097091142524015,
    "p10": 7.0,
    "p90": 20.0,
    "n": 165
  },
  "7": {
    "mean": 14.482485875706212,
    "std": 4.776954446643875,
    "p10": 7.0,
    "p90": 20.0,
    "n": 177
  },
  "8": {
    "mean": 15.354878048780487,
    "std": 4.6540345302059745,
    "p10": 8.3,
    "p90": 21.0,
    "n": 164
  },
  "9": {
    "mean": 15.544943820224718,
    "std": 4.605707862216222,
    "p10": 9.0,
    "p90": 21.0,
    "n": 178
  },
  "10": {
    "mean": 14.92409638554217,
    "std": 4.182882589111233,
    "p10": 9.0,
    "p90": 20.0,
    "n": 166
  },
  "11": {
    "mean": 12.869662921348315,
    "std": 3.520927089468324,
    "p10": 8.0,
    "p90": 17.0,
    "n": 178
  },
  "12": {
    "mean": 10.758659217877094,
    "std": 3.141149576845073,
    "p10": 6.800000000000001,
    "p90": 14.0,
    "n": 179
  },
  "13": {
    "mean": 8.954189944134079,
    "std": 2.847889379659034,
    "p10": 5.0,
    "p90": 13.0,
    "n": 179
  },
  "14": {
    "mean": 6.964245810055865,
    "std": 2.748330620151973,
    "p10": 4.0,
    "p90": 10.0,
    "n": 179
  },
  "15": {
    "mean": 5.047953216374269,
    "std": 2.8106172481228167,
    "p10": 2.0,
    "p90": 8.400000000000006,
    "n": 171
  },
  "16": {
    "mean": 3.769767441860465,
    "std": 2.772634433167561,
    "p10": 1.0,
    "p90": 7.0,
    "n": 172
  },
  "17": {
    "mean": 2.6874251497005983,
    "std": 2.831879184525573,
    "p10": 0.0,
    "p90": 6.520000000000007,
    "n": 167
  },
  "18": {
    "mean": 2.5881081081081083,
    "std": 3.2381001523956585,
    "p10": 0.0,
    "p90": 8.0,
    "n": 185
  },
  "19": {
    "mean": 2.6441988950276243,
    "std": 3.948534474150421,
    "p10": 0.0,
    "p90": 8.0,
    "n": 181
  },
  "20": {
    "mean": 3.848205128205128,
    "std": 4.891475264885212,
    "p10": 0.0,
    "p90": 13.0,
    "n": 195
  },
  "21": {
    "mean": 4.093333333333334,
    "std": 4.247073785423515,
    "p10": 0.0,
    "p90": 11.0,
    "n": 195
  },
  "22": {
    "mean": 4.451933701657459,
    "std": 3.38883118428465,
    "p10": 1.0,
    "p90": 10.0,
    "n": 181
  },
  "23": {
    "mean": 6.404395604395604,
    "std": 3.5918234981033703,
    "p10": 2.0,
    "p90": 11.0,
    "n": 182
  }
}