{
  "0": {
    "mean": 8.117647058823529,
    "std": 6.424641476343059,
    "p10": 0.0,
    "p90": 16.099999999999994,
    "n": 170
  },
  "1": {
    "mean": 9.686585365853658,
    "std": 6.632070477678054,
    "p10": 2.0,
    "p90": 18.0,
    "n": 164
  },
  "2": {
    "mean": 11.007317073170732,
    "std": 7.082645869471718,
    "p10": 2.0,
    "p90": 21.0,
    "n": 164
  },
  "3": {
    "mean": 11.588439306358383,
    "std": 7.277896162358595,
    "p10": 2.0,
    "p90": 22.0,
    "n": 173
  },
  "4": {
    "mean": 12.551552795031055,
    "std": 7.404450566973752,
    "p10": 3.0,
    "p90": 23.0,
    "n": 161
  },
  "5": {
    "mean": 13.363414634146341,
    "std": 7.045522655966371,
    "p10": 5.0,
    "p90": 23.0,
    "n": 164
  },
  "6": {
    "mean": 14.563291139240507,
    "std": 6.81799188201578,
    "p10": 7.0,
    "p90": 25.0,
    "n": 158
  },
  "7": {
    "mean": 15.03456790123457,
    "std": 6.9724419471617605,
    "p10": 7.0,
    "p90": 25.0,
    "n": 162
  },
  "8": {
    "mean": 15.90566037735849,
    "std": 7.428845978176606,
    "p10": 6.0,
    "p90": 26.200000000000017,
    "n": 159
  },
  "9": {
    "mean": 16.192452830188678,
    "std": 7.507494543807048,
    "p10": 6.800000000000001,
    "p90": 26.0,
    "n": 159
  },
  "10": {
    "mean": 15.30802139037433,
    "std": 7.46058386826755,
    "p10": 6.0,
    "p90": 26.0,
    "n": 187
  },
  "11": {
    "mean": 13.885263157894736,
    "std": 6.7093312328247094,
    "p10": 5.900000000000002,
    "p90": 23.0,
    "n": 190
  },
  "12": {
    "mean": 12.792222222222222,
    "std": 5.976765586645985,
    "p10": 6.0,
    "p90": 22.0,
    "n": 180
  },
  "13": {
    "mean": 10.576666666666666,
    "std": 5.180076788110989,
    "p10": 5.0,
    "p90": 18.0,
    "n": 180
  },
  "14": {
    "mean": 8.762130177514793,
    "std": 4.679029733273529,
    "p10": 4.0,
    "p90": 15.0,
    "n": 169
  },
  "15": {
    "mean": 7.232183908045977,
    "std": 4.216441648365931,
    "p10": 3.0,
    "p90": 12.700000000000017,
    "n": 174
  },
  "16": {
    "mean": 5.625842696629213,
    "std": 4.243227321203711,
    "p10": 1.0,
    "p90": 13.0,
    "n": 178
  },
  "17": {
    "mean": 3.844705882352941,
    "std": 3.396395788310421,
    "p10": 1.0,
    "p90": 9.0,
    "n": 170
  },
  "18": {
    "mean": 3.4268156424581004,
    "std": 3.8082932011953576,
    "p10": 0.0,
    "p90": 9.0,
    "n": 179
  },
  "19": {
    "mean": 3.0873684210526315,
    "std": 3.8058918986186483,
    "p10": 0.0,
    "p90": 9.0,
    "n": 190
  },
  "20": {
    "mean": 3.467455621301775,
    "std": 4.367133067093031,
    "p10": 0.0,
    "p90": 10.0,
    "n": 169
  },
  "21": {
    "mean": 3.806857142857143,
    "std": 4.256105669268597,
    "p10": 0.0,
    "p90": 9.0,
    "n": 175
  },
  "22": {
    "mean": 5.128409090909091,
    "std": 4.11709880831182,
    "p10": 1.0,
    "p90": 10.5,
    "n": 176
  },
  "23": {
    "mean": 7.750877192982457,
    "std": 4.675183147353726,
    "p10": 3.0,
    "p90": 14.0,
    "n": 171
  }
}