{
  "0": {
    "mean": 7.791666666666667,
    "std": 5.327430114783952,
    "p10": 0.0,
    "p90": 14.5,
    "n": 216
  },
  "1": {
    "mean": 9.075000000000001,
    "std": 5.604280338739599,
    "p10": 1.0,
    "p90": 16.900000000000006,
    "n": 192
  },
  "2": {
    "mean": 10.146524064171123,
    "std": 5.545367746534965,
    "p10": 3.0,
    "p90": 18.0,
    "n": 187
  },
  "3": {
    "mean": 10.970526315789474,
    "std": 5.738717915999155,
    "p10": 3.0,
    "p90": 19.0,
    "n": 190
  },
  "4": {
    "mean": 11.543,
    "std": 5.460479390665201,
    "p10": 5.0,
    "p90": 19.099999999999994,
    "n": 200
  },
  "5": {
    "mean": 12.582383419689119,
    "std": 5.654745473764227,
    "p10": 5.200000000000003,
    "p90": 20.0,
    "n": 193
  },
  "6": {
    "mean": 12.933333333333334,
    "std": 5.7637211157078365,
    "p10": 6.0,
    "p90": 21.0,
    "n": 195
  },
  "7": {
    "mean": 13.305,
    "std": 6.010842381118746,
    "p10": 6.0,
    "p90": 22.0,
    "n": 200
  },
  "8": {
    "mean": 13.625365853658536,
    "std": 6.048897200398197,
    "p10": 6.0,
    "p90": 22.0,
    "n": 205
  },
  "9": {
    "mean": 14.144897959183673,
    "std": 6.328626414730659,
    "p10": 6.0,
    "p90": 23.0,
    "n": 196
  },
  "10": {
    "mean": 13.948743718592965,
    "std": 5.510026300112142,
    "p10": 7.0,
    "p90": 22.0,
    "n": 199
  },
  "11": {
    "mean": 12.087441860465118,
    "std": 4.758797113493952,
    "p10": 6.0,
    "p90": 19.0,
    "n": 215
  },
  "12": {
    "mean": 10.38785046728972,
    "std": 4.2275690365451934,
    "p10": 5.0,
    "p90": 16.0,
    "n": 214
  },
  "13": {
    "mean": 8.75980861244019,
    "std": 3.718807703071708,
    "p10": 4.0,
    "p90": 13.200000000000017,
    "n": 209
  },
  "14": {
    "mean": 7.012307692307693,
    "std": 3.471096013322508,
    "p10": 2.5999999999999943,
    "p90": 11.0,
    "n": 195
  },
  "15": {
    "mean": 5.48695652173913,
    "std": 3.1153846131283367,
    "p10": 2.0,
    "p90": 10.0,
    "n": 184
  },
  "16": {
    "mean": 4.313,
    "std": 2.8770153085145607,
    "p10": 1.0,
    "p90": 9.0,
    "n": 200
  },
  "17": {
    "mean": 3.6689999999999996,
    "std": 3.019707297206802,
    "p10": 0.5399999999999961,
    "p90": 9.0,
    "n": 200
  },
  "18": {
    "mean": 2.9751196172248804,
    "std": 3.0045723345440623,
    "p10": 0.0,
    "p90": 7.040000000000004,
    "n": 209
  },
  "19": {
    "mean": 2.4757894736842103,
    "std": 3.1291331453229114,
    "p10": 0.0,
    "p90": 7.0,
    "n": 190
  },
  "20": {
    "mean": 3.0318407960199005,
    "std": 3.814469962462333,
    "p10": 0.0,
    "p90": 9.0,
    "n": 201
  },
  "21": {
    "mean": 4.058490566037736,
    "std": 4.3511695420653105,
    "p10": 0.0,
    "p90": 11.54,
    "n": 212
  },
  "22": {
    "mean": 4.94392523364486,
    "std": 4.149940382400972,
    "p10": 1.0,
    "p90": 12.0,
    "n": 214
  },
  "23": {
    "mean": 6.864000000000001,
    "std": 4.109721923161504,
    "p10": 2.0,
    "p90": 12.599999999999994,
    "n": 225
  }
}