{
  "0": {
    "mean": 7.830967741935484,
    "std": 5.8945337625781296,
    "p10": 0.0,
    "p90": 16.0,
    "n": 155
  },
  "1": {
    "mean": 8.577215189873417,
    "std": 5.898114766646384,
    "p10": 1.0,
    "p90": 17.0,
    "n": 158
  },
  "2": {
    "mean": 9.7125,
    "std": 5.579032559918951,
    "p10": 3.0,
    "p90": 18.0,
    "n": 152
  },
  "3": {
    "mean": 10.344805194805193,
    "std": 5.685241094419144,
    "p10": 3.0,
    "p90": 19.0,
    "n": 154
  },
  "4": {
    "mean": 11.294630872483221,
    "std": 5.5838302415885,
    "p10": 4.800000000000001,
    "p90": 19.200000000000017,
    "n": 149
  },
  "5": {
    "mean": 12.105194805194804,
    "std": 5.405259992148196,
    "p10": 5.300000000000001,
    "p90": 20.0,
    "n": 154
  },
  "6": {
    "mean": 12.801973684210527,
    "std": 5.643803029435425,
    "p10": 6.0,
    "p90": 20.0,
    "n": 152
  },
  "7": {
    "mean": 12.754761904761907,
    "std": 6.082091209107715,
    "p10": 5.0,
    "p90": 21.30000000000001,
    "n": 168
  },
  "8": {
    "mean": 14.00451612903226,
    "std": 5.739251296655925,
    "p10": 7.0,
    "p90": 21.0,
    "n": 155
  },
  "9": {
    "mean": 14.022641509433965,
    "std": 6.127660099476942,
    "p10": 6.0,
    "p90": 22.0,
    "n": 159
  },
  "10": {
    "mean": 14.18698224852071,
    "std": 6.055620844732536,
    "p10": 6.0,
    "p90": 22.0,
    "n": 169
  },
  "11": {
    "mean": 14.071686746987952,
    "std": 6.11862379441991,
    "p10": 6.0,
    "p90": 22.0,
    "n": 166
  },
  "12": {
    "mean": 12.70880503144654,
    "std": 5.498450686822385,
    "p10": 5.800000000000001,
    "p90": 20.0,
    "n": 159
  },
  "13": {
    "mean": 10.602439024390243,
    "std": 4.810723594151575,
    "p10": 4.0,
    "p90": 17.0,
    "n": 164
  },
  "14": {
    "mean": 8.108771929824561,
    "std": 4.267701435409424,
    "p10": 3.0,
    "p90": 15.0,
    "n": 171
  },
  "15": {
    "mean": 6.065030674846626,
    "std": 3.572866431325175,
    "p10": 2.0,
    "p90": 12.0,
    "n": 163
  },
  "16": {
    "mean": 4.24375,
    "std": 3.286616418792544,
    "p10": 1.0,
    "p90": 9.0,
    "n": 160
  },
  "17": {
    "mean": 3.009937888198758,
    "std": 3.6026241298695068,
    "p10": 0.0,
    "p90": 8.0,
    "n": 161
  },
  "18": {
    "mean": 2.2603773584905658,
    "std": 3.6277938839319748,
    "p10": 0.0,
    "p90": 8.0,
    "n": 159
  },
  "19": {
    "mean": 2.0127388535031847,
    "std": 3.3918969451464096,
    "p10": 0.0,
    "p90": 6.200000000000003,
    "n": 157
  },
  "20": {
    "mean": 2.7153374233128837,
    "std": 3.3876971096056336,
    "p10": 0.0,
    "p90": 7.0,
    "n": 163
  },
  "21": {
    "mean": 4.709316770186335,
    "std": 3.6321447046172994,
    "p10": 1.0,
    "p90": 9.0,
    "n": 161
  },
  "22": {
    "mean": 5.804790419161677,
    "std": 4.144437531898782,
    "p10": 1.0,
    "p90": 11.400000000000006,
    "n": 167
  },
  "23": {
    "mean": 7.093081761006289,
    "std": 4.534524656495036,
    "p10": 1.1600000000000024,
    "p90": 14.0,
    "n": 159
  }
}