{
  "0": {
    "mean": 8.789573459715639,
    "std": 4.938409740956894,
    "p10": 2.0,
    "p90": 15.0,
    "n": 211
  },
  "1": {
    "mean": 9.727272727272727,
    "std": 4.0944565915465105,
    "p10": 5.0,
    "p90": 16.0,
    "n": 187
  },
  "2": {
    "mean": 10.637837837837838,
    "std": 3.842507627170683,
    "p10": 6.0,
    "p90": 16.0,
    "n": 185
  },
  "3": {
    "mean": 11.51345029239766,
    "std": 3.8490327771497914,
    "p10": 7.0,
    "p90": 17.0,
    "n": 171
  },
  "4": {
    "mean": 12.12,
    "std": 3.6492165747178413,
    "p10": 8.0,
    "p90": 17.0,
    "n": 175
  },
  "5": {
    "mean": 12.249180327868851,
    "std": 3.558241769368857,
    "p10": 8.0,
    "p90": 17.0,
    "n": 183
  },
  "6": {
    "mean": 12.985555555555553,
    "std": 3.365884084053906,
    "p10": 9.0,
    "p90": 18.0,
    "n": 180
  },
  "7": {
    "mean": 13.36888888888889,
    "std": 3.455305836440465,
    "p10": 9.0,
    "p90": 18.0,
    "n": 180
  },
  "8": {
    "mean": 14.166480446927373,
    "std": 3.467115890669741,
    "p10": 9.8,
    "p90": 19.0,
    "n": 179
  },
  "9": {
    "mean": 14.546511627906977,
    "std": 3.472521967206182,
    "p10": 10.0,
    "p90": 19.0,
    "n": 172
  },
  "10": {
    "mean": 13.829378531073447,
    "std": 3.347732638089156,
    "p10": 9.479999999999999,
    "p90": 18.0,
    "n": 177
  },
  "11": {
    "mean": 12.364444444444445,
    "std": 2.85063204247568,
    "p10": 9.0,
    "p90": 16.0,
    "n": 180
  },
  "12": {
    "mean": 10.38313253012048,
    "std": 2.763169865126182,
    "p10": 7.0,
    "p90": 14.0,
    "n": 166
  },
  "13": {
    "mean": 8.614942528735632,
    "std": 3.1450494628615293,
    "p10": 5.0,
    "p90": 12.0,
    "n": 174
  },
  "14": {
    "mean": 6.313414634146342,
    "std": 2.622051938253909,
    "p10": 3.0,
    "p90": 10.0,
    "n": 164
  },
  "15": {
    "mean": 4.516564417177914,
    "std": 2.326743705709628,
    "p10": 2.0,
    "p90": 7.0,
    "n": 163
  },
  "16": {
    "mean": 3.6369565217391306,
    "std": 2.8658043203385146,
    "p10": 1.0,
    "p90": 8.0,
    "n": 184
  },
  "17": {
    "mean": 3.536170212765957,
    "std": 3.4800224679288783,
    "p10": 0.0,
    "p90": 9.300000000000011,
    "n": 188
  },
  "18": {
    "mean": 2.806451612903226,
    "std": 3.558797441943159,
    "p10": 0.0,
    "p90": 10.0,
    "n": 186
  },
  "19": {
    "mean": 3.4677248677248675,
    "std": 5.17786467206294,
    "p10": 0.0,
    "p90": 11.400000000000034,
    "n": 189
  },
  "20": {
    "mean": 3.8030612244897957,
    "std": 5.024717450030654,
    "p10": 0.0,
    "p90": 13.0,
    "n": 196
  },
  "21": {
    "mean": 5.963318777292576,
    "std": 5.44707062659309,
    "p10": 1.0,
    "p90": 14.0,
    "n": 229
  },
  "22": {
    "mean": 7.04147465437788,
    "std": 5.4015373017997605,
    "p10": 2.0,
    "p90": 14.0,
    "n": 217
  },
  "23": {
    "mean": 7.318592964824121,
    "std": 4.3393904089588995,
    "p10": 3.0,
    "p90": 14.0,
    "n": 199
  }
}