{
  "0": {
    "mean": 6.563730569948186,
    "std": 5.447364669608233,
    "p10": 0.0,
    "p90": 15.0,
    "n": 193
  },
  "1": {
    "mean": 7.488439306358382,
    "std": 5.576339592218925,
    "p10": 1.0,
    "p90": 16.0,
    "n": 173
  },
  "2": {
    "mean": 7.816292134831461,
    "std": 5.7112253193722236,
    "p10": 1.0,
    "p90": 16.0,
    "n": 178
  },
  "3": {
    "mean": 7.962087912087911,
    "std": 5.718665960512066,
    "p10": 2.0,
    "p90": 16.900000000000006,
    "n": 182
  },
  "4": {
    "mean": 8.904918032786885,
    "std": 6.197032954430642,
    "p10": 2.0,
    "p90": 18.80000000000001,
    "n": 183
  },
  "5": {
    "mean": 9.061904761904762,
    "std": 6.060091686286649,
    "p10": 1.7999999999999972,
    "p90": 18.200000000000017,
    "n": 189
  },
  "6": {
    "mean": 9.650267379679144,
    "std": 5.7999942003266405,
    "p10": 2.9599999999999995,
    "p90": 18.0,
    "n": 187
  },
  "7": {
    "mean": 10.403999999999998,
    "std": 5.861910559049736,
    "p10": 3.0,
    "p90": 19.0,
    "n": 175
  },
  "8": {
    "mean": 10.52192513368984,
    "std": 5.615933604702731,
    "p10": 4.0,
    "p90": 19.0,
    "n": 187
  },
  "9": {
    "mean": 10.708499999999999,
    "std": 5.644588972933888,
    "p10": 4.0,
    "p90": 19.0,
    "n": 200
  },
  "10": {
    "mean": 10.94756756756757,
    "std": 5.874392385510387,
    "p10": 4.0,
    "p90": 19.599999999999994,
    "n": 185
  },
  "11": {
    "mean": 10.889830508474576,
    "std": 5.647948991626828,
    "p10": 4.0,
    "p90": 19.0,
    "n": 177
  },
  "12": {
    "mean": 11.395027624309392,
    "std": 5.567038672630717,
    "p10": 4.0,
    "p90": 19.0,
    "n": 181
  },
  "13": {
    "mean": 9.480113636363637,
    "std": 4.886307631814362,
    "p10": 4.0,
    "p90": 16.55,
    "n": 176
  },
  "14": {
    "mean": 8.263101604278075,
    "std": 4.744275215201796,
    "p10": 3.0,
    "p90": 14.0,
    "n": 187
  },
  "15": {
    "mean": 6.085185185185185,
    "std": 3.970756478732532,
    "p10": 1.0,
    "p90": 11.0,
    "n": 189
  },
  "16": {
    "mean": 5.165217391304347,
    "std": 4.374777053682013,
    "p10": 1.0,
    "p90": 9.700000000000017,
    "n": 184
  },
  "17": {
    "mean": 4.341530054644808,
    "std": 4.72121955956152,
    "p10": 1.0,
    "p90": 9.0,
    "n": 183
  },
  "18": {
    "mean": 3.329032258064516,
    "std": 4.227658751350762,
    "p10": 0.0,
    "p90": 7.849999999999998,
    "n": 186
  },
  "19": {
    "mean": 2.9262857142857137,
    "std": 3.5483192441109432,
    "p10": 0.0,
    "p90": 6.919999999999998,
    "n": 175
  },
  "20": {
    "mean": 3.141621621621622,
    "std": 3.403107206715585,
    "p10": 0.0,
    "p90": 7.0,
    "n": 185
  },
  "21": {
    "mean": 4.023280423280423,
    "std": 3.5594925275835596,
    "p10": 0.0,
    "p90": 8.0,
    "n": 189
  },
  "22": {
    "mean": 4.77319587628866,
    "std": 3.7687566279900806,
    "p10": 1.0,
    "p90": 9.910000000000004,
    "n": 194
  },
  "23": {
    "mean": 5.583050847457628,
    "std": 4.021355741921084,
    "p10": 1.0,
    "p90": 11.0,
    "n": 177
  }
}