{
  "0": {
    "mean": 9.221714285714286,
    "std": 6.838976147456897,
    "p10": 0.0,
    "p90": 18.0,
    "n": 175
  },
  "1": {
    "mean": 10.47840909090909,
    "std": 6.8838186887991,
    "p10": 1.0,
    "p90": 20.0,
    "n": 176
  },
  "2": {
    "mean": 11.205681818181818,
    "std": 7.0058075166992,
    "p10": 2.0,
    "p90": 20.0,
    "n": 176
  },
  "3": {
    "mean": 11.643016759776536,
    "std": 7.295034008495834,
    "p10": 3.0,
    "p90": 21.0,
    "n": 179
  },
  "4": {
    "mean": 13.32921348314607,
    "std": 7.001480105783458,
    "p10": 4.699999999999999,
    "p90": 23.30000000000001,
    "n": 178
  },
  "5": {
    "mean": 14.055747126436781,
    "std": 7.252135126253682,
    "p10": 5.0,
    "p90": 25.0,
    "n": 174
  },
  "6": {
    "mean": 14.656818181818181,
    "std": 7.366197630559989,
    "p10": 5.699999999999999,
    "p90": 25.5,
    "n": 176
  },
  "7": {
    "mean": 14.692045454545456,
    "std": 7.604656041300851,
    "p10": 5.199999999999999,
    "p90": 26.0,
    "n": 176
  },
  "8": {
    "mean": 15.179234972677596,
    "std": 7.321097427529944,
    "p10": 7.0,
    "p90": 26.0,
    "n": 183
  },
  "9": {
    "mean": 15.577142857142857,
    "std": 7.492037371351495,
    "p10": 6.0,
    "p90": 26.599999999999994,
    "n": 175
  },
  "10": {
    "mean": 15.927586206896553,
    "std": 7.5766326141619205,
    "p10": 5.12,
    "p90": 26.0,
    "n": 174
  },
  "11": {
    "mean": 15.35879120879121,
    "std": 7.465219884438516,
    "p10": 6.0,
    "p90": 26.0,
    "n": 182
  },
  "12": {
    "mean": 13.871065989847715,
    "std": 6.497780263110162,
    "p10": 6.0,
    "p90": 23.0,
    "n": 197
  },
  "13": {
    "mean": 12.41185567010309,
    "std": 6.285035575580682,
    "p10": 5.0,
    "p90": 20.0,
    "n": 194
  },
  "14": {
    "mean": 10.397368421052631,
    "std": 6.08499267832705,
    "p10": 3.0,
    "p90": 17.099999999999994,
    "n": 190
  },
  "15": {
    "mean": 8.45463917525773,
    "std": 6.49911146766471,
    "p10": 2.3000000000000007,
    "p90": 15.0,
    "n": 194
  },
  "16": {
    "mean": 6.898958333333334,
    "std": 6.932071225448753,
    "p10": 2.0,
    "p90": 14.0,
    "n": 192
  },
  "17": {
    "mean": 6.172486772486772,
    "std": 8.476254984974371,
    "p10": 1.0,
    "p90": 14.0,
    "n": 189
  },
  "18": {
    "mean": 5.143627450980392,
    "std": 8.146927165794473,
    "p10": 0.0,
    "p90": 14.260000000000028,
    "n": 204
  },
  "19": {
    "mean": 5.117553191489362,
    "std": 9.232328711996416,
    "p10": 0.0,
    "p90": 15.799999999999997,
    "n": 188
  },
  "20": {
    "mean": 3.926737967914438,
    "std": 6.583167812058477,
    "p10": 0.0,
    "p90": 13.0,
    "n": 187
  },
  "21": {
    "mean": 4.219689119170985,
    "std": 6.2366712798455035,
    "p10": 0.0,
    "p90": 13.0,
    "n": 193
  },
  "22": {
    "mean": 6.22596685082873,
    "std": 6.635580840271928,
    "p10": 1.0,
    "p90": 13.0,
    "n": 181
  },
  "23": {
    "mean": 7.452459016393442,
    "std": 6.383588329769587,
    "p10": 2.0,
    "p90": 15.800000000000011,
    "n": 183
  }
}