{
  "0": {
    "mean": 7.447619047619048,
    "std": 4.0735300406073875,
    "p10": 2.0,
    "p90": 12.0,
    "n": 168
  },
  "1": {
    "mean": 8.343030303030302,
    "std": 4.266763556734324,
    "p10": 2.0,
    "p90": 13.0,
    "n": 165
  },
  "2": {
    "mean": 9.354651162790697,
    "std": 4.325746583346275,
    "p10": 4.0,
    "p90": 14.0,
    "n": 172
  },
  "3": {
    "mean": 10.170059880239522,
    "std": 4.392689915665336,
    "p10": 4.600000000000001,
    "p90": 15.0,
    "n": 167
  },
  "4": {
    "mean": 11.059627329192546,
    "std": 4.693018470051919,
    "p10": 4.0,
    "p90": 16.0,
    "n": 161
  },
  "5": {
    "mean": 11.52093023255814,
    "std": 5.004819111045406,
    "p10": 4.0600000000000005,
    "p90": 17.0,
    "n": 172
  },
  "6": {
    "mean": 11.954802259887005,
    "std": 5.268235871108206,
    "p10": 4.0,
    "p90": 18.0,
    "n": 177
  },
  "7": {
    "mean": 12.11208791208791,
    "std": 5.631577017580064,
    "p10": 4.0,
    "p90": 19.0,
    "n": 182
  },
  "8": {
    "mean": 12.70434782608696,
    "std": 5.681451231589967,
    "p10": 5.0,
    "p90": 19.0,
    "n": 184
  },
  "9": {
    "mean": 13.058378378378379,
    "std": 5.830322495328192,
    "p10": 5.0,
    "p90": 20.0,
    "n": 185
  },
  "10": {
    "mean": 13.31958762886598,
    "std": 5.46583622441963,
    "p10": 5.300000000000001,
    "p90": 20.0,
    "n": 194
  },
  "11": {
    "mean": 12.409230769230767,
    "std": 4.649988019392273,
    "p10": 5.0,
    "p90": 18.0,
    "n": 195
  },
  "12": {
    "mean": 10.556923076923077,
    "std": 3.8026836385475304,
    "p10": 5.0,
    "p90": 15.0,
    "n": 195
  },
  "13": {
    "mean": 8.569148936170214,
    "std": 3.1294538860251984,
    "p10": 4.0,
    "p90": 13.0,
    "n": 188
  },
  "14": {
    "mean": 6.086956521739131,
    "std": 2.5270219363811957,
    "p10": 3.0,
    "p90": 9.0,
    "n": 184
  },
  "15": {
    "mean": 4.221965317919075,
    "std": 1.7807049358491713,
    "p10": 2.0,
    "p90": 6.0,
    "n": 173
  },
  "16": {
    "mean": 2.9197604790419165,
    "std": 1.7040080151742485,
    "p10": 1.0,
    "p90": 5.0,
    "n": 167
  },
  "17": {
    "mean": 1.859016393442623,
    "std": 1.566129517174407,
    "p10": 0.0,
    "p90": 4.0,
    "n": 183
  },
  "18": {
    "mean": 1.3641975308641976,
    "std": 1.8868494653359578,
    "p10": 0.0,
    "p90": 3.0,
    "n": 162
  },
  "19": {
    "mean": 2.341304347826087,
    "std": 3.698771090375474,
    "p10": 0.0,
    "p90": 8.0,
    "n": 184
  },
  "20": {
    "mean": 2.4,
    "std": 3.221159096006857,
    "p10": 0.0,
    "p90": 7.0,
    "n": 180
  },
  "21": {
    "mean": 4.029,
    "std": 4.081057972003618,
    "p10": 1.0,
    "p90": 11.0,
    "n": 200
  },
  "22": {
    "mean": 5.184158415841584,
    "std": 2.9805583193719953,
    "p10": 2.0,
    "p90": 8.98,
    "n": 202
  },
  "23": {
    "mean": 6.458181818181818,
    "std": 2.801830253890949,
    "p10": 3.0,
    "p90": 9.0,
    "n": 165
  }
}