{
  "0": {
    "mean": 8.76764705882353,
    "std": 4.977182651435931,
    "p10": 2.0,
    "p90": 15.28000000000001,
    "n": 204
  },
  "1": {
    "mean": 9.71111111111111,
    "std": 4.114355422936205,
    "p10": 4.900000000000002,
    "p90": 16.0,
    "n": 180
  },
  "2": {
    "mean": 10.617977528089888,
    "std": 3.863506261449634,
    "p10": 6.0,
    "p90": 16.0,
    "n": 178
  },
  "3": {
    "mean": 11.510975609756096,
    "std": 3.8728409729622855,
    "p10": 7.0,
    "p90": 17.700000000000017,
    "n": 164
  },
  "4": {
    "mean": 12.107142857142856,
    "std": 3.6580740233499873,
    "p10": 8.0,
    "p90": 17.0,
    "n": 168
  },
  "5": {
    "mean": 12.219318181818181,
    "std": 3.561872956892058,
    "p10": 8.0,
    "p90": 17.0,
    "n": 176
  },
  "6": {
    "mean": 12.95028901734104,
    "std": 3.3597588555052744,
    "p10": 9.0,
    "p90": 17.80000000000001,
    "n": 173
  },
  "7": {
    "mean": 13.36279069767442,
    "std": 3.451384890669063,
    "p10": 9.0,
    "p90": 18.0,
    "n": 172
  },
  "8": {
    "mean": 14.155813953488373,
    "std": 3.4721146345360947,
    "p10": 10.0,
    "p90": 19.0,
    "n": 172
  },
  "9": {
    "mean": 14.539393939393939,
    "std": 3.469689255955046,
    "p10": 10.0,
    "p90": 19.0,
    "n": 165
  },
  "10": {
    "mean": 13.856804733727811,
    "std": 3.3524819115987015,
    "p10": 9.959999999999999,
    "p90": 18.0,
    "n": 169
  },
  "11": {
    "mean": 12.379190751445087,
    "std": 2.858692462844383,
    "p10": 9.0,
    "p90": 16.0,
    "n": 173
  },
  "12": {
    "mean": 10.4062893081761,
    "std": 2.782078394699196,
    "p10": 7.0,
    "p90": 14.0,
    "n": 159
  },
  "13": {
    "mean": 8.69277108433735,
    "std": 3.159719325184864,
    "p10": 5.0,
    "p90": 12.5,
    "n": 166
  },
  "14": {
    "mean": 6.3679487179487175,
    "std": 2.6489678374425023,
    "p10": 3.0,
    "p90": 10.0,
    "n": 156
  },
  "15": {
    "mean": 4.591025641025642,
    "std": 2.341804426832404,
    "p10": 2.0,
    "p90": 7.5,
    "n": 156
  },
  "16": {
    "mean": 3.7382857142857144,
    "std": 2.8909425398082385,
    "p10": 1.0,
    "p90": 8.0,
    "n": 175
  },
  "17": {
    "mean": 3.3551724137931034,
    "std": 3.3571340178837494,
    "p10": 0.0,
    "p90": 9.0,
    "n": 174
  },
  "18": {
    "mean": 2.5542857142857143,
    "std": 3.261790536515959,
    "p10": 0.0,
    "p90": 8.599999999999994,
    "n": 175
  },
  "19": {
    "mean": 3.3834254143646407,
    "std": 5.103414040425988,
    "p10": 0.0,
    "p90": 11.0,
    "n": 181
  },
  "20": {
    "mean": 3.6670270270270273,
    "std": 4.940630606239357,
    "p10": 0.0,
    "p90": 13.0,
    "n": 185
  },
  "21": {
    "mean": 5.714418604651162,
    "std": 5.388055889887325,
    "p10": 1.0,
    "p90": 13.679999999999996,
    "n": 215
  },
  "22": {
    "mean": 6.912621359223301,
    "std": 5.409092248114719,
    "p10": 2.0,
    "p90": 14.5,
    "n": 206
  },
  "23": {
    "mean": 7.272916666666667,
    "std": 4.362680360763548,
    "p10": 3.0,
    "p90": 14.0,
    "n": 192
  }
}