{
  "0": {
    "mean": 9.206470588235293,
    "std": 7.290596554496182,
    "p10": 0.0,
    "p90": 20.0,
    "n": 170
  },
  "1": {
    "mean": 10.431818181818182,
    "std": 7.45941265754109,
    "p10": 2.0,
    "p90": 23.400000000000034,
    "n": 154
  },
  "2": {
    "mean": 11.011184210526315,
    "std": 6.916642271377973,
    "p10": 3.0,
    "p90": 20.0,
    "n": 152
  },
  "3": {
    "mean": 11.520253164556962,
    "std": 6.945683345283725,
    "p10": 3.0,
    "p90": 20.30000000000001,
    "n": 158
  },
  "4": {
    "mean": 11.577070063694267,
    "std": 6.760811594159853,
    "p10": 4.0,
    "p90": 20.400000000000006,
    "n": 157
  },
  "5": {
    "mean": 12.142767295597483,
    "std": 6.991237364626087,
    "p10": 4.0,
    "p90": 22.0,
    "n": 159
  },
  "6": {
    "mean": 12.555828220858896,
    "std": 7.137183956891357,
    "p10": 4.0,
    "p90": 22.0,
    "n": 163
  },
  "7": {
    "mean": 12.88313953488372,
    "std": 6.9584233546655785,
    "p10": 4.0,
    "p90": 22.900000000000006,
    "n": 172
  },
  "8": {
    "mean": 13.405421686746989,
    "std": 7.1588576710559,
    "p10": 5.0,
    "p90": 24.0,
    "n": 166
  },
  "9": {
    "mean": 13.788622754491017,
    "std": 7.040745606409731,
    "p10": 5.0,
    "p90": 24.0,
    "n": 167
  },
  "10": {
    "mean": 13.90679012345679,
    "std": 7.144681612709036,
    "p10": 5.0,
    "p90": 23.0,
    "n": 162
  },
  "11": {
    "mean": 14.104371584699456,
    "std": 7.044425940287763,
    "p10": 5.0,
    "p90": 23.0,
    "n": 183
  },
  "12": {
    "mean": 13.337426900584795,
    "std": 6.512251109768717,
    "p10": 6.0,
    "p90": 23.0,
    "n": 171
  },
  "13": {
    "mean": 11.192613636363637,
    "std": 5.7141930552552465,
    "p10": 4.0,
    "p90": 19.0,
    "n": 176
  },
  "14": {
    "mean": 9.851685393258427,
    "std": 5.222876934323158,
    "p10": 4.0,
    "p90": 18.0,
    "n": 178
  },
  "15": {
    "mean": 7.756069364161851,
    "std": 4.786637242175755,
    "p10": 2.1999999999999993,
    "p90": 14.800000000000011,
    "n": 173
  },
  "16": {
    "mean": 6.752272727272728,
    "std": 4.564558555347364,
    "p10": 2.0,
    "p90": 13.5,
    "n": 176
  },
  "17": {
    "mean": 5.508823529411765,
    "std": 5.052011588756914,
    "p10": 1.0,
    "p90": 13.099999999999994,
    "n": 170
  },
  "18": {
    "mean": 4.358333333333333,
    "std": 4.979988897694226,
    "p10": 0.0,
    "p90": 11.0,
    "n": 168
  },
  "19": {
    "mean": 3.5640718562874256,
    "std": 4.96491572329117,
    "p10": 0.0,
    "p90": 10.460000000000006,
    "n": 167
  },
  "20": {
    "mean": 3.7974683544303796,
    "std": 5.65433095229669,
    "p10": 0.0,
    "p90": 11.600000000000023,
    "n": 158
  },
  "21": {
    "mean": 4.515337423312883,
    "std": 5.052020532372841,
    "p10": 0.0,
    "p90": 11.0,
    "n": 163
  },
  "22": {
    "mean": 5.83030303030303,
    "std": 4.883064614518628,
    "p10": 1.0,
    "p90": 11.0,
    "n": 165
  },
  "23": {
    "mean": 7.58622754491018,
    "std": 5.4559894817548775,
    "p10": 2.0,
    "p90": 15.400000000000006,
    "n": 167
  }
}