{
  "0": {
    "mean": 13.372670807453416,
    "std": 9.348669608409796,
    "p10": 0.0,
    "p90": 25.0,
    "n": 161
  },
  "1": {
    "mean": 15.278527607361964,
    "std": 9.860650958473808,
    "p10": 3.0,
    "p90": 28.0,
    "n": 163
  },
  "2": {
    "mean": 15.899397590361447,
    "std": 9.71069698829799,
    "p10": 4.0,
    "p90": 30.0,
    "n": 166
  },
  "3": {
    "mean": 17.444654088050317,
    "std": 9.519976650053419,
    "p10": 5.0,
    "p90": 30.200000000000017,
    "n": 159
  },
  "4": {
    "mean": 18.158282208588957,
    "std": 9.567239729583633,
    "p10": 6.919999999999999,
    "p90": 30.0,
    "n": 163
  },
  "5": {
    "mean": 18.589634146341464,
    "std": 9.573420636711615,
    "p10": 7.0,
    "p90": 31.700000000000017,
    "n": 164
  },
  "6": {
    "mean": 18.914285714285715,
    "std": 9.372038579885228,
    "p10": 7.0,
    "p90": 31.0,
    "n": 161
  },
  "7": {
    "mean": 19.795180722891565,
    "std": 9.211684327470167,
    "p10": 9.0,
    "p90": 32.0,
    "n": 166
  },
  "8": {
    "mean": 20.32378048780488,
    "std": 8.901319008931097,
    "p10": 9.0,
    "p90": 32.97,
    "n": 164
  },
  "9": {
    "mean": 20.90967741935484,
    "std": 8.575597924657844,
    "p10": 10.0,
    "p90": 33.63999999999999,
    "n": 155
  },
  "10": {
    "mean": 20.66625,
    "std": 8.473205177194917,
    "p10": 9.0,
    "p90": 32.0,
    "n": 160
  },
  "11": {
    "mean": 20.740828402366862,
    "std": 8.033645129800638,
    "p10": 10.0,
    "p90": 31.0,
    "n": 169
  },
  "12": {
    "mean": 21.393529411764707,
    "std": 7.845528965445894,
    "p10": 11.090000000000002,
    "p90": 31.909999999999997,
    "n": 170
  },
  "13": {
    "mean": 21.041818181818183,
    "std": 7.795746751002434,
    "p10": 11.040000000000001,
    "p90": 30.0,
    "n": 165
  },
  "14": {
    "mean": 20.083536585365852,
    "std": 7.468241778932438,
    "p10": 11.0,
    "p90": 29.0,
    "n": 164
  },
  "15": {
    "mean": 14.55276073619632,
    "std": 6.220826360130405,
    "p10": 7.0,
    "p90": 22.98,
    "n": 163
  },
  "16": {
    "mean": 10.024999999999999,
    "std": 5.4922519323446535,
    "p10": 3.0,
    "p90": 17.700000000000017,
    "n": 164
  },
  "17": {
    "mean": 6.409677419354839,
    "std": 4.620434203938885,
    "p10": 1.3599999999999999,
    "p90": 12.0,
    "n": 155
  },
  "18": {
    "mean": 3.8516129032258064,
    "std": 4.156552561899395,
    "p10": 0.0,
    "p90": 9.0,
    "n": 155
  },
  "19": {
    "mean": 2.8458064516129036,
    "std": 4.044223693982704,
    "p10": 0.0,
    "p90": 8.599999999999994,
    "n": 155
  },
  "20": {
    "mean": 2.220125786163522,
    "std": 3.6985419616797035,
    "p10": 0.0,
    "p90": 8.0,
    "n": 159
  },
  "21": {
    "mean": 3.6771604938271607,
    "std": 4.827435499520631,
    "p10": 0.0,
    "p90": 11.99,
    "n": 162
  },
  "22": {
    "mean": 6.1101190476190474,
    "std": 4.692057754734782,
    "p10": 2.0,
    "p90": 13.0,
    "n": 168
  },
  "23": {
    "mean": 11.692546583850932,
    "std": 7.358231383925002,
    "p10": 5.0,
    "p90": 18.0,
    "n": 161
  }
}