{
  "0": {
    "mean": 13.597619047619048,
    "std": 8.4855792085001,
    "p10": 0.3000000000000007,
    "p90": 23.700000000000003,
    "n": 84
  },
  "1": {
    "mean": 15.145121951219513,
    "std": 9.333282439530874,
    "p10": 2.0,
    "p90": 26.0,
    "n": 82
  },
  "2": {
    "mean": 16.666666666666668,
    "std": 8.94225922236657,
    "p10": 4.0,
    "p90": 27.0,
    "n": 81
  },
  "3": {
    "mean": 16.802325581395348,
    "std": 9.249254046159436,
    "p10": 5.0,
    "p90": 27.5,
    "n": 86
  },
  "4": {
    "mean": 19.034567901234567,
    "std": 8.629399754528514,
    "p10": 6.0,
    "p90": 29.0,
    "n": 81
  },
  "5": {
    "mean": 18.4,
    "std": 8.613942186943211,
    "p10": 6.0,
    "p90": 27.0,
    "n": 84
  },
  "6": {
    "mean": 19.021428571428572,
    "std": 8.672336179027276,
    "p10": 7.300000000000001,
    "p90": 29.0,
    "n": 84
  },
  "7": {
    "mean": 19.351219512195122,
    "std": 8.156891260623699,
    "p10": 9.0,
    "p90": 29.0,
    "n": 82
  },
  "8": {
    "mean": 19.95,
    "std": 8.58257551144402,
    "p10": 9.0,
    "p90": 31.700000000000003,
    "n": 84
  },
  "9": {
    "mean": 19.941573033707865,
    "std": 8.407677889729507,
    "p10": 7.0,
    "p90": 30.200000000000003,
    "n": 89
  },
  "10": {
    "mean": 21.59767441860465,
    "std": 8.308082198808664,
    "p10": 11.0,
    "p90": 32.5,
    "n": 86
  },
  "11": {
    "mean": 21.826436781609196,
    "std": 7.856850954630777,
    "p10": 11.6,
    "p90": 31.0,
    "n": 87
  },
  "12": {
    "mean": 22.564367816091952,
    "std": 7.9664117131911025,
    "p10": 11.6,
    "p90": 31.0,
    "n": 87
  },
  "13": {
    "mean": 22.181818181818183,
    "std": 7.975790170266855,
    "p10": 10.400000000000002,
    "p90": 30.299999999999997,
    "n": 88
  },
  "14": {
    "mean": 18.913095238095234,
    "std": 6.386936587971752,
    "p10": 10.3,
    "p90": 26.0,
    "n": 84
  },
  "15": {
    "mean": 14.206593406593406,
    "std": 5.755708320109546,
    "p10": 6.0,
    "p90": 21.0,
    "n": 91
  },
  "16": {
    "mean": 9.171951219512195,
    "std": 4.579052529908906,
    "p10": 4.0,
    "p90": 15.900000000000006,
    "n": 82
  },
  "17": {
    "mean": 6.819047619047619,
    "std": 4.7378119140215835,
    "p10": 2.0,
    "p90": 14.260000000000005,
    "n": 84
  },
  "18": {
    "mean": 4.419277108433735,
    "std": 4.71382134432107,
    "p10": 1.0,
    "p90": 11.0,
    "n": 83
  },
  "19": {
    "mean": 3.072941176470588,
    "std": 4.322680722358636,
    "p10": 0.0,
    "p90": 8.200000000000017,
    "n": 85
  },
  "20": {
    "mean": 2.4878048780487805,
    "std": 4.516755916677378,
    "p10": 0.0,
    "p90": 8.0,
    "n": 82
  },
  "21": {
    "mean": 2.3461538461538463,
    "std": 4.651007216922819,
    "p10": 0.0,
    "p90": 6.299999999999997,
    "n": 78
  },
  "22": {
    "mean": 5.240963855421687,
    "std": 4.748787679556428,
    "p10": 1.0,
    "p90": 9.0,
    "n": 83
  },
  "23": {
    "mean": 10.545454545454545,
    "std": 5.523979911891938,
    "p10": 3.6000000000000005,
    "p90": 15.800000000000011,
    "n": 77
  }
}