{
  "0": {
    "mean": 11.452941176470588,
    "std": 9.705133006966461,
    "p10": 0.0,
    "p90": 24.009999999999998,
    "n": 170
  },
  "1": {
    "mean": 13.800636942675158,
    "std": 9.512646756274098,
    "p10": 2.6800000000000006,
    "p90": 28.0,
    "n": 157
  },
  "2": {
    "mean": 14.619411764705884,
    "std": 9.5914798054853,
    "p10": 3.0,
    "p90": 28.0,
    "n": 170
  },
  "3": {
    "mean": 16.05508982035928,
    "std": 9.825242010463297,
    "p10": 5.0,
    "p90": 30.0,
    "n": 167
  },
  "4": {
    "mean": 16.76904761904762,
    "std": 9.841960471058929,
    "p10": 5.070000000000001,
    "p90": 31.27000000000001,
    "n": 168
  },
  "5": {
    "mean": 17.51219512195122,
    "std": 9.362480797610228,
    "p10": 6.300000000000001,
    "p90": 29.700000000000017,
    "n": 164
  },
  "6": {
    "mean": 17.478527607361965,
    "std": 9.271293424829938,
    "p10": 6.0,
    "p90": 31.80000000000001,
    "n": 163
  },
  "7": {
    "mean": 19.122012578616353,
    "std": 9.170720108928005,
    "p10": 8.8,
    "p90": 33.02,
    "n": 159
  },
  "8": {
    "mean": 19.825806451612902,
    "std": 8.795621982906715,
    "p10": 10.0,
    "p90": 32.599999999999994,
    "n": 155
  },
  "9": {
    "mean": 20.059876543209874,
    "std": 8.392753898279523,
    "p10": 10.0,
    "p90": 31.900000000000006,
    "n": 162
  },
  "10": {
    "mean": 20.588023952095806,
    "std": 8.255139344056179,
    "p10": 10.0,
    "p90": 32.400000000000006,
    "n": 167
  },
  "11": {
    "mean": 21.103896103896105,
    "std": 8.662298168370937,
    "p10": 10.0,
    "p90": 31.560000000000013,
    "n": 154
  },
  "12": {
    "mean": 20.06327683615819,
    "std": 9.031482593555669,
    "p10": 8.0,
    "p90": 31.0,
    "n": 177
  },
  "13": {
    "mean": 20.236526946107784,
    "std": 8.87708814247835,
    "p10": 8.959999999999999,
    "p90": 32.0,
    "n": 167
  },
  "14": {
    "mean": 18.746153846153845,
    "std": 7.17603884456873,
    "p10": 10.0,
    "p90": 28.95,
    "n": 156
  },
  "15": {
    "mean": 14.884662576687115,
    "std": 6.163348284560974,
    "p10": 8.0,
    "p90": 22.80000000000001,
    "n": 163
  },
  "16": {
    "mean": 11.657894736842104,
    "std": 6.932624001184232,
    "p10": 4.0,
    "p90": 20.0,
    "n": 171
  },
  "17": {
    "mean": 8.955483870967742,
    "std": 7.684857280404935,
    "p10": 2.0,
    "p90": 17.0,
    "n": 155
  },
  "18": {
    "mean": 6.8208588957055225,
    "std": 6.2973976007312,
    "p10": 1.0,
    "p90": 13.0,
    "n": 163
  },
  "19": {
    "mean": 5.761818181818182,
    "std": 6.656241090476324,
    "p10": 0.0,
    "p90": 13.599999999999994,
    "n": 165
  },
  "20": {
    "mean": 4.991194968553459,
    "std": 7.045569427875404,
    "p10": 0.0,
    "p90": 13.400000000000034,
    "n": 159
  },
  "21": {
    "mean": 4.837037037037037,
    "std": 6.921762322616523,
    "p10": 0.0,
    "p90": 13.0,
    "n": 162
  },
  "22": {
    "mean": 6.235227272727273,
    "std": 7.733637691801448,
    "p10": 0.0,
    "p90": 19.0,
    "n": 176
  },
  "23": {
    "mean": 9.554022988505748,
    "std": 8.135198689058008,
    "p10": 3.0,
    "p90": 20.630000000000013,
    "n": 174
  }
}