{
  "0": {
    "mean": 12.271532846715328,
    "std": 8.674760116238419,
    "p10": 0.0,
    "p90": 23.400000000000006,
    "n": 137
  },
  "1": {
    "mean": 13.855555555555556,
    "std": 8.969431225970403,
    "p10": 2.3199999999999994,
    "p90": 26.0,
    "n": 135
  },
  "2": {
    "mean": 14.828776978417265,
    "std": 9.080471517830604,
    "p10": 3.0,
    "p90": 27.0,
    "n": 139
  },
  "3": {
    "mean": 15.786764705882353,
    "std": 8.972119852104234,
    "p10": 4.0,
    "p90": 27.5,
    "n": 136
  },
  "4": {
    "mean": 16.48857142857143,
    "std": 9.053065665535712,
    "p10": 4.9799999999999995,
    "p90": 28.0,
    "n": 140
  },
  "5": {
    "mean": 16.891156462585034,
    "std": 8.889041469274122,
    "p10": 5.96,
    "p90": 28.0,
    "n": 147
  },
  "6": {
    "mean": 17.355102040816327,
    "std": 8.917261878364043,
    "p10": 6.0,
    "p90": 29.460000000000004,
    "n": 147
  },
  "7": {
    "mean": 17.755172413793105,
    "std": 8.775873896295352,
    "p10": 5.9399999999999995,
    "p90": 29.0,
    "n": 145
  },
  "8": {
    "mean": 19.18686131386861,
    "std": 8.719103582484573,
    "p10": 7.0,
    "p90": 30.420000000000005,
    "n": 137
  },
  "9": {
    "mean": 19.042857142857144,
    "std": 8.323534878686598,
    "p10": 8.6,
    "p90": 30.0,
    "n": 147
  },
  "10": {
    "mean": 20.08082191780822,
    "std": 8.490224115221498,
    "p10": 9.0,
    "p90": 31.5,
    "n": 146
  },
  "11": {
    "mean": 20.8410071942446,
    "std": 8.337550929376556,
    "p10": 9.719999999999999,
    "p90": 31.02,
    "n": 139
  },
  "12": {
    "mean": 20.84834437086093,
    "std": 8.51385423338248,
    "p10": 9.0,
    "p90": 31.0,
    "n": 151
  },
  "13": {
    "mean": 20.599328859060403,
    "std": 8.693166752983348,
    "p10": 8.0,
    "p90": 31.200000000000017,
    "n": 149
  },
  "14": {
    "mean": 17.508666666666667,
    "std": 7.385619408635745,
    "p10": 7.0,
    "p90": 26.189999999999998,
    "n": 150
  },
  "15": {
    "mean": 13.934013605442178,
    "std": 6.047466316493933,
    "p10": 6.0,
    "p90": 23.0,
    "n": 147
  },
  "16": {
    "mean": 9.694244604316546,
    "std": 5.027702529221857,
    "p10": 4.0,
    "p90": 17.200000000000003,
    "n": 139
  },
  "17": {
    "mean": 7.096478873239437,
    "std": 5.286063732423061,
    "p10": 2.0,
    "p90": 15.0,
    "n": 142
  },
  "18": {
    "mean": 4.866428571428571,
    "std": 4.765306435741136,
    "p10": 1.0,
    "p90": 11.0,
    "n": 140
  },
  "19": {
    "mean": 3.3066176470588236,
    "std": 4.421080850013137,
    "p10": 0.0,
    "p90": 7.5,
    "n": 136
  },
  "20": {
    "mean": 3.033333333333333,
    "std": 4.768397208737804,
    "p10": 0.0,
    "p90": 8.0,
    "n": 135
  },
  "21": {
    "mean": 2.870454545454545,
    "std": 4.8615917764628875,
    "p10": 0.0,
    "p90": 8.0,
    "n": 132
  },
  "22": {
    "mean": 5.234090909090909,
    "std": 5.048162382694729,
    "p10": 1.0,
    "p90": 10.900000000000006,
    "n": 132
  },
  "23": {
    "mean": 10.101515151515152,
    "std": 5.642978273364324,
    "p10": 4.0,
    "p90": 16.80000000000001,
    "n": 132
  }
}