{
  "0": {
    "mean": 10.292655367231639,
    "std": 8.424531431526665,
    "p10": 0.0,
    "p90": 22.0,
    "n": 177
  },
  "1": {
    "mean": 13.526229508196723,
    "std": 8.39611176963096,
    "p10": 3.0,
    "p90": 24.0,
    "n": 183
  },
  "2": {
    "mean": 15.442696629213485,
    "std": 8.67319251448519,
    "p10": 4.699999999999999,
    "p90": 27.30000000000001,
    "n": 178
  },
  "3": {
    "mean": 16.665745856353592,
    "std": 8.40096807394818,
    "p10": 6.0,
    "p90": 28.0,
    "n": 181
  },
  "4": {
    "mean": 17.437894736842104,
    "std": 8.871155075288303,
    "p10": 6.98,
    "p90": 29.099999999999994,
    "n": 190
  },
  "5": {
    "mean": 18.814285714285713,
    "std": 8.81228057873545,
    "p10": 8.040000000000001,
    "p90": 30.0,
    "n": 175
  },
  "6": {
    "mean": 20.396022727272726,
    "std": 9.116781141204571,
    "p10": 8.100000000000001,
    "p90": 30.5,
    "n": 176
  },
  "7": {
    "mean": 21.470466321243524,
    "std": 9.038523356661301,
    "p10": 8.700000000000003,
    "p90": 32.80000000000001,
    "n": 193
  },
  "8": {
    "mean": 22.654143646408837,
    "std": 8.732661994637395,
    "p10": 11.0,
    "p90": 34.0,
    "n": 181
  },
  "9": {
    "mean": 22.6,
    "std": 8.37713567494296,
    "p10": 10.899999999999999,
    "p90": 33.01,
    "n": 190
  },
  "10": {
    "mean": 23.930208333333336,
    "std": 8.36999277263497,
    "p10": 11.100000000000001,
    "p90": 34.81,
    "n": 192
  },
  "11": {
    "mean": 24.234444444444442,
    "std": 7.855690903918122,
    "p10": 14.0,
    "p90": 34.0,
    "n": 180
  },
  "12": {
    "mean": 24.568926553672316,
    "std": 8.118021162276303,
    "p10": 13.56,
    "p90": 34.160000000000004,
    "n": 177
  },
  "13": {
    "mean": 22.488586956521736,
    "std": 7.86446182144914,
    "p10": 11.93,
    "p90": 31.0,
    "n": 184
  },
  "14": {
    "mean": 18.653216374269004,
    "std": 7.041025046946668,
    "p10": 10.0,
    "p90": 25.1,
    "n": 171
  },
  "15": {
    "mean": 14.59144385026738,
    "std": 6.265954393644127,
    "p10": 8.0,
    "p90": 23.0,
    "n": 187
  },
  "16": {
    "mean": 12.134636871508382,
    "std": 6.864460358912584,
    "p10": 5.0,
    "p90": 22.360000000000017,
    "n": 179
  },
  "17": {
    "mean": 8.891666666666667,
    "std": 6.019622243572038,
    "p10": 3.0,
    "p90": 16.099999999999994,
    "n": 180
  },
  "18": {
    "mean": 6.984705882352942,
    "std": 6.341849465787629,
    "p10": 2.0,
    "p90": 15.099999999999994,
    "n": 170
  },
  "19": {
    "mean": 5.436931818181819,
    "std": 6.297668477043964,
    "p10": 0.0,
    "p90": 11.0,
    "n": 176
  },
  "20": {
    "mean": 4.236969696969696,
    "std": 6.22524584921933,
    "p10": 0.0,
    "p90": 10.599999999999994,
    "n": 165
  },
  "21": {
    "mean": 4.27093023255814,
    "std": 7.036701883596663,
    "p10": 0.0,
    "p90": 15.960000000000003,
    "n": 172
  },
  "22": {
    "mean": 4.61264367816092,
    "std": 7.068431890225134,
    "p10": 0.0,
    "p90": 16.0,
    "n": 174
  },
  "23": {
    "mean": 6.993922651933702,
    "std": 7.74994742452314,
    "p10": 1.0,
    "p90": 19.0,
    "n": 181
  }
}