{
  "0": {
    "mean": 10.100970873786409,
    "std": 6.269204565339556,
    "p10": 2.0,
    "p90": 19.0,
    "n": 206
  },
  "1": {
    "mean": 13.77341040462428,
    "std": 5.576902995610493,
    "p10": 7.0,
    "p90": 20.80000000000001,
    "n": 173
  },
  "2": {
    "mean": 16.820359281437124,
    "std": 5.376550366735426,
    "p10": 10.0,
    "p90": 23.0,
    "n": 167
  },
  "3": {
    "mean": 18.132571428571428,
    "std": 5.894339941821619,
    "p10": 10.0,
    "p90": 25.0,
    "n": 175
  },
  "4": {
    "mean": 19.959259259259255,
    "std": 5.631285231715632,
    "p10": 13.0,
    "p90": 27.0,
    "n": 162
  },
  "5": {
    "mean": 20.629813664596274,
    "std": 5.206064309059402,
    "p10": 14.0,
    "p90": 27.0,
    "n": 161
  },
  "6": {
    "mean": 21.395061728395063,
    "std": 5.215073738265342,
    "p10": 15.0,
    "p90": 27.900000000000006,
    "n": 162
  },
  "7": {
    "mean": 22.40909090909091,
    "std": 5.32181800520935,
    "p10": 17.0,
    "p90": 28.0,
    "n": 154
  },
  "8": {
    "mean": 23.030864197530864,
    "std": 5.188883051588083,
    "p10": 17.0,
    "p90": 29.0,
    "n": 162
  },
  "9": {
    "mean": 24.21566265060241,
    "std": 4.883813262449267,
    "p10": 19.0,
    "p90": 30.0,
    "n": 166
  },
  "10": {
    "mean": 24.49112426035503,
    "std": 5.581771291653266,
    "p10": 16.8,
    "p90": 30.200000000000017,
    "n": 169
  },
  "11": {
    "mean": 25.56341463414634,
    "std": 5.406710490685743,
    "p10": 18.0,
    "p90": 32.0,
    "n": 164
  },
  "12": {
    "mean": 24.897674418604648,
    "std": 5.257686697954216,
    "p10": 19.0,
    "p90": 31.0,
    "n": 172
  },
  "13": {
    "mean": 21.207100591715978,
    "std": 4.645627411167681,
    "p10": 16.0,
    "p90": 26.0,
    "n": 169
  },
  "14": {
    "mean": 16.765882352941176,
    "std": 4.230574902982564,
    "p10": 12.0,
    "p90": 22.0,
    "n": 170
  },
  "15": {
    "mean": 13.10179640718563,
    "std": 3.773137026207931,
    "p10": 8.600000000000001,
    "p90": 18.0,
    "n": 167
  },
  "16": {
    "mean": 9.375,
    "std": 3.4853692404303973,
    "p10": 6.0,
    "p90": 14.0,
    "n": 160
  },
  "17": {
    "mean": 6.421383647798742,
    "std": 3.0592951281294716,
    "p10": 3.0,
    "p90": 10.0,
    "n": 159
  },
  "18": {
    "mean": 4.29559748427673,
    "std": 3.147338556440091,
    "p10": 2.0,
    "p90": 8.0,
    "n": 159
  },
  "19": {
    "mean": 2.472049689440994,
    "std": 2.930576120409696,
    "p10": 0.0,
    "p90": 5.0,
    "n": 161
  },
  "20": {
    "mean": 2.0768361581920907,
    "std": 3.2029061982906706,
    "p10": 0.0,
    "p90": 4.400000000000006,
    "n": 177
  },
  "21": {
    "mean": 3.402072538860103,
    "std": 5.145871712568308,
    "p10": 0.0,
    "p90": 11.800000000000011,
    "n": 193
  },
  "22": {
    "mean": 5.501449275362319,
    "std": 5.999575051787097,
    "p10": 0.0,
    "p90": 15.0,
    "n": 207
  },
  "23": {
    "mean": 7.178536585365853,
    "std": 5.872796024215151,
    "p10": 1.0,
    "p90": 15.0,
    "n": 205
  }
}