{
  "0": {
    "mean": 9.540963855421687,
    "std": 6.245610068356683,
    "p10": 0.0,
    "p90": 17.0,
    "n": 166
  },
  "1": {
    "mean": 13.98967741935484,
    "std": 6.650292193498147,
    "p10": 5.0,
    "p90": 22.0,
    "n": 155
  },
  "2": {
    "mean": 17.164779874213835,
    "std": 6.950513489497999,
    "p10": 7.800000000000001,
    "p90": 25.0,
    "n": 159
  },
  "3": {
    "mean": 18.428930817610063,
    "std": 7.19528103014597,
    "p10": 8.8,
    "p90": 27.0,
    "n": 159
  },
  "4": {
    "mean": 19.930379746835442,
    "std": 7.097247235809912,
    "p10": 10.700000000000001,
    "p90": 28.30000000000001,
    "n": 158
  },
  "5": {
    "mean": 20.88157894736842,
    "std": 6.495983690937911,
    "p10": 12.100000000000001,
    "p90": 29.900000000000006,
    "n": 152
  },
  "6": {
    "mean": 21.95364238410596,
    "std": 6.243223257628356,
    "p10": 13.0,
    "p90": 29.0,
    "n": 151
  },
  "7": {
    "mean": 22.838709677419356,
    "std": 6.416783867902462,
    "p10": 14.0,
    "p90": 31.0,
    "n": 155
  },
  "8": {
    "mean": 23.955844155844154,
    "std": 6.51049416327698,
    "p10": 14.0,
    "p90": 31.700000000000017,
    "n": 154
  },
  "9": {
    "mean": 24.84313725490196,
    "std": 6.39399147129432,
    "p10": 15.0,
    "p90": 32.0,
    "n": 153
  },
  "10": {
    "mean": 25.752317880794703,
    "std": 6.288559288497233,
    "p10": 17.0,
    "p90": 33.0,
    "n": 151
  },
  "11": {
    "mean": 26.372903225806454,
    "std": 6.285670259205223,
    "p10": 17.0,
    "p90": 34.0,
    "n": 155
  },
  "12": {
    "mean": 26.20875,
    "std": 6.684718210004802,
    "p10": 16.0,
    "p90": 34.0,
    "n": 160
  },
  "13": {
    "mean": 22.87125,
    "std": 5.717735703259382,
    "p10": 15.0,
    "p90": 30.0,
    "n": 160
  },
  "14": {
    "mean": 18.062820512820515,
    "std": 4.714442024915167,
    "p10": 12.0,
    "p90": 23.0,
    "n": 156
  },
  "15": {
    "mean": 13.254901960784315,
    "std": 4.450797403075077,
    "p10": 9.0,
    "p90": 18.0,
    "n": 153
  },
  "16": {
    "mean": 9.431372549019608,
    "std": 4.453095768058963,
    "p10": 5.0,
    "p90": 14.0,
    "n": 153
  },
  "17": {
    "mean": 6.344370860927152,
    "std": 4.245855010267296,
    "p10": 2.0,
    "p90": 10.0,
    "n": 151
  },
  "18": {
    "mean": 4.300653594771242,
    "std": 3.9853101433168923,
    "p10": 1.0,
    "p90": 7.0,
    "n": 153
  },
  "19": {
    "mean": 3.031847133757962,
    "std": 4.5268718782535835,
    "p10": 0.0,
    "p90": 5.0,
    "n": 157
  },
  "20": {
    "mean": 2.5874213836477984,
    "std": 4.745347383455343,
    "p10": 0.0,
    "p90": 6.200000000000017,
    "n": 159
  },
  "21": {
    "mean": 3.2776470588235296,
    "std": 5.469839335840001,
    "p10": 0.0,
    "p90": 11.0,
    "n": 170
  },
  "22": {
    "mean": 4.2748538011695905,
    "std": 5.825502690424855,
    "p10": 0.0,
    "p90": 13.0,
    "n": 171
  },
  "23": {
    "mean": 6.3840490797546,
    "std": 5.964047908456676,
    "p10": 2.0,
    "p90": 16.480000000000004,
    "n": 163
  }
}