{
  "0": {
    "mean": 11.145652173913042,
    "std": 9.53027538120686,
    "p10": 0.0,
    "p90": 22.299999999999997,
    "n": 138
  },
  "1": {
    "mean": 12.700729927007298,
    "std": 10.372492583967725,
    "p10": 1.0,
    "p90": 25.0,
    "n": 137
  },
  "2": {
    "mean": 13.54485294117647,
    "std": 10.205407570593014,
    "p10": 1.9499999999999993,
    "p90": 25.5,
    "n": 136
  },
  "3": {
    "mean": 14.121088435374151,
    "std": 10.049727259248199,
    "p10": 1.9599999999999995,
    "p90": 24.400000000000006,
    "n": 147
  },
  "4": {
    "mean": 14.719696969696969,
    "std": 10.3677895160664,
    "p10": 2.5500000000000007,
    "p90": 27.0,
    "n": 132
  },
  "5": {
    "mean": 14.382142857142858,
    "std": 9.849042372885712,
    "p10": 3.809999999999999,
    "p90": 25.91,
    "n": 140
  },
  "6": {
    "mean": 16.245864661654135,
    "std": 10.150694193891786,
    "p10": 4.200000000000001,
    "p90": 27.0,
    "n": 133
  },
  "7": {
    "mean": 15.921739130434782,
    "std": 9.857501046429334,
    "p10": 2.8500000000000005,
    "p90": 27.34,
    "n": 138
  },
  "8": {
    "mean": 16.051063829787235,
    "std": 9.280321861885094,
    "p10": 5.0,
    "p90": 28.0,
    "n": 141
  },
  "9": {
    "mean": 15.889115646258505,
    "std": 8.97915492600303,
    "p10": 3.9599999999999995,
    "p90": 27.0,
    "n": 147
  },
  "10": {
    "mean": 15.643884892086332,
    "std": 8.22867128855321,
    "p10": 5.0,
    "p90": 26.200000000000003,
    "n": 139
  },
  "11": {
    "mean": 16.66891891891892,
    "std": 8.732664860053145,
    "p10": 5.63,
    "p90": 28.0,
    "n": 148
  },
  "12": {
    "mean": 17.1,
    "std": 8.155643354053595,
    "p10": 6.850000000000001,
    "p90": 28.0,
    "n": 136
  },
  "13": {
    "mean": 16.779245283018867,
    "std": 7.686212178612123,
    "p10": 7.800000000000001,
    "p90": 28.0,
    "n": 159
  },
  "14": {
    "mean": 17.000684931506854,
    "std": 7.905611246627662,
    "p10": 6.400000000000002,
    "p90": 27.0,
    "n": 146
  },
  "15": {
    "mean": 13.681168831168831,
    "std": 6.256309437298582,
    "p10": 6.0,
    "p90": 20.0,
    "n": 154
  },
  "16": {
    "mean": 10.224,
    "std": 4.870382755792348,
    "p10": 4.970000000000001,
    "p90": 15.81,
    "n": 150
  },
  "17": {
    "mean": 7.299305555555557,
    "std": 4.002018660692173,
    "p10": 3.0,
    "p90": 13.870000000000001,
    "n": 144
  },
  "18": {
    "mean": 5.325362318840581,
    "std": 4.002135590384868,
    "p10": 1.0,
    "p90": 11.0,
    "n": 138
  },
  "19": {
    "mean": 4.025531914893617,
    "std": 4.458081013416922,
    "p10": 0.0,
    "p90": 10.0,
    "n": 141
  },
  "20": {
    "mean": 3.767910447761194,
    "std": 5.015263930509735,
    "p10": 0.0,
    "p90": 12.97,
    "n": 134
  },
  "21": {
    "mean": 4.2092307692307696,
    "std": 5.640639445770799,
    "p10": 0.0,
    "p90": 14.100000000000009,
    "n": 130
  },
  "22": {
    "mean": 6.311851851851852,
    "std": 6.46811988936982,
    "p10": 1.0,
    "p90": 16.0,
    "n": 135
  },
  "23": {
    "mean": 8.752142857142857,
    "std": 6.122214155556416,
    "p10": 2.0,
    "p90": 18.0,
    "n": 140
  }
}