{
  "0": {
    "mean": 8.21443298969072,
    "std": 6.465868774051816,
    "p10": 0.0,
    "p90": 17.0,
    "n": 194
  },
  "1": {
    "mean": 11.716161616161617,
    "std": 6.64924265098031,
    "p10": 3.0,
    "p90": 20.30000000000001,
    "n": 198
  },
  "2": {
    "mean": 14.326530612244898,
    "std": 6.955942687433021,
    "p10": 6.0,
    "p90": 23.5,
    "n": 196
  },
  "3": {
    "mean": 16.662637362637362,
    "std": 7.395999341911654,
    "p10": 8.0,
    "p90": 26.0,
    "n": 182
  },
  "4": {
    "mean": 18.036363636363635,
    "std": 7.763919213801853,
    "p10": 8.0,
    "p90": 28.0,
    "n": 176
  },
  "5": {
    "mean": 18.923243243243245,
    "std": 7.585508944424616,
    "p10": 9.400000000000002,
    "p90": 28.0,
    "n": 185
  },
  "6": {
    "mean": 19.67608695652174,
    "std": 7.882183958058921,
    "p10": 10.0,
    "p90": 29.0,
    "n": 184
  },
  "7": {
    "mean": 20.632786885245903,
    "std": 7.633919131840173,
    "p10": 11.0,
    "p90": 30.80000000000001,
    "n": 183
  },
  "8": {
    "mean": 21.54767441860465,
    "std": 7.996362136968318,
    "p10": 11.0,
    "p90": 31.0,
    "n": 172
  },
  "9": {
    "mean": 22.761111111111113,
    "std": 8.123600963444943,
    "p10": 11.900000000000002,
    "p90": 32.0,
    "n": 180
  },
  "10": {
    "mean": 23.614285714285714,
    "std": 8.746321359993642,
    "p10": 11.0,
    "p90": 33.0,
    "n": 182
  },
  "11": {
    "mean": 24.27777777777778,
    "std": 8.54828909377709,
    "p10": 11.900000000000002,
    "p90": 34.0,
    "n": 180
  },
  "12": {
    "mean": 21.623958333333334,
    "std": 8.416167995352962,
    "p10": 10.0,
    "p90": 31.0,
    "n": 192
  },
  "13": {
    "mean": 17.866666666666667,
    "std": 7.033392023195869,
    "p10": 9.920000000000002,
    "p90": 26.099999999999994,
    "n": 180
  },
  "14": {
    "mean": 14.66368715083799,
    "std": 6.103689235503231,
    "p10": 8.0,
    "p90": 23.0,
    "n": 179
  },
  "15": {
    "mean": 11.7292817679558,
    "std": 6.224385202407023,
    "p10": 6.0,
    "p90": 19.0,
    "n": 181
  },
  "16": {
    "mean": 8.942372881355933,
    "std": 5.587492222584496,
    "p10": 4.0,
    "p90": 16.0,
    "n": 177
  },
  "17": {
    "mean": 7.58876404494382,
    "std": 6.056670939597455,
    "p10": 2.0,
    "p90": 16.0,
    "n": 178
  },
  "18": {
    "mean": 6.035754189944135,
    "std": 7.532823743936632,
    "p10": 1.0,
    "p90": 13.400000000000034,
    "n": 179
  },
  "19": {
    "mean": 4.3821229050279324,
    "std": 5.612317309304167,
    "p10": 0.0,
    "p90": 12.0,
    "n": 179
  },
  "20": {
    "mean": 5.547867298578199,
    "std": 7.49967191037439,
    "p10": 0.0,
    "p90": 14.0,
    "n": 211
  },
  "21": {
    "mean": 6.0634146341463415,
    "std": 8.495724302281308,
    "p10": 0.0,
    "p90": 17.19999999999999,
    "n": 205
  },
  "22": {
    "mean": 6.670646766169154,
    "std": 9.196259243823114,
    "p10": 0.0,
    "p90": 16.0,
    "n": 201
  },
  "23": {
    "mean": 7.424752475247525,
    "std": 7.870568716965527,
    "p10": 1.0,
    "p90": 16.900000000000006,
    "n": 202
  }
}