{
  "0": {
    "mean": 8.616304347826087,
    "std": 6.204736022511516,
    "p10": 0.0,
    "p90": 17.0,
    "n": 184
  },
  "1": {
    "mean": 11.768,
    "std": 5.897857004148145,
    "p10": 4.0,
    "p90": 20.0,
    "n": 175
  },
  "2": {
    "mean": 14.464406779661015,
    "std": 6.547738056136022,
    "p10": 6.600000000000001,
    "p90": 23.400000000000006,
    "n": 177
  },
  "3": {
    "mean": 17.43176470588235,
    "std": 6.844558357988244,
    "p10": 8.900000000000002,
    "p90": 26.099999999999994,
    "n": 170
  },
  "4": {
    "mean": 19.130588235294116,
    "std": 6.753101825629198,
    "p10": 10.0,
    "p90": 28.0,
    "n": 170
  },
  "5": {
    "mean": 20.647133757961782,
    "std": 6.620099159819307,
    "p10": 12.0,
    "p90": 29.0,
    "n": 157
  },
  "6": {
    "mean": 20.97283950617284,
    "std": 6.539151318149732,
    "p10": 12.0,
    "p90": 28.0,
    "n": 162
  },
  "7": {
    "mean": 21.87329192546584,
    "std": 7.102453429660547,
    "p10": 12.0,
    "p90": 30.0,
    "n": 161
  },
  "8": {
    "mean": 23.236024844720497,
    "std": 6.890278956571997,
    "p10": 14.0,
    "p90": 32.0,
    "n": 161
  },
  "9": {
    "mean": 24.020481927710843,
    "std": 7.720688602295188,
    "p10": 13.5,
    "p90": 32.0,
    "n": 166
  },
  "10": {
    "mean": 25.108641975308643,
    "std": 7.181345702208235,
    "p10": 16.0,
    "p90": 33.0,
    "n": 162
  },
  "11": {
    "mean": 25.232558139534884,
    "std": 7.346964076198473,
    "p10": 16.1,
    "p90": 34.0,
    "n": 172
  },
  "12": {
    "mean": 22.706976744186047,
    "std": 6.877793585710692,
    "p10": 14.0,
    "p90": 30.0,
    "n": 172
  },
  "13": {
    "mean": 19.30375,
    "std": 5.819290059144058,
    "p10": 10.0,
    "p90": 26.0,
    "n": 160
  },
  "14": {
    "mean": 15.95625,
    "std": 5.633800592805612,
    "p10": 9.0,
    "p90": 23.0,
    "n": 160
  },
  "15": {
    "mean": 12.613836477987421,
    "std": 5.250105218806036,
    "p10": 7.0,
    "p90": 19.0,
    "n": 159
  },
  "16": {
    "mean": 9.73953488372093,
    "std": 5.2000062768690745,
    "p10": 4.0600000000000005,
    "p90": 17.0,
    "n": 172
  },
  "17": {
    "mean": 6.807453416149069,
    "std": 4.360154137112458,
    "p10": 3.0,
    "p90": 12.0,
    "n": 161
  },
  "18": {
    "mean": 5.2373493975903616,
    "std": 4.730691815468328,
    "p10": 1.0,
    "p90": 10.0,
    "n": 166
  },
  "19": {
    "mean": 3.6,
    "std": 4.308413193093745,
    "p10": 0.0,
    "p90": 9.0,
    "n": 166
  },
  "20": {
    "mean": 4.0010695187165775,
    "std": 5.534427822557465,
    "p10": 0.0,
    "p90": 10.0,
    "n": 187
  },
  "21": {
    "mean": 3.96304347826087,
    "std": 5.406567902003415,
    "p10": 0.0,
    "p90": 10.700000000000017,
    "n": 184
  },
  "22": {
    "mean": 4.5675675675675675,
    "std": 5.42965158492928,
    "p10": 0.0,
    "p90": 11.679999999999996,
    "n": 185
  },
  "23": {
    "mean": 6.908717948717949,
    "std": 6.240082927799133,
    "p10": 1.0,
    "p90": 15.0,
    "n": 195
  }
}