{
  "0": {
    "mean": 8.393975903614459,
    "std": 6.111783936320422,
    "p10": 0.0,
    "p90": 16.0,
    "n": 166
  },
  "1": {
    "mean": 11.464556962025316,
    "std": 5.840044890645973,
    "p10": 4.0,
    "p90": 19.0,
    "n": 158
  },
  "2": {
    "mean": 14.413749999999999,
    "std": 6.431257078523831,
    "p10": 7.0,
    "p90": 23.0,
    "n": 160
  },
  "3": {
    "mean": 17.299354838709675,
    "std": 6.919814358051472,
    "p10": 8.4,
    "p90": 26.599999999999994,
    "n": 155
  },
  "4": {
    "mean": 18.86535947712418,
    "std": 6.785736979148928,
    "p10": 10.0,
    "p90": 27.0,
    "n": 153
  },
  "5": {
    "mean": 20.335211267605633,
    "std": 6.603568744839066,
    "p10": 12.0,
    "p90": 29.0,
    "n": 142
  },
  "6": {
    "mean": 20.6527027027027,
    "std": 6.549502197897542,
    "p10": 12.0,
    "p90": 28.0,
    "n": 148
  },
  "7": {
    "mean": 21.555102040816326,
    "std": 7.164248984849256,
    "p10": 11.600000000000001,
    "p90": 29.400000000000006,
    "n": 147
  },
  "8": {
    "mean": 22.931972789115648,
    "std": 6.964902091913387,
    "p10": 14.0,
    "p90": 31.0,
    "n": 147
  },
  "9": {
    "mean": 23.469333333333335,
    "std": 7.6843425455885175,
    "p10": 12.9,
    "p90": 32.0,
    "n": 150
  },
  "10": {
    "mean": 24.76081081081081,
    "std": 7.195753047676636,
    "p10": 15.700000000000001,
    "p90": 33.0,
    "n": 148
  },
  "11": {
    "mean": 24.848101265822784,
    "std": 7.293603527941519,
    "p10": 15.700000000000001,
    "p90": 34.0,
    "n": 158
  },
  "12": {
    "mean": 22.125641025641023,
    "std": 6.493916476159687,
    "p10": 13.5,
    "p90": 30.0,
    "n": 156
  },
  "13": {
    "mean": 18.816666666666666,
    "std": 5.393158058703068,
    "p10": 10.0,
    "p90": 25.0,
    "n": 144
  },
  "14": {
    "mean": 15.426573426573427,
    "std": 5.059434793475426,
    "p10": 9.0,
    "p90": 22.0,
    "n": 143
  },
  "15": {
    "mean": 12.226388888888888,
    "std": 4.7072178784713365,
    "p10": 7.0,
    "p90": 18.0,
    "n": 144
  },
  "16": {
    "mean": 9.334615384615384,
    "std": 4.5305081085993395,
    "p10": 4.0,
    "p90": 15.5,
    "n": 156
  },
  "17": {
    "mean": 6.591836734693878,
    "std": 3.823351291269159,
    "p10": 3.0,
    "p90": 12.0,
    "n": 147
  },
  "18": {
    "mean": 5.0552631578947365,
    "std": 4.473983505458028,
    "p10": 1.0,
    "p90": 10.0,
    "n": 152
  },
  "19": {
    "mean": 3.4940397350993377,
    "std": 4.097726715925624,
    "p10": 0.0,
    "p90": 8.0,
    "n": 151
  },
  "20": {
    "mean": 4.0976470588235285,
    "std": 5.561798620802813,
    "p10": 0.0,
    "p90": 10.0,
    "n": 170
  },
  "21": {
    "mean": 4.013173652694611,
    "std": 5.45214173566752,
    "p10": 0.0,
    "p90": 10.400000000000006,
    "n": 167
  },
  "22": {
    "mean": 4.671005917159763,
    "std": 5.493647808515976,
    "p10": 0.0,
    "p90": 12.0,
    "n": 169
  },
  "23": {
    "mean": 6.556069364161849,
    "std": 5.997046815457468,
    "p10": 1.0,
    "p90": 15.0,
    "n": 173
  }
}