{
  "0": {
    "mean": 11.95952380952381,
    "std": 7.199952079807583,
    "p10": 1.0,
    "p90": 21.0,
    "n": 168
  },
  "1": {
    "mean": 15.049689440993788,
    "std": 7.711032066328753,
    "p10": 5.0,
    "p90": 24.0,
    "n": 161
  },
  "2": {
    "mean": 17.49808917197452,
    "std": 8.070828058885901,
    "p10": 7.0,
    "p90": 27.400000000000006,
    "n": 157
  },
  "3": {
    "mean": 18.821052631578947,
    "std": 8.740017060760072,
    "p10": 7.080000000000001,
    "p90": 29.900000000000006,
    "n": 152
  },
  "4": {
    "mean": 19.97986577181208,
    "std": 8.311071904277888,
    "p10": 8.0,
    "p90": 30.0,
    "n": 149
  },
  "5": {
    "mean": 20.657594936708858,
    "std": 8.10603529424629,
    "p10": 10.0,
    "p90": 31.0,
    "n": 158
  },
  "6": {
    "mean": 21.245454545454546,
    "std": 8.101465137475898,
    "p10": 10.0,
    "p90": 31.0,
    "n": 154
  },
  "7": {
    "mean": 22.398692810457515,
    "std": 8.007677129908263,
    "p10": 12.0,
    "p90": 32.0,
    "n": 153
  },
  "8": {
    "mean": 23.081208053691274,
    "std": 7.74911825086446,
    "p10": 11.8,
    "p90": 32.0,
    "n": 149
  },
  "9": {
    "mean": 23.524503311258275,
    "std": 7.549251326124267,
    "p10": 13.0,
    "p90": 33.0,
    "n": 151
  },
  "10": {
    "mean": 23.554605263157896,
    "std": 7.605111898944606,
    "p10": 12.100000000000001,
    "p90": 32.0,
    "n": 152
  },
  "11": {
    "mean": 23.860509554140126,
    "std": 7.823516144732835,
    "p10": 13.0,
    "p90": 33.0,
    "n": 157
  },
  "12": {
    "mean": 24.65324675324675,
    "std": 7.387263096462852,
    "p10": 14.0,
    "p90": 33.70000000000002,
    "n": 154
  },
  "13": {
    "mean": 22.982142857142858,
    "std": 6.942667880349377,
    "p10": 14.0,
    "p90": 30.30000000000001,
    "n": 168
  },
  "14": {
    "mean": 18.38433734939759,
    "std": 6.167912704796533,
    "p10": 10.5,
    "p90": 25.0,
    "n": 166
  },
  "15": {
    "mean": 13.475308641975309,
    "std": 5.78303431850384,
    "p10": 7.0,
    "p90": 20.0,
    "n": 162
  },
  "16": {
    "mean": 10.273291925465838,
    "std": 5.9613207194796125,
    "p10": 5.0,
    "p90": 17.0,
    "n": 161
  },
  "17": {
    "mean": 6.803896103896103,
    "std": 4.565369546953036,
    "p10": 3.0,
    "p90": 13.0,
    "n": 154
  },
  "18": {
    "mean": 4.549668874172186,
    "std": 3.3718219441361463,
    "p10": 1.0,
    "p90": 10.0,
    "n": 151
  },
  "19": {
    "mean": 2.8866666666666667,
    "std": 2.945903005703965,
    "p10": 0.0,
    "p90": 6.099999999999994,
    "n": 150
  },
  "20": {
    "mean": 2.120805369127517,
    "std": 3.2192679033414535,
    "p10": 0.0,
    "p90": 6.200000000000017,
    "n": 149
  },
  "21": {
    "mean": 2.1733333333333333,
    "std": 3.768015636174021,
    "p10": 0.0,
    "p90": 7.0,
    "n": 150
  },
  "22": {
    "mean": 3.6580645161290324,
    "std": 4.527604667126393,
    "p10": 0.0,
    "p90": 11.0,
    "n": 155
  },
  "23": {
    "mean": 7.726582278481012,
    "std": 4.53495156501244,
    "p10": 3.0,
    "p90": 14.0,
    "n": 158
  }
}