{
  "0": {
    "mean": 10.950279329608938,
    "std": 9.162290660432888,
    "p10": 0.0,
    "p90": 22.0,
    "n": 179
  },
  "1": {
    "mean": 12.613636363636363,
    "std": 9.996298535737337,
    "p10": 1.0,
    "p90": 25.0,
    "n": 176
  },
  "2": {
    "mean": 13.617714285714285,
    "std": 9.796755000437027,
    "p10": 2.0,
    "p90": 25.0,
    "n": 175
  },
  "3": {
    "mean": 14.321693121693123,
    "std": 9.609160373078263,
    "p10": 2.0,
    "p90": 24.0,
    "n": 189
  },
  "4": {
    "mean": 14.817142857142857,
    "std": 9.767659683765878,
    "p10": 3.360000000000001,
    "p90": 27.0,
    "n": 175
  },
  "5": {
    "mean": 14.901129943502825,
    "std": 9.442475291207503,
    "p10": 4.0,
    "p90": 26.0,
    "n": 177
  },
  "6": {
    "mean": 16.299431818181816,
    "std": 9.597347831021352,
    "p10": 4.5,
    "p90": 27.0,
    "n": 176
  },
  "7": {
    "mean": 16.03934426229508,
    "std": 9.501560519982924,
    "p10": 3.3399999999999985,
    "p90": 27.080000000000002,
    "n": 183
  },
  "8": {
    "mean": 16.48478260869565,
    "std": 9.076041056758072,
    "p10": 5.0,
    "p90": 28.0,
    "n": 184
  },
  "9": {
    "mean": 16.23705583756345,
    "std": 8.627500966116182,
    "p10": 4.060000000000001,
    "p90": 27.0,
    "n": 197
  },
  "10": {
    "mean": 16.300555555555555,
    "std": 8.069685997104756,
    "p10": 6.0,
    "p90": 26.099999999999994,
    "n": 180
  },
  "11": {
    "mean": 16.9265306122449,
    "std": 8.488925527978843,
    "p10": 6.0,
    "p90": 27.5,
    "n": 196
  },
  "12": {
    "mean": 17.45027932960894,
    "std": 8.167325792185219,
    "p10": 7.0,
    "p90": 28.160000000000014,
    "n": 179
  },
  "13": {
    "mean": 17.055121951219512,
    "std": 7.558136481196164,
    "p10": 8.040000000000001,
    "p90": 28.0,
    "n": 205
  },
  "14": {
    "mean": 17.233333333333334,
    "std": 7.527969125131701,
    "p10": 7.0,
    "p90": 27.0,
    "n": 189
  },
  "15": {
    "mean": 13.655897435897433,
    "std": 5.8807745115253125,
    "p10": 7.0,
    "p90": 20.0,
    "n": 195
  },
  "16": {
    "mean": 10.154166666666667,
    "std": 4.633893270370687,
    "p10": 5.0,
    "p90": 15.190000000000001,
    "n": 192
  },
  "17": {
    "mean": 7.06505376344086,
    "std": 3.927328264149964,
    "p10": 3.0,
    "p90": 13.85,
    "n": 186
  },
  "18": {
    "mean": 4.948587570621469,
    "std": 3.946000670192901,
    "p10": 1.0,
    "p90": 11.0,
    "n": 177
  },
  "19": {
    "mean": 3.774863387978142,
    "std": 4.427861570287649,
    "p10": 0.0,
    "p90": 10.800000000000011,
    "n": 183
  },
  "20": {
    "mean": 3.632571428571429,
    "std": 5.060305487380754,
    "p10": 0.0,
    "p90": 13.0,
    "n": 175
  },
  "21": {
    "mean": 4.0245614035087725,
    "std": 5.491681860727429,
    "p10": 0.0,
    "p90": 14.0,
    "n": 171
  },
  "22": {
    "mean": 6.207262569832403,
    "std": 6.178314994579251,
    "p10": 1.0,
    "p90": 16.0,
    "n": 179
  },
  "23": {
    "mean": 8.94120879120879,
    "std": 5.830904961873195,
    "p10": 2.799999999999997,
    "p90": 17.910000000000004,
    "n": 182
  }
}