{
  "0": {
    "mean": 11.59,
    "std": 7.180855049733497,
    "p10": 1.0,
    "p90": 20.099999999999994,
    "n": 160
  },
  "1": {
    "mean": 14.726666666666667,
    "std": 7.850017455344732,
    "p10": 5.0,
    "p90": 25.0,
    "n": 150
  },
  "2": {
    "mean": 17.194482758620687,
    "std": 8.215430766672698,
    "p10": 6.4,
    "p90": 28.0,
    "n": 145
  },
  "3": {
    "mean": 18.561971830985918,
    "std": 8.902623188162384,
    "p10": 7.080000000000001,
    "p90": 30.0,
    "n": 142
  },
  "4": {
    "mean": 19.742857142857144,
    "std": 8.464374286725272,
    "p10": 8.0,
    "p90": 30.0,
    "n": 140
  },
  "5": {
    "mean": 20.42108843537415,
    "std": 8.30843136120811,
    "p10": 9.600000000000001,
    "p90": 31.0,
    "n": 147
  },
  "6": {
    "mean": 20.977777777777778,
    "std": 8.21825057902487,
    "p10": 9.3,
    "p90": 31.0,
    "n": 144
  },
  "7": {
    "mean": 22.12676056338028,
    "std": 8.052011030184122,
    "p10": 11.100000000000001,
    "p90": 32.0,
    "n": 142
  },
  "8": {
    "mean": 22.79357142857143,
    "std": 7.694361298134378,
    "p10": 11.0,
    "p90": 32.0,
    "n": 140
  },
  "9": {
    "mean": 23.388732394366198,
    "std": 7.584400737829774,
    "p10": 13.0,
    "p90": 33.0,
    "n": 142
  },
  "10": {
    "mean": 23.465492957746477,
    "std": 7.65119047682882,
    "p10": 12.0,
    "p90": 32.900000000000006,
    "n": 142
  },
  "11": {
    "mean": 23.75578231292517,
    "std": 7.871677418247354,
    "p10": 13.0,
    "p90": 33.0,
    "n": 147
  },
  "12": {
    "mean": 24.556643356643356,
    "std": 7.348407506320812,
    "p10": 14.200000000000001,
    "p90": 33.0,
    "n": 143
  },
  "13": {
    "mean": 22.677419354838708,
    "std": 6.732568144215554,
    "p10": 14.0,
    "p90": 30.0,
    "n": 155
  },
  "14": {
    "mean": 17.92727272727273,
    "std": 5.855462482108656,
    "p10": 10.0,
    "p90": 25.0,
    "n": 154
  },
  "15": {
    "mean": 13.32,
    "std": 5.449364226200947,
    "p10": 7.0,
    "p90": 20.0,
    "n": 150
  },
  "16": {
    "mean": 9.60135135135135,
    "std": 5.005765199872708,
    "p10": 4.700000000000001,
    "p90": 16.0,
    "n": 148
  },
  "17": {
    "mean": 6.651388888888889,
    "std": 4.541448370537015,
    "p10": 2.3000000000000007,
    "p90": 13.0,
    "n": 144
  },
  "18": {
    "mean": 4.368794326241135,
    "std": 3.311045038994983,
    "p10": 1.0,
    "p90": 9.0,
    "n": 141
  },
  "19": {
    "mean": 2.7142857142857144,
    "std": 2.862020502482291,
    "p10": 0.0,
    "p90": 5.1000000000000085,
    "n": 140
  },
  "20": {
    "mean": 2.0285714285714285,
    "std": 3.153034069556197,
    "p10": 0.0,
    "p90": 6.0,
    "n": 140
  },
  "21": {
    "mean": 2.0357142857142856,
    "std": 3.753963304738026,
    "p10": 0.0,
    "p90": 7.0,
    "n": 140
  },
  "22": {
    "mean": 3.493150684931507,
    "std": 4.539856560611862,
    "p10": 0.0,
    "p90": 11.0,
    "n": 146
  },
  "23": {
    "mean": 7.634437086092715,
    "std": 4.530239822314275,
    "p10": 3.0,
    "p90": 14.0,
    "n": 151
  }
}