{
  "0": {
    "mean": 9.186263736263736,
    "std": 6.999280017961696,
    "p10": 0.0,
    "p90": 18.0,
    "n": 182
  },
  "1": {
    "mean": 14.260439560439561,
    "std": 7.8688894261003774,
    "p10": 4.0,
    "p90": 25.0,
    "n": 182
  },
  "2": {
    "mean": 16.10674157303371,
    "std": 8.16435407477296,
    "p10": 5.699999999999999,
    "p90": 27.0,
    "n": 178
  },
  "3": {
    "mean": 17.76132596685083,
    "std": 8.200362214821148,
    "p10": 7.0,
    "p90": 29.0,
    "n": 181
  },
  "4": {
    "mean": 19.73251533742331,
    "std": 8.318274419195061,
    "p10": 9.0,
    "p90": 31.0,
    "n": 163
  },
  "5": {
    "mean": 20.99441340782123,
    "std": 8.162553031094935,
    "p10": 9.8,
    "p90": 32.0,
    "n": 179
  },
  "6": {
    "mean": 21.65027932960894,
    "std": 7.966202303169292,
    "p10": 11.0,
    "p90": 32.0,
    "n": 179
  },
  "7": {
    "mean": 22.31098265895954,
    "std": 7.741840841180003,
    "p10": 12.0,
    "p90": 32.0,
    "n": 173
  },
  "8": {
    "mean": 23.244,
    "std": 8.159470627408389,
    "p10": 12.400000000000002,
    "p90": 34.0,
    "n": 175
  },
  "9": {
    "mean": 23.841111111111108,
    "std": 8.228067435953726,
    "p10": 14.0,
    "p90": 34.089999999999996,
    "n": 180
  },
  "10": {
    "mean": 24.904597701149424,
    "std": 9.073985021614279,
    "p10": 14.0,
    "p90": 36.0,
    "n": 174
  },
  "11": {
    "mean": 25.249484536082473,
    "std": 8.69001122379642,
    "p10": 15.0,
    "p90": 37.0,
    "n": 194
  },
  "12": {
    "mean": 24.955376344086027,
    "std": 8.332884910922541,
    "p10": 15.0,
    "p90": 36.0,
    "n": 186
  },
  "13": {
    "mean": 21.727710843373494,
    "std": 6.499861317924047,
    "p10": 14.0,
    "p90": 29.5,
    "n": 166
  },
  "14": {
    "mean": 17.860714285714284,
    "std": 6.320862100246581,
    "p10": 11.0,
    "p90": 25.600000000000023,
    "n": 168
  },
  "15": {
    "mean": 14.41890243902439,
    "std": 6.674625240480017,
    "p10": 7.0,
    "p90": 23.970000000000002,
    "n": 164
  },
  "16": {
    "mean": 11.525443786982247,
    "std": 6.963288337739568,
    "p10": 4.0,
    "p90": 20.0,
    "n": 169
  },
  "17": {
    "mean": 10.367647058823529,
    "std": 8.71052279996212,
    "p10": 3.0,
    "p90": 20.109999999999992,
    "n": 170
  },
  "18": {
    "mean": 7.988957055214724,
    "std": 8.258628156601343,
    "p10": 1.0,
    "p90": 19.80000000000001,
    "n": 163
  },
  "19": {
    "mean": 6.39766081871345,
    "std": 8.482840487203456,
    "p10": 0.0,
    "p90": 18.0,
    "n": 171
  },
  "20": {
    "mean": 5.334883720930232,
    "std": 8.702003095904812,
    "p10": 0.0,
    "p90": 16.0,
    "n": 172
  },
  "21": {
    "mean": 4.902512562814071,
    "std": 7.159957657356956,
    "p10": 0.0,
    "p90": 14.200000000000017,
    "n": 199
  },
  "22": {
    "mean": 6.42192513368984,
    "std": 8.590104367708724,
    "p10": 0.0,
    "p90": 16.400000000000006,
    "n": 187
  },
  "23": {
    "mean": 7.221348314606742,
    "std": 7.911958651130619,
    "p10": 0.0,
    "p90": 18.0,
    "n": 178
  }
}