{
  "0": {
    "mean": 10.77070707070707,
    "std": 6.472068099715958,
    "p10": 2.0,
    "p90": 20.0,
    "n": 198
  },
  "1": {
    "mean": 13.951612903225806,
    "std": 6.028582602510485,
    "p10": 6.0,
    "p90": 21.0,
    "n": 186
  },
  "2": {
    "mean": 16.795675675675675,
    "std": 5.783407930065662,
    "p10": 9.0,
    "p90": 24.0,
    "n": 185
  },
  "3": {
    "mean": 18.710982658959537,
    "std": 5.535062200522325,
    "p10": 11.0,
    "p90": 26.0,
    "n": 173
  },
  "4": {
    "mean": 20.542168674698797,
    "std": 5.392028245630716,
    "p10": 12.0,
    "p90": 27.0,
    "n": 166
  },
  "5": {
    "mean": 21.788079470198674,
    "std": 4.992807188377002,
    "p10": 15.0,
    "p90": 28.0,
    "n": 151
  },
  "6": {
    "mean": 22.662068965517243,
    "std": 5.34012677967373,
    "p10": 16.0,
    "p90": 29.0,
    "n": 145
  },
  "7": {
    "mean": 23.598620689655174,
    "std": 5.003526342697614,
    "p10": 17.0,
    "p90": 29.0,
    "n": 145
  },
  "8": {
    "mean": 24.53986013986014,
    "std": 5.2246455484618295,
    "p10": 17.0,
    "p90": 31.0,
    "n": 143
  },
  "9": {
    "mean": 25.124822695035462,
    "std": 5.325386049431651,
    "p10": 18.0,
    "p90": 32.0,
    "n": 141
  },
  "10": {
    "mean": 25.836879432624112,
    "std": 5.789922419262107,
    "p10": 18.0,
    "p90": 32.0,
    "n": 141
  },
  "11": {
    "mean": 25.933774834437084,
    "std": 5.7255787179663455,
    "p10": 18.0,
    "p90": 32.0,
    "n": 151
  },
  "12": {
    "mean": 24.31788079470199,
    "std": 4.391341269554825,
    "p10": 18.0,
    "p90": 30.0,
    "n": 151
  },
  "13": {
    "mean": 20.401307189542486,
    "std": 3.6563208954548942,
    "p10": 15.0,
    "p90": 24.84000000000001,
    "n": 153
  },
  "14": {
    "mean": 16.482119205298016,
    "std": 4.002284116063647,
    "p10": 11.0,
    "p90": 22.0,
    "n": 151
  },
  "15": {
    "mean": 12.706293706293707,
    "std": 4.048773362898328,
    "p10": 7.0,
    "p90": 17.0,
    "n": 143
  },
  "16": {
    "mean": 9.116546762589929,
    "std": 3.7960237992393595,
    "p10": 4.0,
    "p90": 14.0,
    "n": 139
  },
  "17": {
    "mean": 6.304964539007092,
    "std": 3.762490175423999,
    "p10": 2.0,
    "p90": 11.0,
    "n": 141
  },
  "18": {
    "mean": 3.4609929078014185,
    "std": 2.6417465286014683,
    "p10": 1.0,
    "p90": 6.0,
    "n": 141
  },
  "19": {
    "mean": 2.7379310344827585,
    "std": 3.314573647912042,
    "p10": 0.0,
    "p90": 6.599999999999994,
    "n": 145
  },
  "20": {
    "mean": 2.7144578313253014,
    "std": 3.80177414820615,
    "p10": 0.0,
    "p90": 8.0,
    "n": 166
  },
  "21": {
    "mean": 3.7626373626373626,
    "std": 4.8229114416340835,
    "p10": 0.0,
    "p90": 9.180000000000003,
    "n": 182
  },
  "22": {
    "mean": 6.494736842105263,
    "std": 6.403394741548876,
    "p10": 0.0,
    "p90": 17.0,
    "n": 190
  },
  "23": {
    "mean": 7.557142857142858,
    "std": 5.85656627958857,
    "p10": 1.0,
    "p90": 16.0,
    "n": 182
  }
}