{
  "0": {
    "mean": 13.045736434108528,
    "std": 9.389031231242141,
    "p10": 0.0,
    "p90": 25.0,
    "n": 129
  },
  "1": {
    "mean": 15.093939393939394,
    "std": 9.882946663034788,
    "p10": 3.0,
    "p90": 28.0,
    "n": 132
  },
  "2": {
    "mean": 15.619117647058822,
    "std": 9.605419108645043,
    "p10": 5.0,
    "p90": 30.0,
    "n": 136
  },
  "3": {
    "mean": 17.126717557251908,
    "std": 9.427234070479658,
    "p10": 5.0,
    "p90": 30.0,
    "n": 131
  },
  "4": {
    "mean": 18.196946564885497,
    "std": 9.257512034361797,
    "p10": 7.0,
    "p90": 29.1,
    "n": 131
  },
  "5": {
    "mean": 18.680303030303033,
    "std": 9.34255992015412,
    "p10": 7.0,
    "p90": 31.0,
    "n": 132
  },
  "6": {
    "mean": 19.10390625,
    "std": 8.987483880977297,
    "p10": 8.0,
    "p90": 31.0,
    "n": 128
  },
  "7": {
    "mean": 19.90153846153846,
    "std": 9.028876883080592,
    "p10": 9.0,
    "p90": 32.0,
    "n": 130
  },
  "8": {
    "mean": 20.317054263565893,
    "std": 8.776772648863874,
    "p10": 9.8,
    "p90": 32.18,
    "n": 129
  },
  "9": {
    "mean": 20.845967741935485,
    "std": 8.635720853849877,
    "p10": 10.0,
    "p90": 33.07,
    "n": 124
  },
  "10": {
    "mean": 20.432812499999997,
    "std": 8.502089686390816,
    "p10": 9.700000000000001,
    "p90": 32.0,
    "n": 128
  },
  "11": {
    "mean": 20.57218045112782,
    "std": 7.95271397722528,
    "p10": 10.0,
    "p90": 30.819999999999997,
    "n": 133
  },
  "12": {
    "mean": 21.305223880597016,
    "std": 7.698347807942751,
    "p10": 12.030000000000001,
    "p90": 31.97,
    "n": 134
  },
  "13": {
    "mean": 20.977443609022558,
    "std": 7.654614537544454,
    "p10": 12.0,
    "p90": 29.98,
    "n": 133
  },
  "14": {
    "mean": 19.892481203007517,
    "std": 7.298231666894327,
    "p10": 11.02,
    "p90": 29.0,
    "n": 133
  },
  "15": {
    "mean": 14.22537313432836,
    "std": 6.138118133485716,
    "p10": 6.0,
    "p90": 22.56,
    "n": 134
  },
  "16": {
    "mean": 9.993181818181817,
    "std": 5.492509725179704,
    "p10": 3.0,
    "p90": 17.0,
    "n": 132
  },
  "17": {
    "mean": 6.376984126984127,
    "std": 4.623213820682105,
    "p10": 1.0,
    "p90": 12.0,
    "n": 126
  },
  "18": {
    "mean": 3.7096774193548385,
    "std": 4.030986067401319,
    "p10": 0.0,
    "p90": 9.0,
    "n": 124
  },
  "19": {
    "mean": 2.8275590551181105,
    "std": 3.9387105529471844,
    "p10": 0.0,
    "p90": 8.400000000000006,
    "n": 127
  },
  "20": {
    "mean": 2.2635658914728682,
    "std": 3.683852814659879,
    "p10": 0.0,
    "p90": 8.0,
    "n": 129
  },
  "21": {
    "mean": 3.9375939849624064,
    "std": 4.908505319368276,
    "p10": 0.0,
    "p90": 12.0,
    "n": 133
  },
  "22": {
    "mean": 6.262589928057554,
    "std": 4.7449633614641265,
    "p10": 2.0,
    "p90": 13.0,
    "n": 139
  },
  "23": {
    "mean": 11.725563909774436,
    "std": 7.75436000656501,
    "p10": 5.0,
    "p90": 18.0,
    "n": 133
  }
}