{
  "0": {
    "mean": 10.539170506912443,
    "std": 6.43836772314112,
    "p10": 1.6000000000000014,
    "p90": 19.640000000000004,
    "n": 217
  },
  "1": {
    "mean": 13.754901960784315,
    "std": 5.934280928480233,
    "p10": 6.0,
    "p90": 21.0,
    "n": 204
  },
  "2": {
    "mean": 16.713861386138614,
    "std": 5.687369784466961,
    "p10": 9.0,
    "p90": 23.900000000000006,
    "n": 202
  },
  "3": {
    "mean": 18.70899470899471,
    "std": 5.482561672672067,
    "p10": 11.0,
    "p90": 25.200000000000017,
    "n": 189
  },
  "4": {
    "mean": 20.60655737704918,
    "std": 5.333736773907963,
    "p10": 12.2,
    "p90": 27.0,
    "n": 183
  },
  "5": {
    "mean": 21.81764705882353,
    "std": 4.9847976336717945,
    "p10": 15.0,
    "p90": 28.0,
    "n": 170
  },
  "6": {
    "mean": 22.703030303030303,
    "std": 5.161093004894768,
    "p10": 16.0,
    "p90": 29.0,
    "n": 165
  },
  "7": {
    "mean": 23.679754601226996,
    "std": 4.9352118484205345,
    "p10": 17.0,
    "p90": 29.0,
    "n": 163
  },
  "8": {
    "mean": 24.642767295597483,
    "std": 5.118314832441136,
    "p10": 17.0,
    "p90": 31.0,
    "n": 159
  },
  "9": {
    "mean": 25.39872611464968,
    "std": 5.37241276147265,
    "p10": 18.0,
    "p90": 32.0,
    "n": 157
  },
  "10": {
    "mean": 26.15286624203822,
    "std": 5.752553062075493,
    "p10": 18.6,
    "p90": 32.400000000000006,
    "n": 157
  },
  "11": {
    "mean": 26.179640718562876,
    "std": 5.657179455188913,
    "p10": 18.6,
    "p90": 32.400000000000006,
    "n": 167
  },
  "12": {
    "mean": 24.647058823529413,
    "std": 4.4910585258833855,
    "p10": 18.900000000000002,
    "p90": 30.0,
    "n": 170
  },
  "13": {
    "mean": 20.59298245614035,
    "std": 3.729494192914706,
    "p10": 15.0,
    "p90": 25.0,
    "n": 171
  },
  "14": {
    "mean": 16.621556886227545,
    "std": 3.9775896279342957,
    "p10": 11.0,
    "p90": 22.0,
    "n": 167
  },
  "15": {
    "mean": 12.823899371069182,
    "std": 4.0605770482153485,
    "p10": 7.0,
    "p90": 17.200000000000017,
    "n": 159
  },
  "16": {
    "mean": 9.188387096774195,
    "std": 3.8493877880371548,
    "p10": 4.0,
    "p90": 14.0,
    "n": 155
  },
  "17": {
    "mean": 6.360759493670886,
    "std": 3.762399211558842,
    "p10": 2.700000000000001,
    "p90": 11.0,
    "n": 158
  },
  "18": {
    "mean": 3.6139240506329116,
    "std": 2.821041691201022,
    "p10": 1.0,
    "p90": 6.0,
    "n": 158
  },
  "19": {
    "mean": 2.8447204968944098,
    "std": 3.312021675297392,
    "p10": 0.0,
    "p90": 7.0,
    "n": 161
  },
  "20": {
    "mean": 2.7695652173913046,
    "std": 3.7442776486897382,
    "p10": 0.0,
    "p90": 8.0,
    "n": 184
  },
  "21": {
    "mean": 4.00390243902439,
    "std": 5.154665161929698,
    "p10": 0.0,
    "p90": 10.0,
    "n": 205
  },
  "22": {
    "mean": 6.630331753554502,
    "std": 6.9073204358637605,
    "p10": 0.0,
    "p90": 18.0,
    "n": 211
  },
  "23": {
    "mean": 7.352,
    "std": 5.974358610262704,
    "p10": 1.0,
    "p90": 16.099999999999994,
    "n": 200
  }
}