{
  "0": {
    "mean": 8.235714285714286,
    "std": 5.771937462936812,
    "p10": 0.0,
    "p90": 15.0,
    "n": 140
  },
  "1": {
    "mean": 8.98102189781022,
    "std": 5.727327844829911,
    "p10": 1.6000000000000014,
    "p90": 16.0,
    "n": 137
  },
  "2": {
    "mean": 10.436507936507937,
    "std": 6.175430066637989,
    "p10": 2.0,
    "p90": 18.5,
    "n": 126
  },
  "3": {
    "mean": 11.075912408759125,
    "std": 6.300799733874185,
    "p10": 3.0,
    "p90": 19.0,
    "n": 137
  },
  "4": {
    "mean": 12.178461538461539,
    "std": 6.38001949664568,
    "p10": 4.0,
    "p90": 21.0,
    "n": 130
  },
  "5": {
    "mean": 12.763358778625955,
    "std": 6.580755230295149,
    "p10": 4.0,
    "p90": 22.0,
    "n": 131
  },
  "6": {
    "mean": 13.73125,
    "std": 6.665385375559645,
    "p10": 4.140000000000002,
    "p90": 22.299999999999997,
    "n": 128
  },
  "7": {
    "mean": 13.826950354609929,
    "std": 6.901892902185025,
    "p10": 4.0,
    "p90": 23.0,
    "n": 141
  },
  "8": {
    "mean": 14.428776978417266,
    "std": 7.0379740641865025,
    "p10": 4.0,
    "p90": 23.0,
    "n": 139
  },
  "9": {
    "mean": 15.48951048951049,
    "std": 6.778868505097016,
    "p10": 6.0,
    "p90": 23.0,
    "n": 143
  },
  "10": {
    "mean": 15.702189781021897,
    "std": 7.471558495124781,
    "p10": 4.840000000000001,
    "p90": 25.0,
    "n": 137
  },
  "11": {
    "mean": 15.548275862068966,
    "std": 7.729948104686696,
    "p10": 4.0,
    "p90": 25.0,
    "n": 145
  },
  "12": {
    "mean": 16.58843537414966,
    "std": 7.273648412853663,
    "p10": 6.600000000000001,
    "p90": 25.0,
    "n": 147
  },
  "13": {
    "mean": 14.782894736842104,
    "std": 6.740446035468145,
    "p10": 6.100000000000001,
    "p90": 23.0,
    "n": 152
  },
  "14": {
    "mean": 12.635616438356164,
    "std": 5.740344093086955,
    "p10": 4.0,
    "p90": 20.0,
    "n": 146
  },
  "15": {
    "mean": 9.900653594771242,
    "std": 4.984139274422969,
    "p10": 4.120000000000001,
    "p90": 15.600000000000023,
    "n": 153
  },
  "16": {
    "mean": 7.632116788321167,
    "std": 4.6597925715410975,
    "p10": 4.0,
    "p90": 13.0,
    "n": 137
  },
  "17": {
    "mean": 5.476729559748428,
    "std": 4.560135393400729,
    "p10": 2.0,
    "p90": 8.200000000000017,
    "n": 159
  },
  "18": {
    "mean": 5.244999999999999,
    "std": 7.0392591805758045,
    "p10": 1.0,
    "p90": 17.0,
    "n": 160
  },
  "19": {
    "mean": 3.322077922077922,
    "std": 5.052472982185902,
    "p10": 0.0,
    "p90": 8.0,
    "n": 154
  },
  "20": {
    "mean": 2.5985294117647055,
    "std": 5.372660356176651,
    "p10": 0.0,
    "p90": 8.5,
    "n": 136
  },
  "21": {
    "mean": 2.9176470588235297,
    "std": 5.083974565792095,
    "p10": 0.0,
    "p90": 8.0,
    "n": 136
  },
  "22": {
    "mean": 4.851470588235294,
    "std": 6.0013823752485,
    "p10": 1.0,
    "p90": 14.0,
    "n": 136
  },
  "23": {
    "mean": 6.968571428571429,
    "std": 5.195419755295059,
    "p10": 2.0,
    "p90": 13.100000000000009,
    "n": 140
  }
}