{
  "0": {
    "mean": 7.18860759493671,
    "std": 4.173147015220359,
    "p10": 1.0,
    "p90": 12.0,
    "n": 158
  },
  "1": {
    "mean": 9.239473684210527,
    "std": 3.731451396237356,
    "p10": 5.0,
    "p90": 13.720000000000002,
    "n": 152
  },
  "2": {
    "mean": 10.467532467532468,
    "std": 3.6803112101443465,
    "p10": 6.0,
    "p90": 15.0,
    "n": 154
  },
  "3": {
    "mean": 11.894736842105264,
    "std": 3.7100148956999894,
    "p10": 7.100000000000001,
    "p90": 16.0,
    "n": 152
  },
  "4": {
    "mean": 12.992207792207791,
    "std": 3.7557369183260745,
    "p10": 8.3,
    "p90": 17.0,
    "n": 154
  },
  "5": {
    "mean": 14.413333333333334,
    "std": 3.774137826192387,
    "p10": 10.0,
    "p90": 19.0,
    "n": 150
  },
  "6": {
    "mean": 15.394666666666666,
    "std": 3.6641522393467243,
    "p10": 11.0,
    "p90": 20.0,
    "n": 150
  },
  "7": {
    "mean": 16.41184210526316,
    "std": 3.8368194300934406,
    "p10": 12.0,
    "p90": 21.0,
    "n": 152
  },
  "8": {
    "mean": 16.764705882352942,
    "std": 3.9665786428647727,
    "p10": 11.0,
    "p90": 21.0,
    "n": 153
  },
  "9": {
    "mean": 17.6343949044586,
    "std": 3.975900371755775,
    "p10": 12.0,
    "p90": 22.0,
    "n": 157
  },
  "10": {
    "mean": 18.48481012658228,
    "std": 4.246799877482721,
    "p10": 13.0,
    "p90": 24.0,
    "n": 158
  },
  "11": {
    "mean": 19.08774193548387,
    "std": 4.275395257551625,
    "p10": 13.0,
    "p90": 24.0,
    "n": 155
  },
  "12": {
    "mean": 18.343373493975903,
    "std": 3.969632996427186,
    "p10": 12.5,
    "p90": 23.0,
    "n": 166
  },
  "13": {
    "mean": 15.34375,
    "std": 3.2228876364187955,
    "p10": 12.0,
    "p90": 19.0,
    "n": 160
  },
  "14": {
    "mean": 12.11592356687898,
    "std": 2.863665159889802,
    "p10": 9.0,
    "p90": 15.400000000000006,
    "n": 157
  },
  "15": {
    "mean": 9.213924050632913,
    "std": 2.632778880031065,
    "p10": 7.0,
    "p90": 12.300000000000011,
    "n": 158
  },
  "16": {
    "mean": 6.933333333333334,
    "std": 2.8048481234784512,
    "p10": 4.0,
    "p90": 10.0,
    "n": 159
  },
  "17": {
    "mean": 4.674509803921569,
    "std": 2.6435504786417328,
    "p10": 3.0,
    "p90": 7.0,
    "n": 153
  },
  "18": {
    "mean": 2.780821917808219,
    "std": 2.5010153818962837,
    "p10": 1.0,
    "p90": 5.0,
    "n": 146
  },
  "19": {
    "mean": 1.9792207792207792,
    "std": 2.643741538707401,
    "p10": 0.0,
    "p90": 4.0,
    "n": 154
  },
  "20": {
    "mean": 1.3178807947019868,
    "std": 2.3044619355420086,
    "p10": 0.0,
    "p90": 4.0,
    "n": 151
  },
  "21": {
    "mean": 1.2905405405405406,
    "std": 2.3567918306543683,
    "p10": 0.0,
    "p90": 4.0,
    "n": 148
  },
  "22": {
    "mean": 1.9905405405405407,
    "std": 2.2623008526730373,
    "p10": 0.0,
    "p90": 4.86,
    "n": 148
  },
  "23": {
    "mean": 4.24,
    "std": 3.276272230988084,
    "p10": 1.0,
    "p90": 7.099999999999994,
    "n": 150
  }
}