{
  "0": {
    "mean": 8.618857142857143,
    "std": 6.726781168825674,
    "p10": 0.0,
    "p90": 17.0,
    "n": 175
  },
  "1": {
    "mean": 9.971428571428572,
    "std": 6.886283694407935,
    "p10": 1.0,
    "p90": 18.27999999999999,
    "n": 175
  },
  "2": {
    "mean": 10.615340909090907,
    "std": 6.981890280082957,
    "p10": 1.3000000000000007,
    "p90": 19.5,
    "n": 176
  },
  "3": {
    "mean": 11.467222222222222,
    "std": 6.99121420353624,
    "p10": 2.6000000000000014,
    "p90": 21.0,
    "n": 180
  },
  "4": {
    "mean": 12.37076023391813,
    "std": 7.062524878111143,
    "p10": 3.0,
    "p90": 21.0,
    "n": 171
  },
  "5": {
    "mean": 12.912429378531073,
    "std": 7.5786079973978655,
    "p10": 3.0,
    "p90": 23.0,
    "n": 177
  },
  "6": {
    "mean": 13.462983425414366,
    "std": 7.49560685740887,
    "p10": 3.0,
    "p90": 23.0,
    "n": 181
  },
  "7": {
    "mean": 14.12247191011236,
    "std": 7.522414758482912,
    "p10": 3.939999999999999,
    "p90": 24.0,
    "n": 178
  },
  "8": {
    "mean": 14.72873563218391,
    "std": 7.20140333218652,
    "p10": 5.0,
    "p90": 24.0,
    "n": 174
  },
  "9": {
    "mean": 15.320441988950277,
    "std": 7.586506429415351,
    "p10": 4.0,
    "p90": 25.0,
    "n": 181
  },
  "10": {
    "mean": 15.52063492063492,
    "std": 7.654399904146886,
    "p10": 4.0,
    "p90": 25.200000000000017,
    "n": 189
  },
  "11": {
    "mean": 16.15026455026455,
    "std": 7.910204991954839,
    "p10": 5.800000000000001,
    "p90": 26.0,
    "n": 189
  },
  "12": {
    "mean": 16.15778894472362,
    "std": 7.977375023042415,
    "p10": 4.0,
    "p90": 26.180000000000014,
    "n": 199
  },
  "13": {
    "mean": 15.325000000000001,
    "std": 7.661715489135136,
    "p10": 5.0,
    "p90": 25.0,
    "n": 204
  },
  "14": {
    "mean": 13.011961722488039,
    "std": 6.599176848323649,
    "p10": 4.0,
    "p90": 22.0,
    "n": 209
  },
  "15": {
    "mean": 11.287192118226601,
    "std": 5.561611125779384,
    "p10": 5.0,
    "p90": 19.0,
    "n": 203
  },
  "16": {
    "mean": 8.591623036649215,
    "std": 5.053131700585936,
    "p10": 3.0,
    "p90": 14.0,
    "n": 191
  },
  "17": {
    "mean": 6.091489361702128,
    "std": 4.29525691833895,
    "p10": 2.0,
    "p90": 10.0,
    "n": 188
  },
  "18": {
    "mean": 4.445405405405405,
    "std": 4.1887132211317235,
    "p10": 1.0,
    "p90": 7.599999999999994,
    "n": 185
  },
  "19": {
    "mean": 3.524193548387097,
    "std": 4.976833427767295,
    "p10": 0.0,
    "p90": 9.0,
    "n": 186
  },
  "20": {
    "mean": 2.8310734463276837,
    "std": 5.331957200800272,
    "p10": 0.0,
    "p90": 8.640000000000002,
    "n": 177
  },
  "21": {
    "mean": 2.7785310734463278,
    "std": 5.177770677968585,
    "p10": 0.0,
    "p90": 8.0,
    "n": 177
  },
  "22": {
    "mean": 4.418562874251497,
    "std": 5.018779465150687,
    "p10": 1.0,
    "p90": 9.0,
    "n": 167
  },
  "23": {
    "mean": 7.121428571428572,
    "std": 5.409507519142369,
    "p10": 3.0,
    "p90": 12.0,
    "n": 168
  }
}