{
  "0": {
    "mean": 5.4318471337579615,
    "std": 3.578390237862665,
    "p10": 1.0,
    "p90": 9.0,
    "n": 157
  },
  "1": {
    "mean": 7.362337662337662,
    "std": 3.4533507063322166,
    "p10": 3.0,
    "p90": 11.0,
    "n": 154
  },
  "2": {
    "mean": 8.982822085889572,
    "std": 3.51099850543805,
    "p10": 4.0,
    "p90": 12.480000000000002,
    "n": 163
  },
  "3": {
    "mean": 10.670238095238094,
    "std": 3.7760125266812663,
    "p10": 6.0,
    "p90": 14.0,
    "n": 168
  },
  "4": {
    "mean": 11.79746835443038,
    "std": 3.3742363961278645,
    "p10": 8.0,
    "p90": 15.0,
    "n": 158
  },
  "5": {
    "mean": 12.82547770700637,
    "std": 3.422379297914644,
    "p10": 8.0,
    "p90": 16.400000000000006,
    "n": 157
  },
  "6": {
    "mean": 13.574683544303799,
    "std": 3.3717246283291904,
    "p10": 9.0,
    "p90": 17.30000000000001,
    "n": 158
  },
  "7": {
    "mean": 14.552258064516128,
    "std": 3.4584798004864563,
    "p10": 10.0,
    "p90": 18.0,
    "n": 155
  },
  "8": {
    "mean": 15.472049689440993,
    "std": 3.442568285091168,
    "p10": 12.0,
    "p90": 20.0,
    "n": 161
  },
  "9": {
    "mean": 16.43121387283237,
    "std": 3.921223887227038,
    "p10": 12.0,
    "p90": 21.0,
    "n": 173
  },
  "10": {
    "mean": 16.906976744186046,
    "std": 4.027066051347079,
    "p10": 12.0,
    "p90": 21.920000000000005,
    "n": 172
  },
  "11": {
    "mean": 17.340697674418603,
    "std": 3.957726262795676,
    "p10": 13.0,
    "p90": 22.0,
    "n": 172
  },
  "12": {
    "mean": 16.184146341463414,
    "std": 3.7005709893426504,
    "p10": 12.0,
    "p90": 20.0,
    "n": 164
  },
  "13": {
    "mean": 13.893333333333334,
    "std": 3.2405610274083303,
    "p10": 10.0,
    "p90": 17.759999999999998,
    "n": 165
  },
  "14": {
    "mean": 11.154216867469879,
    "std": 2.9846192064028734,
    "p10": 8.0,
    "p90": 15.0,
    "n": 166
  },
  "15": {
    "mean": 8.587951807228915,
    "std": 2.6963228648666635,
    "p10": 6.0,
    "p90": 12.0,
    "n": 166
  },
  "16": {
    "mean": 6.4147727272727275,
    "std": 2.7386770434010566,
    "p10": 4.0,
    "p90": 9.0,
    "n": 176
  },
  "17": {
    "mean": 5.117791411042945,
    "std": 3.596413169342079,
    "p10": 2.0,
    "p90": 8.0,
    "n": 163
  },
  "18": {
    "mean": 3.9976744186046513,
    "std": 4.010686798433811,
    "p10": 1.0,
    "p90": 7.720000000000002,
    "n": 172
  },
  "19": {
    "mean": 2.247852760736196,
    "std": 2.7533893237808265,
    "p10": 0.0,
    "p90": 4.0,
    "n": 163
  },
  "20": {
    "mean": 1.7546012269938651,
    "std": 3.0664493170558984,
    "p10": 0.0,
    "p90": 4.320000000000009,
    "n": 163
  },
  "21": {
    "mean": 2.0058823529411764,
    "std": 3.8901743299546587,
    "p10": 0.0,
    "p90": 8.400000000000006,
    "n": 170
  },
  "22": {
    "mean": 2.46125,
    "std": 4.582438277384403,
    "p10": 0.0,
    "p90": 6.099999999999994,
    "n": 160
  },
  "23": {
    "mean": 3.2229299363057327,
    "std": 3.633178177317555,
    "p10": 1.0,
    "p90": 7.0,
    "n": 157
  }
}