{
  "0": {
    "mean": 8.596685082872929,
    "std": 6.4842878522067675,
    "p10": 0.0,
    "p90": 17.4,
    "n": 181
  },
  "1": {
    "mean": 10.18698224852071,
    "std": 6.278312709783246,
    "p10": 2.0,
    "p90": 19.0,
    "n": 169
  },
  "2": {
    "mean": 11.159281437125747,
    "std": 6.517577305900427,
    "p10": 3.6000000000000014,
    "p90": 21.0,
    "n": 167
  },
  "3": {
    "mean": 12.617857142857144,
    "std": 6.527503501913544,
    "p10": 4.0,
    "p90": 22.0,
    "n": 168
  },
  "4": {
    "mean": 13.87037037037037,
    "std": 6.620407831997495,
    "p10": 6.0,
    "p90": 24.0,
    "n": 162
  },
  "5": {
    "mean": 14.930000000000001,
    "std": 6.899419836684839,
    "p10": 6.0,
    "p90": 24.099999999999994,
    "n": 170
  },
  "6": {
    "mean": 15.729761904761904,
    "std": 6.928657485671351,
    "p10": 7.699999999999999,
    "p90": 26.0,
    "n": 168
  },
  "7": {
    "mean": 16.529651162790696,
    "std": 7.1071822576660315,
    "p10": 7.100000000000001,
    "p90": 27.0,
    "n": 172
  },
  "8": {
    "mean": 17.176000000000002,
    "std": 7.2627292928766956,
    "p10": 8.0,
    "p90": 27.0,
    "n": 175
  },
  "9": {
    "mean": 18.324260355029587,
    "std": 7.300811489690873,
    "p10": 8.319999999999999,
    "p90": 28.200000000000017,
    "n": 169
  },
  "10": {
    "mean": 18.51494252873563,
    "std": 7.7912434727820745,
    "p10": 8.0,
    "p90": 28.700000000000017,
    "n": 174
  },
  "11": {
    "mean": 18.852941176470587,
    "std": 7.550320751697271,
    "p10": 10.0,
    "p90": 29.0,
    "n": 187
  },
  "12": {
    "mean": 19.26162162162162,
    "std": 7.407860658109379,
    "p10": 9.0,
    "p90": 29.599999999999994,
    "n": 185
  },
  "13": {
    "mean": 17.46145251396648,
    "std": 6.237150396564254,
    "p10": 10.0,
    "p90": 26.0,
    "n": 179
  },
  "14": {
    "mean": 15.092737430167597,
    "std": 5.456230619826951,
    "p10": 8.0,
    "p90": 22.0,
    "n": 179
  },
  "15": {
    "mean": 11.998907103825138,
    "std": 4.549338667927319,
    "p10": 7.0,
    "p90": 17.640000000000008,
    "n": 183
  },
  "16": {
    "mean": 9.30909090909091,
    "std": 4.055997643381575,
    "p10": 5.0,
    "p90": 14.0,
    "n": 176
  },
  "17": {
    "mean": 7.305555555555555,
    "std": 4.668469324616491,
    "p10": 3.0,
    "p90": 14.0,
    "n": 180
  },
  "18": {
    "mean": 5.474556213017752,
    "std": 5.40289857816417,
    "p10": 1.0,
    "p90": 11.0,
    "n": 169
  },
  "19": {
    "mean": 3.7953216374269005,
    "std": 5.02735824517734,
    "p10": 0.0,
    "p90": 9.0,
    "n": 171
  },
  "20": {
    "mean": 2.841463414634146,
    "std": 4.9529058514054585,
    "p10": 0.0,
    "p90": 8.0,
    "n": 164
  },
  "21": {
    "mean": 3.1530726256983246,
    "std": 5.9925449050062305,
    "p10": 0.0,
    "p90": 10.200000000000017,
    "n": 179
  },
  "22": {
    "mean": 3.508433734939759,
    "std": 5.818657656701017,
    "p10": 0.0,
    "p90": 9.5,
    "n": 166
  },
  "23": {
    "mean": 5.671676300578035,
    "std": 5.821727154152809,
    "p10": 1.0,
    "p90": 13.0,
    "n": 173
  }
}