{
  "0": {
    "mean": 8.057926829268293,
    "std": 6.591042301516513,
    "p10": 0.0,
    "p90": 18.0,
    "n": 164
  },
  "1": {
    "mean": 8.83391812865497,
    "std": 6.6744831370076,
    "p10": 1.0,
    "p90": 18.0,
    "n": 171
  },
  "2": {
    "mean": 10.15235294117647,
    "std": 6.962853279500808,
    "p10": 1.3699999999999994,
    "p90": 21.0,
    "n": 170
  },
  "3": {
    "mean": 10.635057471264368,
    "std": 7.329541204886879,
    "p10": 2.0,
    "p90": 21.700000000000017,
    "n": 174
  },
  "4": {
    "mean": 11.708522727272726,
    "std": 7.591874308725117,
    "p10": 3.0,
    "p90": 23.0,
    "n": 176
  },
  "5": {
    "mean": 13.123456790123457,
    "std": 7.765943673764577,
    "p10": 4.0,
    "p90": 23.900000000000006,
    "n": 162
  },
  "6": {
    "mean": 13.848554913294798,
    "std": 7.900674146511214,
    "p10": 5.0,
    "p90": 25.0,
    "n": 173
  },
  "7": {
    "mean": 14.339204545454544,
    "std": 8.044937889713673,
    "p10": 5.0,
    "p90": 26.0,
    "n": 176
  },
  "8": {
    "mean": 15.447752808988763,
    "std": 8.39317859329845,
    "p10": 5.0,
    "p90": 27.30000000000001,
    "n": 178
  },
  "9": {
    "mean": 15.90282485875706,
    "std": 8.526665588947543,
    "p10": 5.0,
    "p90": 27.0,
    "n": 177
  },
  "10": {
    "mean": 16.589772727272727,
    "std": 8.575800367782119,
    "p10": 6.0,
    "p90": 28.5,
    "n": 176
  },
  "11": {
    "mean": 17.191907514450865,
    "std": 8.708592612685605,
    "p10": 6.0,
    "p90": 29.0,
    "n": 173
  },
  "12": {
    "mean": 17.382777777777775,
    "std": 8.93549091138458,
    "p10": 6.0,
    "p90": 30.009999999999998,
    "n": 180
  },
  "13": {
    "mean": 16.936507936507937,
    "std": 8.723128371845267,
    "p10": 6.0,
    "p90": 29.0,
    "n": 189
  },
  "14": {
    "mean": 15.09217877094972,
    "std": 6.755301309940668,
    "p10": 5.480000000000001,
    "p90": 23.0,
    "n": 179
  },
  "15": {
    "mean": 12.370520231213876,
    "std": 5.50648647800366,
    "p10": 5.0,
    "p90": 18.0,
    "n": 173
  },
  "16": {
    "mean": 9.2,
    "std": 5.03392860085142,
    "p10": 3.0,
    "p90": 15.0,
    "n": 184
  },
  "17": {
    "mean": 7.203867403314916,
    "std": 4.771016251409063,
    "p10": 3.0,
    "p90": 13.0,
    "n": 181
  },
  "18": {
    "mean": 5.394767441860465,
    "std": 4.987015473949658,
    "p10": 1.3999999999999986,
    "p90": 10.0,
    "n": 172
  },
  "19": {
    "mean": 4.031395348837209,
    "std": 5.569870107316317,
    "p10": 0.0,
    "p90": 8.900000000000006,
    "n": 172
  },
  "20": {
    "mean": 3.7640000000000002,
    "std": 6.492578964417416,
    "p10": 0.0,
    "p90": 11.0,
    "n": 175
  },
  "21": {
    "mean": 3.656983240223463,
    "std": 6.459614718286711,
    "p10": 0.0,
    "p90": 11.560000000000032,
    "n": 179
  },
  "22": {
    "mean": 4.3604651162790695,
    "std": 6.6009972500132434,
    "p10": 0.0,
    "p90": 11.180000000000003,
    "n": 172
  },
  "23": {
    "mean": 6.850588235294117,
    "std": 6.116610879074669,
    "p10": 1.3599999999999997,
    "p90": 14.0,
    "n": 170
  }
}