{
  "0": {
    "mean": 9.590445859872611,
    "std": 7.34927855729766,
    "p10": 0.0,
    "p90": 19.0,
    "n": 157
  },
  "1": {
    "mean": 10.503125,
    "std": 7.4911219728388945,
    "p10": 1.0,
    "p90": 20.0,
    "n": 160
  },
  "2": {
    "mean": 11.69741935483871,
    "std": 7.747902509519951,
    "p10": 2.0,
    "p90": 22.0,
    "n": 155
  },
  "3": {
    "mean": 12.54671052631579,
    "std": 7.765460270561131,
    "p10": 2.0,
    "p90": 23.0,
    "n": 152
  },
  "4": {
    "mean": 13.440127388535032,
    "std": 8.326462756474099,
    "p10": 2.0,
    "p90": 24.0,
    "n": 157
  },
  "5": {
    "mean": 14.055900621118013,
    "std": 8.394342177327664,
    "p10": 2.0,
    "p90": 25.0,
    "n": 161
  },
  "6": {
    "mean": 15.212738853503184,
    "std": 8.794970343783543,
    "p10": 3.0200000000000005,
    "p90": 28.0,
    "n": 157
  },
  "7": {
    "mean": 16.79423076923077,
    "std": 8.805696399597583,
    "p10": 5.349999999999998,
    "p90": 29.0,
    "n": 156
  },
  "8": {
    "mean": 16.72662721893491,
    "std": 9.439408960990418,
    "p10": 3.0,
    "p90": 30.0,
    "n": 169
  },
  "9": {
    "mean": 17.623636363636365,
    "std": 9.482640692397275,
    "p10": 4.0,
    "p90": 30.0,
    "n": 165
  },
  "10": {
    "mean": 17.69239766081871,
    "std": 9.576871685275407,
    "p10": 4.0,
    "p90": 31.0,
    "n": 171
  },
  "11": {
    "mean": 18.95868263473054,
    "std": 9.437736643543797,
    "p10": 5.0,
    "p90": 31.0,
    "n": 167
  },
  "12": {
    "mean": 19.812727272727273,
    "std": 9.148578215782395,
    "p10": 7.400000000000002,
    "p90": 31.0,
    "n": 165
  },
  "13": {
    "mean": 18.561271676300578,
    "std": 8.659263933026258,
    "p10": 5.899999999999999,
    "p90": 30.0,
    "n": 173
  },
  "14": {
    "mean": 15.535,
    "std": 7.751723362182044,
    "p10": 2.960000000000001,
    "p90": 24.0,
    "n": 180
  },
  "15": {
    "mean": 12.874418604651163,
    "std": 6.830995510172929,
    "p10": 3.1000000000000014,
    "p90": 20.0,
    "n": 172
  },
  "16": {
    "mean": 10.680473372781066,
    "std": 6.121850775496045,
    "p10": 3.98,
    "p90": 17.400000000000034,
    "n": 169
  },
  "17": {
    "mean": 8.145731707317074,
    "std": 6.741132331106662,
    "p10": 2.0,
    "p90": 15.0,
    "n": 164
  },
  "18": {
    "mean": 6.352469135802469,
    "std": 6.315653437099827,
    "p10": 1.0,
    "p90": 14.0,
    "n": 162
  },
  "19": {
    "mean": 4.955128205128205,
    "std": 6.732073398405715,
    "p10": 0.0,
    "p90": 15.7,
    "n": 156
  },
  "20": {
    "mean": 3.841025641025641,
    "std": 6.5859074549973755,
    "p10": 0.0,
    "p90": 13.0,
    "n": 156
  },
  "21": {
    "mean": 3.4810810810810815,
    "std": 7.086706452727004,
    "p10": 0.0,
    "p90": 12.300000000000011,
    "n": 148
  },
  "22": {
    "mean": 4.498064516129032,
    "std": 7.5928236022938815,
    "p10": 0.0,
    "p90": 15.339999999999977,
    "n": 155
  },
  "23": {
    "mean": 6.609032258064516,
    "std": 6.984624744653647,
    "p10": 1.5800000000000007,
    "p90": 15.599999999999994,
    "n": 155
  }
}