{
  "0": {
    "mean": 7.33112582781457,
    "std": 5.134461158751565,
    "p10": 0.0,
    "p90": 14.0,
    "n": 151
  },
  "1": {
    "mean": 9.136196319018405,
    "std": 5.253274370860703,
    "p10": 2.0,
    "p90": 16.0,
    "n": 163
  },
  "2": {
    "mean": 10.67878787878788,
    "std": 5.807341735596289,
    "p10": 2.400000000000002,
    "p90": 18.0,
    "n": 165
  },
  "3": {
    "mean": 11.66219512195122,
    "std": 5.679608131386444,
    "p10": 4.0,
    "p90": 18.0,
    "n": 164
  },
  "4": {
    "mean": 12.934640522875817,
    "std": 5.588231528251767,
    "p10": 5.52,
    "p90": 19.0,
    "n": 153
  },
  "5": {
    "mean": 14.006578947368421,
    "std": 5.764215609809809,
    "p10": 6.0,
    "p90": 20.900000000000006,
    "n": 152
  },
  "6": {
    "mean": 14.981132075471699,
    "std": 5.780709625433968,
    "p10": 7.0,
    "p90": 21.0,
    "n": 159
  },
  "7": {
    "mean": 15.822784810126583,
    "std": 6.058650695195422,
    "p10": 7.0,
    "p90": 23.0,
    "n": 158
  },
  "8": {
    "mean": 16.964197530864197,
    "std": 6.09775049942893,
    "p10": 8.460000000000006,
    "p90": 24.0,
    "n": 162
  },
  "9": {
    "mean": 17.819867549668874,
    "std": 6.15678509037035,
    "p10": 9.0,
    "p90": 24.0,
    "n": 151
  },
  "10": {
    "mean": 18.323870967741936,
    "std": 6.257225266457221,
    "p10": 9.0,
    "p90": 25.0,
    "n": 155
  },
  "11": {
    "mean": 18.507407407407406,
    "std": 6.48373555730704,
    "p10": 9.100000000000001,
    "p90": 26.0,
    "n": 162
  },
  "12": {
    "mean": 18.705590062111803,
    "std": 5.839137869232118,
    "p10": 11.0,
    "p90": 25.0,
    "n": 161
  },
  "13": {
    "mean": 15.6792899408284,
    "std": 4.9396943675895395,
    "p10": 9.0,
    "p90": 22.0,
    "n": 169
  },
  "14": {
    "mean": 12.927272727272728,
    "std": 3.8558217566517166,
    "p10": 9.0,
    "p90": 17.0,
    "n": 165
  },
  "15": {
    "mean": 9.947058823529412,
    "std": 3.5697973103183327,
    "p10": 6.0,
    "p90": 15.0,
    "n": 170
  },
  "16": {
    "mean": 7.591666666666667,
    "std": 3.7560556561127223,
    "p10": 4.0,
    "p90": 13.0,
    "n": 168
  },
  "17": {
    "mean": 5.220481927710844,
    "std": 3.8271520873452913,
    "p10": 2.0,
    "p90": 9.5,
    "n": 166
  },
  "18": {
    "mean": 3.915337423312884,
    "std": 4.4001624945035,
    "p10": 0.1999999999999993,
    "p90": 9.800000000000011,
    "n": 163
  },
  "19": {
    "mean": 2.3435582822085887,
    "std": 3.826838891624054,
    "p10": 0.0,
    "p90": 6.800000000000011,
    "n": 163
  },
  "20": {
    "mean": 1.7257861635220129,
    "std": 3.5204684282044814,
    "p10": 0.0,
    "p90": 5.0,
    "n": 159
  },
  "21": {
    "mean": 1.7516339869281046,
    "std": 3.490515430479607,
    "p10": 0.0,
    "p90": 4.800000000000011,
    "n": 153
  },
  "22": {
    "mean": 3.393589743589744,
    "std": 4.217164304664844,
    "p10": 1.0,
    "p90": 11.3,
    "n": 156
  },
  "23": {
    "mean": 5.961538461538462,
    "std": 3.897004002886211,
    "p10": 2.0,
    "p90": 11.0,
    "n": 156
  }
}