{
  "0": {
    "mean": 5.103225806451613,
    "std": 3.3710266530292516,
    "p10": 0.0,
    "p90": 9.599999999999994,
    "n": 155
  },
  "1": {
    "mean": 7.791515151515151,
    "std": 3.5578392672088786,
    "p10": 3.0,
    "p90": 12.0,
    "n": 165
  },
  "2": {
    "mean": 9.890683229813666,
    "std": 3.59151432619717,
    "p10": 6.0,
    "p90": 14.0,
    "n": 161
  },
  "3": {
    "mean": 11.426415094339623,
    "std": 3.795674634089701,
    "p10": 8.0,
    "p90": 16.0,
    "n": 159
  },
  "4": {
    "mean": 12.473684210526315,
    "std": 3.661048538728741,
    "p10": 9.0,
    "p90": 16.0,
    "n": 152
  },
  "5": {
    "mean": 13.406666666666666,
    "std": 3.495148443173912,
    "p10": 9.0,
    "p90": 17.0,
    "n": 150
  },
  "6": {
    "mean": 14.406535947712417,
    "std": 3.5281140258346766,
    "p10": 10.0,
    "p90": 18.0,
    "n": 153
  },
  "7": {
    "mean": 15.177070063694268,
    "std": 3.5296522784260316,
    "p10": 10.600000000000001,
    "p90": 19.0,
    "n": 157
  },
  "8": {
    "mean": 15.976687116564417,
    "std": 3.503042250164553,
    "p10": 11.2,
    "p90": 20.80000000000001,
    "n": 163
  },
  "9": {
    "mean": 16.803658536585367,
    "std": 3.7585059400102496,
    "p10": 12.0,
    "p90": 21.0,
    "n": 164
  },
  "10": {
    "mean": 17.44795321637427,
    "std": 3.7462819086362003,
    "p10": 13.0,
    "p90": 22.0,
    "n": 171
  },
  "11": {
    "mean": 17.70538922155689,
    "std": 3.8638774688882047,
    "p10": 12.600000000000001,
    "p90": 22.0,
    "n": 167
  },
  "12": {
    "mean": 16.423121387283235,
    "std": 3.40497883957744,
    "p10": 12.2,
    "p90": 20.0,
    "n": 173
  },
  "13": {
    "mean": 14.057142857142857,
    "std": 3.1378195183995636,
    "p10": 10.0,
    "p90": 17.240000000000002,
    "n": 175
  },
  "14": {
    "mean": 11.398913043478261,
    "std": 2.9352574873403205,
    "p10": 8.0,
    "p90": 15.0,
    "n": 184
  },
  "15": {
    "mean": 9.140449438202246,
    "std": 2.9954096369126693,
    "p10": 6.0,
    "p90": 13.180000000000005,
    "n": 178
  },
  "16": {
    "mean": 7.048192771084337,
    "std": 3.387691139933478,
    "p10": 4.0,
    "p90": 10.5,
    "n": 166
  },
  "17": {
    "mean": 4.867088607594937,
    "std": 2.6568129712257136,
    "p10": 3.0,
    "p90": 8.0,
    "n": 158
  },
  "18": {
    "mean": 3.7232704402515724,
    "std": 3.2196232771323325,
    "p10": 1.0,
    "p90": 8.0,
    "n": 159
  },
  "19": {
    "mean": 2.1766233766233767,
    "std": 2.762015750779591,
    "p10": 0.0,
    "p90": 4.0,
    "n": 154
  },
  "20": {
    "mean": 1.3805194805194805,
    "std": 2.3857714917252957,
    "p10": 0.0,
    "p90": 4.0,
    "n": 154
  },
  "21": {
    "mean": 1.1576923076923076,
    "std": 2.3462815732225457,
    "p10": 0.0,
    "p90": 4.0,
    "n": 156
  },
  "22": {
    "mean": 2.1333333333333333,
    "std": 3.139490008827544,
    "p10": 0.0,
    "p90": 6.0,
    "n": 162
  },
  "23": {
    "mean": 3.070063694267516,
    "std": 2.68173941276335,
    "p10": 1.0,
    "p90": 7.0,
    "n": 157
  }
}