{
  "0": {
    "mean": 7.202285714285715,
    "std": 5.274052230438418,
    "p10": 0.0,
    "p90": 14.0,
    "n": 175
  },
  "1": {
    "mean": 9.126011560693641,
    "std": 5.025986509653045,
    "p10": 3.0,
    "p90": 15.800000000000011,
    "n": 173
  },
  "2": {
    "mean": 10.079041916167665,
    "std": 4.941096804431439,
    "p10": 3.0,
    "p90": 17.0,
    "n": 167
  },
  "3": {
    "mean": 11.36094674556213,
    "std": 4.9719344758022395,
    "p10": 5.0,
    "p90": 18.0,
    "n": 169
  },
  "4": {
    "mean": 12.255952380952381,
    "std": 5.306190062535903,
    "p10": 5.0,
    "p90": 19.0,
    "n": 168
  },
  "5": {
    "mean": 13.236263736263735,
    "std": 5.006890643803715,
    "p10": 6.0,
    "p90": 19.900000000000006,
    "n": 182
  },
  "6": {
    "mean": 13.761702127659577,
    "std": 4.906943816881088,
    "p10": 7.0,
    "p90": 20.0,
    "n": 188
  },
  "7": {
    "mean": 15.123809523809525,
    "std": 4.718424083935891,
    "p10": 9.0,
    "p90": 21.0,
    "n": 189
  },
  "8": {
    "mean": 15.807692307692308,
    "std": 5.084234776632409,
    "p10": 9.0,
    "p90": 22.0,
    "n": 182
  },
  "9": {
    "mean": 16.216666666666665,
    "std": 5.044818328946721,
    "p10": 9.0,
    "p90": 22.0,
    "n": 192
  },
  "10": {
    "mean": 16.37883597883598,
    "std": 5.20703050912456,
    "p10": 9.0,
    "p90": 22.0,
    "n": 189
  },
  "11": {
    "mean": 16.87391304347826,
    "std": 5.019717832516118,
    "p10": 9.3,
    "p90": 22.700000000000017,
    "n": 184
  },
  "12": {
    "mean": 15.372067039106147,
    "std": 4.063692580491163,
    "p10": 9.0,
    "p90": 20.0,
    "n": 179
  },
  "13": {
    "mean": 13.131937172774869,
    "std": 3.4340977388889917,
    "p10": 8.0,
    "p90": 17.200000000000003,
    "n": 191
  },
  "14": {
    "mean": 10.558241758241758,
    "std": 3.1180836278539434,
    "p10": 7.0,
    "p90": 15.0,
    "n": 182
  },
  "15": {
    "mean": 8.653886010362694,
    "std": 3.499047180939218,
    "p10": 5.0,
    "p90": 13.0,
    "n": 193
  },
  "16": {
    "mean": 6.563730569948186,
    "std": 3.19682957689271,
    "p10": 3.0,
    "p90": 10.0,
    "n": 193
  },
  "17": {
    "mean": 5.19468085106383,
    "std": 3.636324965660802,
    "p10": 2.0,
    "p90": 10.0,
    "n": 188
  },
  "18": {
    "mean": 3.46043956043956,
    "std": 3.195313526870393,
    "p10": 1.0,
    "p90": 8.0,
    "n": 182
  },
  "19": {
    "mean": 3.0255555555555556,
    "std": 4.277733987699798,
    "p10": 0.0,
    "p90": 10.099999999999994,
    "n": 180
  },
  "20": {
    "mean": 2.5482758620689654,
    "std": 4.249375664960365,
    "p10": 0.0,
    "p90": 10.0,
    "n": 174
  },
  "21": {
    "mean": 3.9270718232044195,
    "std": 5.910103095578651,
    "p10": 0.0,
    "p90": 15.0,
    "n": 181
  },
  "22": {
    "mean": 4.237988826815642,
    "std": 5.6080508320365565,
    "p10": 0.0,
    "p90": 14.200000000000017,
    "n": 179
  },
  "23": {
    "mean": 5.136842105263159,
    "std": 5.149321996910251,
    "p10": 1.0,
    "p90": 11.200000000000003,
    "n": 171
  }
}