{
  "0": {
    "mean": 5.5737499999999995,
    "std": 4.2782540302289,
    "p10": 0.0,
    "p90": 12.0,
    "n": 160
  },
  "1": {
    "mean": 7.893421052631578,
    "std": 4.43166915847177,
    "p10": 3.0,
    "p90": 14.0,
    "n": 152
  },
  "2": {
    "mean": 9.385234899328859,
    "std": 4.175093069668678,
    "p10": 4.0,
    "p90": 16.0,
    "n": 149
  },
  "3": {
    "mean": 10.708496732026145,
    "std": 4.04591977234665,
    "p10": 6.0,
    "p90": 16.80000000000001,
    "n": 153
  },
  "4": {
    "mean": 11.626143790849673,
    "std": 3.8128379270742077,
    "p10": 6.200000000000001,
    "p90": 17.0,
    "n": 153
  },
  "5": {
    "mean": 12.997435897435897,
    "std": 3.8118313051721158,
    "p10": 8.0,
    "p90": 18.0,
    "n": 156
  },
  "6": {
    "mean": 13.730666666666666,
    "std": 3.6707431478204366,
    "p10": 9.0,
    "p90": 19.0,
    "n": 150
  },
  "7": {
    "mean": 14.691025641025643,
    "std": 3.6724145488619797,
    "p10": 10.0,
    "p90": 20.0,
    "n": 156
  },
  "8": {
    "mean": 15.465408805031446,
    "std": 3.5776023974303235,
    "p10": 11.0,
    "p90": 20.0,
    "n": 159
  },
  "9": {
    "mean": 16.052023121387283,
    "std": 3.564400689952247,
    "p10": 12.0,
    "p90": 20.92,
    "n": 173
  },
  "10": {
    "mean": 16.5864406779661,
    "std": 3.751762811141342,
    "p10": 12.0,
    "p90": 22.0,
    "n": 177
  },
  "11": {
    "mean": 16.3247311827957,
    "std": 3.713922845229782,
    "p10": 12.0,
    "p90": 21.0,
    "n": 186
  },
  "12": {
    "mean": 14.84705882352941,
    "std": 3.2324180189463982,
    "p10": 11.0,
    "p90": 18.400000000000006,
    "n": 187
  },
  "13": {
    "mean": 12.839130434782607,
    "std": 3.0319593304991597,
    "p10": 9.0,
    "p90": 16.0,
    "n": 184
  },
  "14": {
    "mean": 10.79277108433735,
    "std": 3.024336967458248,
    "p10": 7.0,
    "p90": 14.100000000000001,
    "n": 166
  },
  "15": {
    "mean": 8.777528089887639,
    "std": 3.362933640245972,
    "p10": 5.0,
    "p90": 13.0,
    "n": 178
  },
  "16": {
    "mean": 6.672413793103448,
    "std": 3.4330656569113467,
    "p10": 3.3000000000000007,
    "p90": 10.140000000000006,
    "n": 174
  },
  "17": {
    "mean": 5.11578947368421,
    "std": 3.5428032838924506,
    "p10": 2.0,
    "p90": 10.0,
    "n": 171
  },
  "18": {
    "mean": 3.8130952380952383,
    "std": 3.6879567639374216,
    "p10": 1.0,
    "p90": 8.0,
    "n": 168
  },
  "19": {
    "mean": 3.020689655172414,
    "std": 3.8299138350691626,
    "p10": 0.0,
    "p90": 9.700000000000017,
    "n": 174
  },
  "20": {
    "mean": 2.535672514619883,
    "std": 4.065907320535142,
    "p10": 0.0,
    "p90": 9.0,
    "n": 171
  },
  "21": {
    "mean": 2.080745341614907,
    "std": 3.674124309409495,
    "p10": 0.0,
    "p90": 7.0,
    "n": 161
  },
  "22": {
    "mean": 2.353548387096774,
    "std": 3.9161218130264617,
    "p10": 0.0,
    "p90": 7.0,
    "n": 155
  },
  "23": {
    "mean": 3.3847133757961783,
    "std": 3.7714542798857655,
    "p10": 1.0,
    "p90": 8.0,
    "n": 157
  }
}