{
  "0": {
    "mean": 6.821556886227544,
    "std": 6.1121262027325605,
    "p10": 0.0,
    "p90": 14.400000000000006,
    "n": 167
  },
  "1": {
    "mean": 8.378651685393258,
    "std": 5.993310242537278,
    "p10": 1.0,
    "p90": 16.0,
    "n": 178
  },
  "2": {
    "mean": 9.31829268292683,
    "std": 5.983240971856984,
    "p10": 2.0,
    "p90": 17.0,
    "n": 164
  },
  "3": {
    "mean": 11.158787878787878,
    "std": 7.432673319078732,
    "p10": 3.0,
    "p90": 19.0,
    "n": 165
  },
  "4": {
    "mean": 11.486792452830189,
    "std": 6.847988831688469,
    "p10": 3.0,
    "p90": 20.200000000000017,
    "n": 159
  },
  "5": {
    "mean": 12.44327485380117,
    "std": 7.1155669304460964,
    "p10": 4.0,
    "p90": 22.0,
    "n": 171
  },
  "6": {
    "mean": 12.94071856287425,
    "std": 6.721975789654522,
    "p10": 5.0,
    "p90": 22.0,
    "n": 167
  },
  "7": {
    "mean": 13.702732240437157,
    "std": 6.907739183387939,
    "p10": 5.0,
    "p90": 23.0,
    "n": 183
  },
  "8": {
    "mean": 14.142245989304815,
    "std": 7.1220754256937955,
    "p10": 5.0,
    "p90": 24.400000000000006,
    "n": 187
  },
  "9": {
    "mean": 14.855102040816327,
    "std": 7.438239693174994,
    "p10": 5.0,
    "p90": 25.0,
    "n": 196
  },
  "10": {
    "mean": 15.620725388601038,
    "std": 7.140231197545647,
    "p10": 7.0,
    "p90": 25.80000000000001,
    "n": 193
  },
  "11": {
    "mean": 16.598941798941798,
    "std": 7.120677034344814,
    "p10": 8.0,
    "p90": 26.0,
    "n": 189
  },
  "12": {
    "mean": 15.599029126213592,
    "std": 6.9395578005691565,
    "p10": 7.0,
    "p90": 24.5,
    "n": 206
  },
  "13": {
    "mean": 13.594088669950741,
    "std": 5.633911162078945,
    "p10": 7.0,
    "p90": 21.0,
    "n": 203
  },
  "14": {
    "mean": 11.909452736318409,
    "std": 5.418150994481879,
    "p10": 6.0,
    "p90": 19.0,
    "n": 201
  },
  "15": {
    "mean": 9.48542713567839,
    "std": 4.72706998038552,
    "p10": 4.0,
    "p90": 15.200000000000017,
    "n": 199
  },
  "16": {
    "mean": 7.623463687150838,
    "std": 4.947966017542218,
    "p10": 3.0,
    "p90": 13.0,
    "n": 179
  },
  "17": {
    "mean": 6.128780487804878,
    "std": 5.18956352537775,
    "p10": 2.0,
    "p90": 12.839999999999998,
    "n": 205
  },
  "18": {
    "mean": 4.655172413793103,
    "std": 4.764385181224618,
    "p10": 1.0,
    "p90": 12.0,
    "n": 174
  },
  "19": {
    "mean": 3.592899408284024,
    "std": 4.56831184257506,
    "p10": 0.0,
    "p90": 12.0,
    "n": 169
  },
  "20": {
    "mean": 3.029268292682927,
    "std": 4.614101825668649,
    "p10": 0.0,
    "p90": 10.700000000000017,
    "n": 164
  },
  "21": {
    "mean": 2.774698795180723,
    "std": 4.4062859609121885,
    "p10": 0.0,
    "p90": 8.0,
    "n": 166
  },
  "22": {
    "mean": 2.948148148148148,
    "std": 4.194439119919471,
    "p10": 0.0,
    "p90": 8.0,
    "n": 162
  },
  "23": {
    "mean": 4.753658536585366,
    "std": 4.557127367747975,
    "p10": 1.0,
    "p90": 13.0,
    "n": 164
  }
}