{
  "0": {
    "mean": 8.204195804195804,
    "std": 7.166568256921094,
    "p10": 0.0,
    "p90": 18.0,
    "n": 143
  },
  "1": {
    "mean": 9.020547945205479,
    "std": 7.356413273424048,
    "p10": 1.0,
    "p90": 20.0,
    "n": 146
  },
  "2": {
    "mean": 10.521428571428572,
    "std": 7.507758919122736,
    "p10": 1.0,
    "p90": 21.10000000000001,
    "n": 140
  },
  "3": {
    "mean": 11.013245033112582,
    "std": 7.350851882575143,
    "p10": 2.0,
    "p90": 21.0,
    "n": 151
  },
  "4": {
    "mean": 12.026315789473685,
    "std": 7.327664507290482,
    "p10": 2.1000000000000014,
    "p90": 23.0,
    "n": 152
  },
  "5": {
    "mean": 12.968152866242038,
    "std": 7.598431334539575,
    "p10": 3.0,
    "p90": 24.0,
    "n": 157
  },
  "6": {
    "mean": 13.756578947368421,
    "std": 7.559912321687789,
    "p10": 4.0,
    "p90": 24.900000000000006,
    "n": 152
  },
  "7": {
    "mean": 14.21948051948052,
    "std": 8.007342038764289,
    "p10": 4.300000000000001,
    "p90": 26.0,
    "n": 154
  },
  "8": {
    "mean": 14.446540880503145,
    "std": 8.153315547337625,
    "p10": 5.0,
    "p90": 27.0,
    "n": 159
  },
  "9": {
    "mean": 14.851315789473684,
    "std": 8.536249054831206,
    "p10": 5.0,
    "p90": 27.0,
    "n": 152
  },
  "10": {
    "mean": 15.353947368421053,
    "std": 8.419858909161821,
    "p10": 5.0,
    "p90": 27.0,
    "n": 152
  },
  "11": {
    "mean": 15.570945945945946,
    "std": 8.233053122927693,
    "p10": 5.0,
    "p90": 27.0,
    "n": 148
  },
  "12": {
    "mean": 16.169032258064515,
    "std": 8.54145405473111,
    "p10": 6.0,
    "p90": 27.0,
    "n": 155
  },
  "13": {
    "mean": 15.66948051948052,
    "std": 7.90787915117275,
    "p10": 6.0,
    "p90": 26.0,
    "n": 154
  },
  "14": {
    "mean": 13.487654320987655,
    "std": 6.470417781322702,
    "p10": 6.0,
    "p90": 20.0,
    "n": 162
  },
  "15": {
    "mean": 10.322981366459627,
    "std": 5.013235587512382,
    "p10": 5.0,
    "p90": 15.0,
    "n": 161
  },
  "16": {
    "mean": 8.19620253164557,
    "std": 4.880037147137898,
    "p10": 3.0,
    "p90": 12.0,
    "n": 158
  },
  "17": {
    "mean": 5.967532467532467,
    "std": 4.957886476708847,
    "p10": 2.0,
    "p90": 10.0,
    "n": 154
  },
  "18": {
    "mean": 4.4743589743589745,
    "std": 5.123568209689248,
    "p10": 0.0,
    "p90": 9.0,
    "n": 156
  },
  "19": {
    "mean": 3.574074074074074,
    "std": 5.553584881673927,
    "p10": 0.0,
    "p90": 10.0,
    "n": 162
  },
  "20": {
    "mean": 3.0644736842105265,
    "std": 5.461125807504865,
    "p10": 0.0,
    "p90": 10.0,
    "n": 152
  },
  "21": {
    "mean": 3.1476510067114094,
    "std": 5.575496389155756,
    "p10": 0.0,
    "p90": 10.200000000000017,
    "n": 149
  },
  "22": {
    "mean": 4.308333333333334,
    "std": 5.741707306821099,
    "p10": 0.0,
    "p90": 10.700000000000017,
    "n": 144
  },
  "23": {
    "mean": 7.225675675675676,
    "std": 5.830031582061944,
    "p10": 2.0,
    "p90": 14.0,
    "n": 148
  }
}