{
  "0": {
    "mean": 8.537313432835822,
    "std": 5.383987281177246,
    "p10": 1.0,
    "p90": 15.700000000000003,
    "n": 134
  },
  "1": {
    "mean": 9.940740740740742,
    "std": 5.829368470138187,
    "p10": 3.0,
    "p90": 17.60000000000001,
    "n": 135
  },
  "2": {
    "mean": 11.389705882352942,
    "std": 5.742851007176822,
    "p10": 4.5,
    "p90": 19.0,
    "n": 136
  },
  "3": {
    "mean": 12.204545454545455,
    "std": 6.150452892606988,
    "p10": 4.100000000000001,
    "p90": 20.0,
    "n": 132
  },
  "4": {
    "mean": 13.097744360902256,
    "std": 6.305198266238567,
    "p10": 5.200000000000001,
    "p90": 21.799999999999997,
    "n": 133
  },
  "5": {
    "mean": 14.00709219858156,
    "std": 6.66815079731438,
    "p10": 7.0,
    "p90": 23.0,
    "n": 141
  },
  "6": {
    "mean": 14.53103448275862,
    "std": 6.784433952902973,
    "p10": 6.4,
    "p90": 23.0,
    "n": 145
  },
  "7": {
    "mean": 15.552447552447552,
    "std": 7.2380823093272495,
    "p10": 8.0,
    "p90": 25.0,
    "n": 143
  },
  "8": {
    "mean": 16.114685314685314,
    "std": 7.393887445397406,
    "p10": 7.200000000000001,
    "p90": 26.0,
    "n": 143
  },
  "9": {
    "mean": 16.07123287671233,
    "std": 7.341623976169263,
    "p10": 7.0,
    "p90": 27.0,
    "n": 146
  },
  "10": {
    "mean": 16.76595744680851,
    "std": 7.254199077452944,
    "p10": 8.0,
    "p90": 27.0,
    "n": 141
  },
  "11": {
    "mean": 17.03708609271523,
    "std": 6.992163383808477,
    "p10": 9.0,
    "p90": 28.0,
    "n": 151
  },
  "12": {
    "mean": 17.06711409395973,
    "std": 7.094596753992401,
    "p10": 9.0,
    "p90": 27.0,
    "n": 149
  },
  "13": {
    "mean": 14.517006802721088,
    "std": 5.4261590410077005,
    "p10": 8.0,
    "p90": 22.0,
    "n": 147
  },
  "14": {
    "mean": 11.845161290322581,
    "std": 4.435895399273639,
    "p10": 6.4,
    "p90": 17.599999999999994,
    "n": 155
  },
  "15": {
    "mean": 9.596026490066226,
    "std": 4.709110047481752,
    "p10": 5.0,
    "p90": 15.0,
    "n": 151
  },
  "16": {
    "mean": 6.97986577181208,
    "std": 4.603861185971931,
    "p10": 2.0,
    "p90": 12.0,
    "n": 149
  },
  "17": {
    "mean": 4.620689655172414,
    "std": 3.6705830703892732,
    "p10": 1.0,
    "p90": 8.0,
    "n": 145
  },
  "18": {
    "mean": 3.6805555555555554,
    "std": 4.192321949178442,
    "p10": 0.0,
    "p90": 7.700000000000017,
    "n": 144
  },
  "19": {
    "mean": 2.4237037037037035,
    "std": 3.4351173133285364,
    "p10": 0.0,
    "p90": 5.0,
    "n": 135
  },
  "20": {
    "mean": 1.9029850746268657,
    "std": 3.3691867852288215,
    "p10": 0.0,
    "p90": 4.700000000000003,
    "n": 134
  },
  "21": {
    "mean": 2.253846153846154,
    "std": 3.4959811666016094,
    "p10": 0.0,
    "p90": 7.1000000000000085,
    "n": 130
  },
  "22": {
    "mean": 3.198473282442748,
    "std": 3.460590984051142,
    "p10": 0.0,
    "p90": 6.0,
    "n": 131
  },
  "23": {
    "mean": 5.090909090909091,
    "std": 3.5820897680231667,
    "p10": 2.0,
    "p90": 8.0,
    "n": 132
  }
}