{
  "0": {
    "mean": 7.879268292682927,
    "std": 6.991515239981269,
    "p10": 0.0,
    "p90": 18.0,
    "n": 164
  },
  "1": {
    "mean": 8.787878787878787,
    "std": 7.151486182561242,
    "p10": 1.0,
    "p90": 19.0,
    "n": 165
  },
  "2": {
    "mean": 10.182389937106919,
    "std": 7.3146768930362445,
    "p10": 1.0,
    "p90": 21.0,
    "n": 159
  },
  "3": {
    "mean": 10.81764705882353,
    "std": 7.217921097064781,
    "p10": 2.0,
    "p90": 21.0,
    "n": 170
  },
  "4": {
    "mean": 11.818713450292398,
    "std": 7.234468197439205,
    "p10": 2.0,
    "p90": 23.0,
    "n": 171
  },
  "5": {
    "mean": 12.732954545454545,
    "std": 7.513206986419262,
    "p10": 2.5,
    "p90": 23.5,
    "n": 176
  },
  "6": {
    "mean": 13.505882352941176,
    "std": 7.527658710817774,
    "p10": 3.900000000000002,
    "p90": 24.099999999999994,
    "n": 170
  },
  "7": {
    "mean": 13.9121387283237,
    "std": 7.9719947711852726,
    "p10": 4.0,
    "p90": 25.80000000000001,
    "n": 173
  },
  "8": {
    "mean": 14.128491620111731,
    "std": 8.150289404366536,
    "p10": 4.800000000000001,
    "p90": 26.0,
    "n": 179
  },
  "9": {
    "mean": 14.6046783625731,
    "std": 8.413097721903256,
    "p10": 5.0,
    "p90": 27.0,
    "n": 171
  },
  "10": {
    "mean": 15.128235294117648,
    "std": 8.33373569976513,
    "p10": 5.0,
    "p90": 27.0,
    "n": 170
  },
  "11": {
    "mean": 15.346385542168674,
    "std": 8.146928341526733,
    "p10": 5.0,
    "p90": 26.0,
    "n": 166
  },
  "12": {
    "mean": 15.772571428571428,
    "std": 8.477376363971366,
    "p10": 6.0,
    "p90": 27.0,
    "n": 175
  },
  "13": {
    "mean": 15.230459770114942,
    "std": 7.895476338271099,
    "p10": 6.0,
    "p90": 25.700000000000017,
    "n": 174
  },
  "14": {
    "mean": 13.222222222222221,
    "std": 6.43537322567179,
    "p10": 5.900000000000002,
    "p90": 20.0,
    "n": 180
  },
  "15": {
    "mean": 10.116666666666667,
    "std": 4.975105624773572,
    "p10": 5.0,
    "p90": 15.0,
    "n": 180
  },
  "16": {
    "mean": 8.005649717514125,
    "std": 4.772669796899991,
    "p10": 3.0,
    "p90": 12.0,
    "n": 177
  },
  "17": {
    "mean": 5.797687861271676,
    "std": 4.786074200306573,
    "p10": 2.0,
    "p90": 9.800000000000011,
    "n": 173
  },
  "18": {
    "mean": 4.354285714285714,
    "std": 4.913056897575861,
    "p10": 1.0,
    "p90": 9.0,
    "n": 175
  },
  "19": {
    "mean": 3.379120879120879,
    "std": 5.311740701326186,
    "p10": 0.0,
    "p90": 8.900000000000006,
    "n": 182
  },
  "20": {
    "mean": 2.98150289017341,
    "std": 5.221256202566622,
    "p10": 0.0,
    "p90": 10.0,
    "n": 173
  },
  "21": {
    "mean": 3.08187134502924,
    "std": 5.448612236248571,
    "p10": 0.0,
    "p90": 10.0,
    "n": 171
  },
  "22": {
    "mean": 4.130487804878049,
    "std": 5.5518788954541325,
    "p10": 0.0,
    "p90": 9.700000000000017,
    "n": 164
  },
  "23": {
    "mean": 6.9785714285714295,
    "std": 5.788116494831603,
    "p10": 2.0,
    "p90": 13.300000000000011,
    "n": 168
  }
}