{
  "0": {
    "mean": 8.310975609756097,
    "std": 4.346199414326812,
    "p10": 4.0,
    "p90": 14.0,
    "n": 164
  },
  "1": {
    "mean": 10.633540372670808,
    "std": 3.9384791496747047,
    "p10": 7.0,
    "p90": 17.0,
    "n": 161
  },
  "2": {
    "mean": 12.211538461538462,
    "std": 3.9916842841484383,
    "p10": 8.0,
    "p90": 17.0,
    "n": 156
  },
  "3": {
    "mean": 12.388157894736842,
    "std": 3.6966592079075213,
    "p10": 8.0,
    "p90": 16.0,
    "n": 152
  },
  "4": {
    "mean": 13.186842105263159,
    "std": 3.536801492322716,
    "p10": 9.0,
    "p90": 17.0,
    "n": 152
  },
  "5": {
    "mean": 13.82451612903226,
    "std": 3.562235944836643,
    "p10": 9.0,
    "p90": 18.0,
    "n": 155
  },
  "6": {
    "mean": 14.49873417721519,
    "std": 3.744566974561591,
    "p10": 10.0,
    "p90": 19.0,
    "n": 158
  },
  "7": {
    "mean": 14.736144578313253,
    "std": 3.9146060079083638,
    "p10": 9.5,
    "p90": 19.0,
    "n": 166
  },
  "8": {
    "mean": 15.089024390243901,
    "std": 3.9252683421243537,
    "p10": 9.0,
    "p90": 19.0,
    "n": 164
  },
  "9": {
    "mean": 15.513580246913579,
    "std": 3.8755725871945175,
    "p10": 10.0,
    "p90": 20.0,
    "n": 162
  },
  "10": {
    "mean": 15.870658682634728,
    "std": 3.957550529055767,
    "p10": 10.0,
    "p90": 20.0,
    "n": 167
  },
  "11": {
    "mean": 15.885207100591716,
    "std": 3.694955552403165,
    "p10": 10.8,
    "p90": 20.0,
    "n": 169
  },
  "12": {
    "mean": 13.329824561403507,
    "std": 3.3659522686637433,
    "p10": 9.0,
    "p90": 17.0,
    "n": 171
  },
  "13": {
    "mean": 10.860571428571427,
    "std": 3.100721034849893,
    "p10": 7.0,
    "p90": 15.0,
    "n": 175
  },
  "14": {
    "mean": 8.491228070175438,
    "std": 2.7682409387076174,
    "p10": 5.0,
    "p90": 12.0,
    "n": 171
  },
  "15": {
    "mean": 6.345679012345679,
    "std": 2.694095194116294,
    "p10": 3.0,
    "p90": 9.900000000000006,
    "n": 162
  },
  "16": {
    "mean": 4.913939393939394,
    "std": 2.5489571509305753,
    "p10": 2.0,
    "p90": 8.0,
    "n": 165
  },
  "17": {
    "mean": 3.5496855345911955,
    "std": 2.8101955924053117,
    "p10": 1.0,
    "p90": 7.0,
    "n": 159
  },
  "18": {
    "mean": 2.536969696969697,
    "std": 2.8257359119702046,
    "p10": 0.0,
    "p90": 5.599999999999994,
    "n": 165
  },
  "19": {
    "mean": 2.5676646706586825,
    "std": 3.6989296638299565,
    "p10": 0.0,
    "p90": 7.400000000000006,
    "n": 167
  },
  "20": {
    "mean": 3.0220858895705525,
    "std": 4.611579956618032,
    "p10": 0.0,
    "p90": 10.800000000000011,
    "n": 163
  },
  "21": {
    "mean": 3.3333333333333335,
    "std": 4.618802153517009,
    "p10": 0.0,
    "p90": 9.0,
    "n": 165
  },
  "22": {
    "mean": 4.033532934131736,
    "std": 4.1167101553821945,
    "p10": 1.0,
    "p90": 10.0,
    "n": 167
  },
  "23": {
    "mean": 6.110179640718563,
    "std": 4.5662279749638,
    "p10": 2.0,
    "p90": 14.400000000000006,
    "n": 167
  }
}