{
  "0": {
    "mean": 9.428025477707006,
    "std": 6.308255014873769,
    "p10": 1.0,
    "p90": 17.0,
    "n": 157
  },
  "1": {
    "mean": 10.662893081761007,
    "std": 6.389316176036132,
    "p10": 2.8000000000000007,
    "p90": 19.0,
    "n": 159
  },
  "2": {
    "mean": 11.786075949367088,
    "std": 6.590279160112088,
    "p10": 3.0,
    "p90": 21.0,
    "n": 158
  },
  "3": {
    "mean": 12.3875,
    "std": 6.44667287792459,
    "p10": 4.0,
    "p90": 21.0,
    "n": 160
  },
  "4": {
    "mean": 13.361842105263158,
    "std": 6.725999117889069,
    "p10": 5.0,
    "p90": 22.0,
    "n": 152
  },
  "5": {
    "mean": 14.161290322580646,
    "std": 7.10357863988902,
    "p10": 6.0,
    "p90": 24.0,
    "n": 155
  },
  "6": {
    "mean": 14.980392156862745,
    "std": 7.4475981541872835,
    "p10": 6.0,
    "p90": 25.80000000000001,
    "n": 153
  },
  "7": {
    "mean": 15.832934131736526,
    "std": 7.629496052407886,
    "p10": 7.0,
    "p90": 27.0,
    "n": 167
  },
  "8": {
    "mean": 15.832934131736526,
    "std": 7.653988983732933,
    "p10": 7.0,
    "p90": 27.0,
    "n": 167
  },
  "9": {
    "mean": 16.365000000000002,
    "std": 7.853494995719976,
    "p10": 6.9,
    "p90": 28.0,
    "n": 160
  },
  "10": {
    "mean": 17.140506329113922,
    "std": 8.115606087186595,
    "p10": 7.0,
    "p90": 29.0,
    "n": 158
  },
  "11": {
    "mean": 16.68216560509554,
    "std": 8.509628808566129,
    "p10": 7.0,
    "p90": 29.0,
    "n": 157
  },
  "12": {
    "mean": 17.08125,
    "std": 8.54803068644189,
    "p10": 7.0,
    "p90": 30.0,
    "n": 160
  },
  "13": {
    "mean": 15.488505747126437,
    "std": 7.387490211643902,
    "p10": 6.0,
    "p90": 26.0,
    "n": 174
  },
  "14": {
    "mean": 12.67457627118644,
    "std": 5.780362324097239,
    "p10": 6.0,
    "p90": 21.0,
    "n": 177
  },
  "15": {
    "mean": 9.90342857142857,
    "std": 4.771911315461263,
    "p10": 4.040000000000001,
    "p90": 15.599999999999994,
    "n": 175
  },
  "16": {
    "mean": 7.682352941176471,
    "std": 4.719873041883666,
    "p10": 2.900000000000002,
    "p90": 14.0,
    "n": 170
  },
  "17": {
    "mean": 5.730061349693251,
    "std": 4.415267213217588,
    "p10": 1.0,
    "p90": 10.800000000000011,
    "n": 163
  },
  "18": {
    "mean": 4.066071428571429,
    "std": 4.602704624797347,
    "p10": 1.0,
    "p90": 8.0,
    "n": 168
  },
  "19": {
    "mean": 3.172185430463576,
    "std": 4.952792598664543,
    "p10": 0.0,
    "p90": 9.0,
    "n": 151
  },
  "20": {
    "mean": 2.189189189189189,
    "std": 5.122116047836233,
    "p10": 0.0,
    "p90": 3.3000000000000114,
    "n": 148
  },
  "21": {
    "mean": 2.8289473684210527,
    "std": 6.103713250220727,
    "p10": 0.0,
    "p90": 6.900000000000006,
    "n": 152
  },
  "22": {
    "mean": 4.258278145695364,
    "std": 7.022310708172865,
    "p10": 0.0,
    "p90": 10.0,
    "n": 151
  },
  "23": {
    "mean": 6.445205479452055,
    "std": 6.00922374000894,
    "p10": 2.0,
    "p90": 11.5,
    "n": 146
  }
}