{
  "0": {
    "mean": 9.88974358974359,
    "std": 3.547669466495862,
    "p10": 6.0,
    "p90": 14.0,
    "n": 156
  },
  "1": {
    "mean": 11.61038961038961,
    "std": 3.5455425173922883,
    "p10": 7.0,
    "p90": 16.0,
    "n": 154
  },
  "2": {
    "mean": 12.696774193548388,
    "std": 3.5819427971321813,
    "p10": 8.4,
    "p90": 17.0,
    "n": 155
  },
  "3": {
    "mean": 14.06027397260274,
    "std": 3.8751103112584233,
    "p10": 9.0,
    "p90": 19.0,
    "n": 146
  },
  "4": {
    "mean": 15.14109589041096,
    "std": 4.013162330904381,
    "p10": 10.0,
    "p90": 19.5,
    "n": 146
  },
  "5": {
    "mean": 16.029530201342283,
    "std": 4.348368804998539,
    "p10": 10.0,
    "p90": 21.0,
    "n": 149
  },
  "6": {
    "mean": 16.696,
    "std": 4.068785746345515,
    "p10": 11.0,
    "p90": 21.0,
    "n": 150
  },
  "7": {
    "mean": 17.380132450331125,
    "std": 4.379147860296561,
    "p10": 12.0,
    "p90": 22.0,
    "n": 151
  },
  "8": {
    "mean": 17.866233766233766,
    "std": 4.634683408598407,
    "p10": 11.0,
    "p90": 23.0,
    "n": 154
  },
  "9": {
    "mean": 18.401298701298703,
    "std": 4.619792415518466,
    "p10": 12.0,
    "p90": 24.0,
    "n": 154
  },
  "10": {
    "mean": 18.654088050314467,
    "std": 4.830162904954717,
    "p10": 13.0,
    "p90": 25.0,
    "n": 159
  },
  "11": {
    "mean": 19.34640522875817,
    "std": 4.61587686463213,
    "p10": 14.200000000000001,
    "p90": 25.0,
    "n": 153
  },
  "12": {
    "mean": 17.682499999999997,
    "std": 4.343339439219174,
    "p10": 13.0,
    "p90": 24.0,
    "n": 160
  },
  "13": {
    "mean": 13.742483660130718,
    "std": 3.3281631730789805,
    "p10": 10.0,
    "p90": 18.0,
    "n": 153
  },
  "14": {
    "mean": 10.1075,
    "std": 2.558191922422883,
    "p10": 7.0,
    "p90": 13.0,
    "n": 160
  },
  "15": {
    "mean": 7.092903225806452,
    "std": 2.325385310270813,
    "p10": 4.0,
    "p90": 10.0,
    "n": 155
  },
  "16": {
    "mean": 4.96,
    "std": 2.246312996428165,
    "p10": 2.4000000000000004,
    "p90": 8.0,
    "n": 155
  },
  "17": {
    "mean": 3.5962025316455697,
    "std": 2.7293611411783623,
    "p10": 1.0,
    "p90": 6.0,
    "n": 158
  },
  "18": {
    "mean": 2.593975903614458,
    "std": 2.6770788873533067,
    "p10": 0.0,
    "p90": 6.0,
    "n": 166
  },
  "19": {
    "mean": 2.2843373493975907,
    "std": 3.010063199888642,
    "p10": 0.0,
    "p90": 6.0,
    "n": 166
  },
  "20": {
    "mean": 2.8124223602484473,
    "std": 4.501315887659614,
    "p10": 0.0,
    "p90": 10.0,
    "n": 161
  },
  "21": {
    "mean": 2.8533333333333335,
    "std": 3.8768313270261547,
    "p10": 0.0,
    "p90": 8.0,
    "n": 165
  },
  "22": {
    "mean": 4.2880503144654085,
    "std": 4.416344280915955,
    "p10": 1.0,
    "p90": 11.200000000000017,
    "n": 159
  },
  "23": {
    "mean": 6.559210526315789,
    "std": 3.2193404627326703,
    "p10": 4.0,
    "p90": 10.0,
    "n": 152
  }
}