{
  "0": {
    "mean": 7.9072847682119205,
    "std": 3.4026479754792605,
    "p10": 3.0,
    "p90": 13.0,
    "n": 151
  },
  "1": {
    "mean": 9.888111888111888,
    "std": 3.293495285962998,
    "p10": 5.200000000000001,
    "p90": 14.0,
    "n": 143
  },
  "2": {
    "mean": 11.160839160839162,
    "std": 3.341270631316037,
    "p10": 6.200000000000001,
    "p90": 16.0,
    "n": 143
  },
  "3": {
    "mean": 12.086330935251798,
    "std": 3.253720310767772,
    "p10": 7.0,
    "p90": 16.0,
    "n": 139
  },
  "4": {
    "mean": 13.095588235294118,
    "std": 3.297313556283836,
    "p10": 8.0,
    "p90": 17.0,
    "n": 136
  },
  "5": {
    "mean": 13.72463768115942,
    "std": 3.3544134038346023,
    "p10": 9.0,
    "p90": 17.0,
    "n": 138
  },
  "6": {
    "mean": 14.382978723404255,
    "std": 3.4675219114934124,
    "p10": 9.0,
    "p90": 18.0,
    "n": 141
  },
  "7": {
    "mean": 14.82394366197183,
    "std": 3.4524105994447036,
    "p10": 10.0,
    "p90": 18.900000000000006,
    "n": 142
  },
  "8": {
    "mean": 15.377777777777778,
    "std": 3.5308915343288327,
    "p10": 10.0,
    "p90": 19.700000000000017,
    "n": 144
  },
  "9": {
    "mean": 15.791549295774649,
    "std": 3.842271287466418,
    "p10": 10.0,
    "p90": 20.0,
    "n": 142
  },
  "10": {
    "mean": 16.03472222222222,
    "std": 4.07347413526728,
    "p10": 10.0,
    "p90": 20.700000000000017,
    "n": 144
  },
  "11": {
    "mean": 16.342105263157894,
    "std": 3.777074910067777,
    "p10": 10.100000000000001,
    "p90": 20.900000000000006,
    "n": 152
  },
  "12": {
    "mean": 13.86986301369863,
    "std": 3.038292847863946,
    "p10": 9.0,
    "p90": 18.0,
    "n": 146
  },
  "13": {
    "mean": 11.316216216216215,
    "std": 2.926585948417839,
    "p10": 7.700000000000001,
    "p90": 15.0,
    "n": 148
  },
  "14": {
    "mean": 8.955974842767295,
    "std": 2.6345943697339815,
    "p10": 6.0,
    "p90": 12.0,
    "n": 159
  },
  "15": {
    "mean": 6.752380952380952,
    "std": 2.5432514334766987,
    "p10": 3.0,
    "p90": 10.0,
    "n": 147
  },
  "16": {
    "mean": 4.979591836734694,
    "std": 2.3654748075467626,
    "p10": 2.0,
    "p90": 8.0,
    "n": 147
  },
  "17": {
    "mean": 3.802614379084967,
    "std": 2.7160329941512495,
    "p10": 1.0,
    "p90": 7.0,
    "n": 153
  },
  "18": {
    "mean": 4.0,
    "std": 4.368037843383113,
    "p10": 0.0,
    "p90": 11.0,
    "n": 164
  },
  "19": {
    "mean": 3.6766467065868262,
    "std": 4.47115178966663,
    "p10": 0.0,
    "p90": 10.400000000000006,
    "n": 167
  },
  "20": {
    "mean": 3.8404907975460123,
    "std": 5.159106033633424,
    "p10": 0.0,
    "p90": 12.800000000000011,
    "n": 163
  },
  "21": {
    "mean": 4.059756097560975,
    "std": 5.220449637595814,
    "p10": 0.0,
    "p90": 11.700000000000017,
    "n": 164
  },
  "22": {
    "mean": 4.770700636942675,
    "std": 5.039424839313446,
    "p10": 0.0,
    "p90": 13.0,
    "n": 157
  },
  "23": {
    "mean": 6.1879194630872485,
    "std": 4.230470435019974,
    "p10": 2.0,
    "p90": 12.200000000000017,
    "n": 149
  }
}