{
  "0": {
    "mean": 9.394838709677419,
    "std": 6.341205112516969,
    "p10": 1.0,
    "p90": 17.0,
    "n": 155
  },
  "1": {
    "mean": 10.652229299363057,
    "std": 6.4271916943008565,
    "p10": 2.6000000000000014,
    "p90": 19.0,
    "n": 157
  },
  "2": {
    "mean": 11.77051282051282,
    "std": 6.631208890407668,
    "p10": 3.0,
    "p90": 21.0,
    "n": 156
  },
  "3": {
    "mean": 12.360759493670885,
    "std": 6.482920583510699,
    "p10": 4.0,
    "p90": 21.0,
    "n": 158
  },
  "4": {
    "mean": 13.28,
    "std": 6.7268070349836915,
    "p10": 5.0,
    "p90": 22.0,
    "n": 150
  },
  "5": {
    "mean": 14.065359477124183,
    "std": 7.093986707262765,
    "p10": 6.0,
    "p90": 24.0,
    "n": 153
  },
  "6": {
    "mean": 14.894039735099337,
    "std": 7.458464826741752,
    "p10": 6.0,
    "p90": 26.0,
    "n": 151
  },
  "7": {
    "mean": 15.746060606060606,
    "std": 7.633666581932261,
    "p10": 7.0,
    "p90": 27.0,
    "n": 165
  },
  "8": {
    "mean": 15.727878787878787,
    "std": 7.6382828158861695,
    "p10": 7.0,
    "p90": 27.0,
    "n": 165
  },
  "9": {
    "mean": 16.219108280254776,
    "std": 7.853009661155411,
    "p10": 6.600000000000001,
    "p90": 28.0,
    "n": 157
  },
  "10": {
    "mean": 16.955844155844154,
    "std": 8.130600529420805,
    "p10": 7.0,
    "p90": 29.0,
    "n": 154
  },
  "11": {
    "mean": 16.57483870967742,
    "std": 8.510647216589641,
    "p10": 7.0,
    "p90": 29.0,
    "n": 155
  },
  "12": {
    "mean": 16.968354430379748,
    "std": 8.541708003602203,
    "p10": 7.0,
    "p90": 30.0,
    "n": 158
  },
  "13": {
    "mean": 15.350877192982455,
    "std": 7.376810792022546,
    "p10": 6.0,
    "p90": 26.0,
    "n": 171
  },
  "14": {
    "mean": 12.487861271676302,
    "std": 5.69627811406146,
    "p10": 6.0,
    "p90": 20.0,
    "n": 173
  },
  "15": {
    "mean": 9.879190751445087,
    "std": 4.794185605541263,
    "p10": 4.0200000000000005,
    "p90": 15.800000000000011,
    "n": 173
  },
  "16": {
    "mean": 7.684523809523809,
    "std": 4.7476939009033865,
    "p10": 2.6999999999999993,
    "p90": 14.0,
    "n": 168
  },
  "17": {
    "mean": 5.745341614906832,
    "std": 4.440269562630165,
    "p10": 1.0,
    "p90": 11.0,
    "n": 161
  },
  "18": {
    "mean": 4.0849397590361445,
    "std": 4.626938479526044,
    "p10": 1.0,
    "p90": 8.0,
    "n": 166
  },
  "19": {
    "mean": 3.214765100671141,
    "std": 4.97230676576052,
    "p10": 0.0,
    "p90": 9.200000000000017,
    "n": 149
  },
  "20": {
    "mean": 2.212328767123288,
    "std": 5.153116103284042,
    "p10": 0.0,
    "p90": 3.5,
    "n": 146
  },
  "21": {
    "mean": 2.86,
    "std": 6.138261564446173,
    "p10": 0.0,
    "p90": 7.099999999999994,
    "n": 150
  },
  "22": {
    "mean": 4.281879194630872,
    "std": 7.0663654568024805,
    "p10": 0.0,
    "p90": 10.600000000000051,
    "n": 149
  },
  "23": {
    "mean": 6.4375,
    "std": 6.050739710890814,
    "p10": 2.0,
    "p90": 11.700000000000017,
    "n": 144
  }
}