{
  "0": {
    "mean": 9.892307692307693,
    "std": 3.7213945744855015,
    "p10": 6.0,
    "p90": 15.0,
    "n": 130
  },
  "1": {
    "mean": 11.5703125,
    "std": 3.655830406975538,
    "p10": 7.0,
    "p90": 16.299999999999997,
    "n": 128
  },
  "2": {
    "mean": 12.689922480620154,
    "std": 3.7370577698496716,
    "p10": 8.0,
    "p90": 18.0,
    "n": 129
  },
  "3": {
    "mean": 14.0,
    "std": 4.068737131929206,
    "p10": 8.9,
    "p90": 19.0,
    "n": 120
  },
  "4": {
    "mean": 15.075,
    "std": 4.276499196556835,
    "p10": 10.0,
    "p90": 20.0,
    "n": 120
  },
  "5": {
    "mean": 15.829268292682928,
    "std": 4.605248817743799,
    "p10": 8.200000000000001,
    "p90": 21.799999999999997,
    "n": 123
  },
  "6": {
    "mean": 16.483870967741936,
    "std": 4.258867117136519,
    "p10": 10.3,
    "p90": 21.0,
    "n": 124
  },
  "7": {
    "mean": 17.104,
    "std": 4.546930903935234,
    "p10": 10.0,
    "p90": 22.0,
    "n": 125
  },
  "8": {
    "mean": 17.509375,
    "std": 4.781714473605322,
    "p10": 10.0,
    "p90": 23.0,
    "n": 128
  },
  "9": {
    "mean": 18.075,
    "std": 4.758812794447625,
    "p10": 11.0,
    "p90": 24.0,
    "n": 128
  },
  "10": {
    "mean": 18.321804511278195,
    "std": 4.931398141314625,
    "p10": 12.0,
    "p90": 24.799999999999997,
    "n": 133
  },
  "11": {
    "mean": 19.031496062992126,
    "std": 4.7307454492856325,
    "p10": 13.600000000000001,
    "p90": 25.0,
    "n": 127
  },
  "12": {
    "mean": 17.35820895522388,
    "std": 4.394807231566133,
    "p10": 12.0,
    "p90": 23.700000000000003,
    "n": 134
  },
  "13": {
    "mean": 13.503937007874017,
    "std": 3.352028563133676,
    "p10": 9.0,
    "p90": 18.0,
    "n": 127
  },
  "14": {
    "mean": 10.075187969924812,
    "std": 2.5955207924608503,
    "p10": 7.0,
    "p90": 13.0,
    "n": 133
  },
  "15": {
    "mean": 7.124031007751938,
    "std": 2.394680797941763,
    "p10": 4.0,
    "p90": 10.0,
    "n": 129
  },
  "16": {
    "mean": 5.0390625,
    "std": 2.3084996789509273,
    "p10": 3.0,
    "p90": 8.0,
    "n": 128
  },
  "17": {
    "mean": 3.75,
    "std": 2.8722813232690143,
    "p10": 1.0,
    "p90": 7.0,
    "n": 132
  },
  "18": {
    "mean": 2.6449275362318843,
    "std": 2.7967674892402554,
    "p10": 0.0,
    "p90": 6.0,
    "n": 138
  },
  "19": {
    "mean": 2.448920863309352,
    "std": 3.207043130146442,
    "p10": 0.0,
    "p90": 7.0,
    "n": 139
  },
  "20": {
    "mean": 3.0676691729323307,
    "std": 4.803337679095788,
    "p10": 0.0,
    "p90": 11.0,
    "n": 133
  },
  "21": {
    "mean": 2.9927007299270074,
    "std": 3.99355427415995,
    "p10": 0.0,
    "p90": 8.400000000000006,
    "n": 137
  },
  "22": {
    "mean": 4.4961832061068705,
    "std": 4.549512308270021,
    "p10": 1.0,
    "p90": 11.0,
    "n": 131
  },
  "23": {
    "mean": 6.666666666666667,
    "std": 3.3633316815324625,
    "p10": 4.0,
    "p90": 10.0,
    "n": 126
  }
}