{
  "0": {
    "mean": 9.88205128205128,
    "std": 5.298319723660264,
    "p10": 1.5,
    "p90": 15.799999999999997,
    "n": 156
  },
  "1": {
    "mean": 11.543589743589745,
    "std": 5.446930825492516,
    "p10": 4.0,
    "p90": 18.0,
    "n": 156
  },
  "2": {
    "mean": 12.926797385620915,
    "std": 5.704787999842851,
    "p10": 5.0,
    "p90": 19.80000000000001,
    "n": 153
  },
  "3": {
    "mean": 14.2125,
    "std": 5.897987611180211,
    "p10": 5.0,
    "p90": 21.0,
    "n": 160
  },
  "4": {
    "mean": 15.31055900621118,
    "std": 6.285773644553152,
    "p10": 5.0,
    "p90": 23.0,
    "n": 161
  },
  "5": {
    "mean": 16.59108280254777,
    "std": 6.362040631708515,
    "p10": 7.600000000000001,
    "p90": 24.0,
    "n": 157
  },
  "6": {
    "mean": 17.10487804878049,
    "std": 6.507700062828342,
    "p10": 8.0,
    "p90": 25.0,
    "n": 164
  },
  "7": {
    "mean": 17.781012658227844,
    "std": 6.887255394283036,
    "p10": 8.0,
    "p90": 25.0,
    "n": 158
  },
  "8": {
    "mean": 18.49808917197452,
    "std": 6.926264314258571,
    "p10": 8.600000000000001,
    "p90": 26.0,
    "n": 157
  },
  "9": {
    "mean": 18.578181818181818,
    "std": 7.234875500195284,
    "p10": 8.0,
    "p90": 27.0,
    "n": 165
  },
  "10": {
    "mean": 19.101190476190474,
    "std": 6.9861110123783465,
    "p10": 9.0,
    "p90": 27.0,
    "n": 168
  },
  "11": {
    "mean": 19.320238095238096,
    "std": 7.10806710062891,
    "p10": 8.0,
    "p90": 27.0,
    "n": 168
  },
  "12": {
    "mean": 19.318292682926828,
    "std": 6.857992123274197,
    "p10": 9.0,
    "p90": 27.0,
    "n": 164
  },
  "13": {
    "mean": 14.784357541899443,
    "std": 5.285998147064699,
    "p10": 7.0,
    "p90": 21.0,
    "n": 179
  },
  "14": {
    "mean": 11.12,
    "std": 3.9691917009160305,
    "p10": 6.0,
    "p90": 16.0,
    "n": 175
  },
  "15": {
    "mean": 7.692485549132949,
    "std": 3.36033656192099,
    "p10": 4.0,
    "p90": 11.880000000000008,
    "n": 173
  },
  "16": {
    "mean": 5.124390243902439,
    "std": 3.017436484633921,
    "p10": 2.0,
    "p90": 8.0,
    "n": 164
  },
  "17": {
    "mean": 3.4125786163522016,
    "std": 2.6694412760679507,
    "p10": 1.0,
    "p90": 6.0,
    "n": 159
  },
  "18": {
    "mean": 2.1748427672955972,
    "std": 2.205142681840181,
    "p10": 0.0,
    "p90": 4.200000000000017,
    "n": 159
  },
  "19": {
    "mean": 1.5149700598802396,
    "std": 2.3107300453475035,
    "p10": 0.0,
    "p90": 4.0,
    "n": 167
  },
  "20": {
    "mean": 1.0662337662337662,
    "std": 2.098123057233977,
    "p10": 0.0,
    "p90": 3.0,
    "n": 154
  },
  "21": {
    "mean": 1.9700000000000002,
    "std": 2.37345911616371,
    "p10": 0.0,
    "p90": 5.0,
    "n": 160
  },
  "22": {
    "mean": 3.9484276729559746,
    "std": 2.5901677611938734,
    "p10": 1.0,
    "p90": 6.520000000000015,
    "n": 159
  },
  "23": {
    "mean": 7.9529411764705875,
    "std": 2.7940505124735795,
    "p10": 5.0,
    "p90": 12.0,
    "n": 153
  }
}