{
  "0": {
    "mean": 7.486821705426356,
    "std": 4.645081065038068,
    "p10": 1.0,
    "p90": 13.200000000000003,
    "n": 129
  },
  "1": {
    "mean": 9.134306569343066,
    "std": 4.8787721146309595,
    "p10": 3.0,
    "p90": 15.0,
    "n": 137
  },
  "2": {
    "mean": 10.456716417910448,
    "std": 4.8265937452964085,
    "p10": 4.300000000000001,
    "p90": 16.0,
    "n": 134
  },
  "3": {
    "mean": 10.974242424242423,
    "std": 5.132051971381922,
    "p10": 5.0,
    "p90": 17.0,
    "n": 132
  },
  "4": {
    "mean": 12.004444444444443,
    "std": 5.385966655663622,
    "p10": 5.0,
    "p90": 19.0,
    "n": 135
  },
  "5": {
    "mean": 12.75267175572519,
    "std": 5.838431404782449,
    "p10": 6.0,
    "p90": 20.0,
    "n": 131
  },
  "6": {
    "mean": 12.834782608695653,
    "std": 6.0714438953426795,
    "p10": 6.0,
    "p90": 21.0,
    "n": 138
  },
  "7": {
    "mean": 13.700719424460432,
    "std": 6.252854378959665,
    "p10": 6.0,
    "p90": 22.0,
    "n": 139
  },
  "8": {
    "mean": 13.995744680851065,
    "std": 6.609839768324034,
    "p10": 7.0,
    "p90": 23.0,
    "n": 141
  },
  "9": {
    "mean": 14.568345323741006,
    "std": 6.580527224056905,
    "p10": 7.0,
    "p90": 24.0,
    "n": 139
  },
  "10": {
    "mean": 14.765562913907285,
    "std": 6.556046027473329,
    "p10": 7.0,
    "p90": 23.0,
    "n": 151
  },
  "11": {
    "mean": 14.966896551724137,
    "std": 6.928083500952381,
    "p10": 7.0,
    "p90": 24.599999999999994,
    "n": 145
  },
  "12": {
    "mean": 13.967123287671233,
    "std": 5.996183954172981,
    "p10": 7.0,
    "p90": 22.0,
    "n": 146
  },
  "13": {
    "mean": 11.321052631578947,
    "std": 4.630744244947266,
    "p10": 6.0,
    "p90": 18.0,
    "n": 152
  },
  "14": {
    "mean": 9.007894736842106,
    "std": 4.132499625457841,
    "p10": 4.0,
    "p90": 14.0,
    "n": 152
  },
  "15": {
    "mean": 6.415068493150685,
    "std": 3.568064141718065,
    "p10": 2.0,
    "p90": 11.0,
    "n": 146
  },
  "16": {
    "mean": 4.396923076923077,
    "std": 3.0424372742392536,
    "p10": 1.0,
    "p90": 8.100000000000009,
    "n": 130
  },
  "17": {
    "mean": 3.192753623188406,
    "std": 2.584107455257084,
    "p10": 0.0,
    "p90": 6.0,
    "n": 138
  },
  "18": {
    "mean": 2.7176470588235295,
    "std": 3.221821025282789,
    "p10": 0.0,
    "p90": 6.0,
    "n": 136
  },
  "19": {
    "mean": 2.604444444444445,
    "std": 4.007862918580097,
    "p10": 0.0,
    "p90": 7.0,
    "n": 135
  },
  "20": {
    "mean": 2.4402877697841725,
    "std": 4.007397497029354,
    "p10": 0.0,
    "p90": 6.0,
    "n": 139
  },
  "21": {
    "mean": 2.9353383458646616,
    "std": 4.074945537630514,
    "p10": 0.0,
    "p90": 6.919999999999998,
    "n": 133
  },
  "22": {
    "mean": 3.8656716417910446,
    "std": 4.080378584779799,
    "p10": 1.0,
    "p90": 8.0,
    "n": 134
  },
  "23": {
    "mean": 5.611940298507463,
    "std": 4.3453725240016885,
    "p10": 2.0,
    "p90": 9.700000000000003,
    "n": 134
  }
}