{
  "0": {
    "mean": 7.649425287356322,
    "std": 4.593042578751463,
    "p10": 1.0,
    "p90": 14.0,
    "n": 174
  },
  "1": {
    "mean": 9.605714285714285,
    "std": 4.954850337994195,
    "p10": 3.0,
    "p90": 17.0,
    "n": 175
  },
  "2": {
    "mean": 10.207865168539326,
    "std": 4.715228957040263,
    "p10": 3.0,
    "p90": 16.0,
    "n": 178
  },
  "3": {
    "mean": 11.321637426900585,
    "std": 4.48875060667709,
    "p10": 5.0,
    "p90": 17.0,
    "n": 171
  },
  "4": {
    "mean": 12.04093567251462,
    "std": 4.530104173774527,
    "p10": 6.0,
    "p90": 17.0,
    "n": 171
  },
  "5": {
    "mean": 12.479768786127167,
    "std": 4.86395091986756,
    "p10": 6.199999999999999,
    "p90": 18.0,
    "n": 173
  },
  "6": {
    "mean": 12.864772727272726,
    "std": 5.012909956678478,
    "p10": 6.0,
    "p90": 19.0,
    "n": 176
  },
  "7": {
    "mean": 13.502127659574468,
    "std": 5.406808516727502,
    "p10": 8.0,
    "p90": 20.30000000000001,
    "n": 188
  },
  "8": {
    "mean": 14.202083333333334,
    "std": 5.4093186836506,
    "p10": 8.0,
    "p90": 21.0,
    "n": 192
  },
  "9": {
    "mean": 14.2,
    "std": 5.51625696546951,
    "p10": 6.879999999999998,
    "p90": 21.0,
    "n": 188
  },
  "10": {
    "mean": 14.401081081081081,
    "std": 5.277248018711913,
    "p10": 7.0,
    "p90": 21.0,
    "n": 185
  },
  "11": {
    "mean": 14.359375,
    "std": 5.251877313317222,
    "p10": 8.0,
    "p90": 21.900000000000006,
    "n": 192
  },
  "12": {
    "mean": 13.215384615384615,
    "std": 4.159793961834738,
    "p10": 8.0,
    "p90": 18.0,
    "n": 195
  },
  "13": {
    "mean": 11.035714285714286,
    "std": 3.6730131555748136,
    "p10": 6.0,
    "p90": 15.0,
    "n": 196
  },
  "14": {
    "mean": 8.73056994818653,
    "std": 3.2627870541865245,
    "p10": 5.0,
    "p90": 13.0,
    "n": 193
  },
  "15": {
    "mean": 6.772020725388601,
    "std": 3.080490450599529,
    "p10": 3.0,
    "p90": 10.0,
    "n": 193
  },
  "16": {
    "mean": 5.513089005235602,
    "std": 3.138653145175585,
    "p10": 2.0,
    "p90": 10.0,
    "n": 191
  },
  "17": {
    "mean": 3.9101123595505616,
    "std": 3.3383254689224873,
    "p10": 1.0,
    "p90": 9.0,
    "n": 178
  },
  "18": {
    "mean": 2.956989247311828,
    "std": 3.5394730971274755,
    "p10": 0.0,
    "p90": 7.5,
    "n": 186
  },
  "19": {
    "mean": 2.8715083798882683,
    "std": 4.174591881241735,
    "p10": 0.0,
    "p90": 9.0,
    "n": 179
  },
  "20": {
    "mean": 2.1377245508982035,
    "std": 3.4325096506760175,
    "p10": 0.0,
    "p90": 6.0,
    "n": 167
  },
  "21": {
    "mean": 2.426900584795322,
    "std": 3.485968729661259,
    "p10": 0.0,
    "p90": 5.0,
    "n": 171
  },
  "22": {
    "mean": 3.4578313253012047,
    "std": 3.3459200114305734,
    "p10": 1.0,
    "p90": 7.5,
    "n": 166
  },
  "23": {
    "mean": 5.096470588235294,
    "std": 3.4536473151201084,
    "p10": 2.0,
    "p90": 9.0,
    "n": 170
  }
}