{
  "0": {
    "mean": 8.747770700636943,
    "std": 6.4594254923076955,
    "p10": 0.0,
    "p90": 17.0,
    "n": 157
  },
  "1": {
    "mean": 9.898125,
    "std": 6.340044162644036,
    "p10": 1.0,
    "p90": 18.0,
    "n": 160
  },
  "2": {
    "mean": 10.589156626506023,
    "std": 6.598264455890271,
    "p10": 2.0,
    "p90": 20.0,
    "n": 166
  },
  "3": {
    "mean": 11.352229299363056,
    "std": 6.819039954113975,
    "p10": 3.0,
    "p90": 20.400000000000006,
    "n": 157
  },
  "4": {
    "mean": 11.777325581395349,
    "std": 7.07702053877494,
    "p10": 3.0,
    "p90": 23.0,
    "n": 172
  },
  "5": {
    "mean": 12.185802469135801,
    "std": 7.091950360165374,
    "p10": 3.0,
    "p90": 22.0,
    "n": 162
  },
  "6": {
    "mean": 12.89878787878788,
    "std": 6.995956914958076,
    "p10": 4.0,
    "p90": 22.599999999999994,
    "n": 165
  },
  "7": {
    "mean": 13.16564417177914,
    "std": 7.406273453309522,
    "p10": 4.0,
    "p90": 23.600000000000023,
    "n": 163
  },
  "8": {
    "mean": 14.045859872611464,
    "std": 7.229546661372093,
    "p10": 5.0,
    "p90": 24.400000000000006,
    "n": 157
  },
  "9": {
    "mean": 14.46012658227848,
    "std": 7.16996513128724,
    "p10": 6.0,
    "p90": 24.30000000000001,
    "n": 158
  },
  "10": {
    "mean": 14.621176470588235,
    "std": 7.008230058192691,
    "p10": 6.0,
    "p90": 24.0,
    "n": 170
  },
  "11": {
    "mean": 15.280625,
    "std": 7.081320070900682,
    "p10": 7.0,
    "p90": 25.099999999999994,
    "n": 160
  },
  "12": {
    "mean": 15.418292682926829,
    "std": 7.0391391004706225,
    "p10": 7.0,
    "p90": 26.0,
    "n": 164
  },
  "13": {
    "mean": 14.304878048780488,
    "std": 6.416894924793004,
    "p10": 7.0,
    "p90": 23.0,
    "n": 164
  },
  "14": {
    "mean": 12.063440860215055,
    "std": 4.689419602103406,
    "p10": 6.0,
    "p90": 18.0,
    "n": 186
  },
  "15": {
    "mean": 9.555614973262033,
    "std": 3.6515437921530047,
    "p10": 6.0,
    "p90": 14.0,
    "n": 187
  },
  "16": {
    "mean": 6.62258064516129,
    "std": 3.635816694224528,
    "p10": 3.0,
    "p90": 10.0,
    "n": 186
  },
  "17": {
    "mean": 4.5285714285714285,
    "std": 3.6156406268954795,
    "p10": 1.0,
    "p90": 8.0,
    "n": 175
  },
  "18": {
    "mean": 3.3327272727272725,
    "std": 3.954576904327375,
    "p10": 0.0,
    "p90": 6.0,
    "n": 165
  },
  "19": {
    "mean": 2.1973684210526314,
    "std": 3.9634747509953456,
    "p10": 0.0,
    "p90": 4.0,
    "n": 152
  },
  "20": {
    "mean": 1.9803921568627452,
    "std": 4.086998944398817,
    "p10": 0.0,
    "p90": 5.0,
    "n": 153
  },
  "21": {
    "mean": 2.78125,
    "std": 4.553900636409331,
    "p10": 0.0,
    "p90": 6.099999999999994,
    "n": 160
  },
  "22": {
    "mean": 4.8484276729559745,
    "std": 4.7381812371617205,
    "p10": 1.0,
    "p90": 8.200000000000017,
    "n": 159
  },
  "23": {
    "mean": 7.3830188679245285,
    "std": 4.830339343206418,
    "p10": 2.7199999999999993,
    "p90": 13.0,
    "n": 159
  }
}