{
  "0": {
    "mean": 9.442499999999999,
    "std": 5.904582486477992,
    "p10": 0.0,
    "p90": 17.0,
    "n": 160
  },
  "1": {
    "mean": 10.646153846153846,
    "std": 6.134654441096297,
    "p10": 1.5,
    "p90": 18.0,
    "n": 156
  },
  "2": {
    "mean": 11.366049382716051,
    "std": 6.367143567953963,
    "p10": 2.0,
    "p90": 20.0,
    "n": 162
  },
  "3": {
    "mean": 12.663636363636362,
    "std": 6.607767445363251,
    "p10": 3.0,
    "p90": 21.0,
    "n": 154
  },
  "4": {
    "mean": 13.389473684210527,
    "std": 6.809101407147115,
    "p10": 4.0,
    "p90": 22.0,
    "n": 152
  },
  "5": {
    "mean": 14.043589743589745,
    "std": 6.771717078547666,
    "p10": 4.0,
    "p90": 23.0,
    "n": 156
  },
  "6": {
    "mean": 14.327710843373495,
    "std": 7.001684875202487,
    "p10": 4.5,
    "p90": 24.0,
    "n": 166
  },
  "7": {
    "mean": 15.25818181818182,
    "std": 7.133774637349897,
    "p10": 5.0,
    "p90": 24.0,
    "n": 165
  },
  "8": {
    "mean": 15.873291925465841,
    "std": 7.098016956904011,
    "p10": 6.0,
    "p90": 25.0,
    "n": 161
  },
  "9": {
    "mean": 16.01775147928994,
    "std": 7.011583420092597,
    "p10": 6.800000000000001,
    "p90": 25.0,
    "n": 169
  },
  "10": {
    "mean": 16.50941176470588,
    "std": 7.057701715012173,
    "p10": 6.900000000000002,
    "p90": 25.0,
    "n": 170
  },
  "11": {
    "mean": 16.665432098765432,
    "std": 7.086855306489073,
    "p10": 6.100000000000001,
    "p90": 25.0,
    "n": 162
  },
  "12": {
    "mean": 16.45828571428571,
    "std": 7.185683997755491,
    "p10": 6.400000000000002,
    "p90": 26.0,
    "n": 175
  },
  "13": {
    "mean": 14.601058201058203,
    "std": 5.549333766969952,
    "p10": 7.0,
    "p90": 22.0,
    "n": 189
  },
  "14": {
    "mean": 11.536046511627907,
    "std": 4.2791870242450605,
    "p10": 6.0,
    "p90": 17.0,
    "n": 172
  },
  "15": {
    "mean": 8.446590909090908,
    "std": 3.7303220500920005,
    "p10": 4.0,
    "p90": 13.5,
    "n": 176
  },
  "16": {
    "mean": 5.617441860465116,
    "std": 3.176142493174843,
    "p10": 3.0,
    "p90": 8.98,
    "n": 172
  },
  "17": {
    "mean": 3.792941176470588,
    "std": 2.834436931457958,
    "p10": 1.0,
    "p90": 6.0,
    "n": 170
  },
  "18": {
    "mean": 2.6654545454545455,
    "std": 3.173838457502794,
    "p10": 0.0,
    "p90": 6.0,
    "n": 165
  },
  "19": {
    "mean": 1.9352201257861634,
    "std": 3.1989938759439007,
    "p10": 0.0,
    "p90": 5.0,
    "n": 159
  },
  "20": {
    "mean": 2.0316455696202533,
    "std": 3.6660968433283085,
    "p10": 0.0,
    "p90": 7.0,
    "n": 158
  },
  "21": {
    "mean": 2.79874213836478,
    "std": 3.6602895960234423,
    "p10": 0.0,
    "p90": 8.200000000000017,
    "n": 159
  },
  "22": {
    "mean": 4.941104294478527,
    "std": 3.8158818546388065,
    "p10": 2.0,
    "p90": 9.0,
    "n": 163
  },
  "23": {
    "mean": 8.08,
    "std": 3.864631499040579,
    "p10": 3.0,
    "p90": 12.0,
    "n": 155
  }
}