{
  "0": {
    "mean": 7.5737499999999995,
    "std": 4.547948428210283,
    "p10": 1.0,
    "p90": 13.0,
    "n": 160
  },
  "1": {
    "mean": 9.11860465116279,
    "std": 4.708571545047612,
    "p10": 3.1000000000000014,
    "p90": 14.0,
    "n": 172
  },
  "2": {
    "mean": 10.4,
    "std": 4.595910705135691,
    "p10": 5.0,
    "p90": 16.0,
    "n": 168
  },
  "3": {
    "mean": 10.954878048780488,
    "std": 4.938906573781881,
    "p10": 5.0,
    "p90": 17.0,
    "n": 164
  },
  "4": {
    "mean": 11.798830409356725,
    "std": 5.195722089928954,
    "p10": 5.0,
    "p90": 19.0,
    "n": 171
  },
  "5": {
    "mean": 12.460975609756098,
    "std": 5.605491525162202,
    "p10": 6.0,
    "p90": 20.0,
    "n": 164
  },
  "6": {
    "mean": 12.63859649122807,
    "std": 5.7856746330702284,
    "p10": 6.0,
    "p90": 20.0,
    "n": 171
  },
  "7": {
    "mean": 13.316279069767443,
    "std": 5.968530738224157,
    "p10": 6.0,
    "p90": 20.0,
    "n": 172
  },
  "8": {
    "mean": 13.65549132947977,
    "std": 6.335148941567435,
    "p10": 7.0,
    "p90": 22.0,
    "n": 173
  },
  "9": {
    "mean": 14.121387283236995,
    "std": 6.32740939817892,
    "p10": 7.0,
    "p90": 23.0,
    "n": 173
  },
  "10": {
    "mean": 14.497802197802198,
    "std": 6.357515724927649,
    "p10": 7.0,
    "p90": 22.900000000000006,
    "n": 182
  },
  "11": {
    "mean": 14.528491620111732,
    "std": 6.688865766338705,
    "p10": 7.0,
    "p90": 24.0,
    "n": 179
  },
  "12": {
    "mean": 13.470391061452514,
    "std": 5.847938786312576,
    "p10": 7.0,
    "p90": 21.0,
    "n": 179
  },
  "13": {
    "mean": 10.983068783068784,
    "std": 4.489719829733146,
    "p10": 6.0,
    "p90": 18.0,
    "n": 189
  },
  "14": {
    "mean": 8.673015873015872,
    "std": 4.0023346783354175,
    "p10": 4.0,
    "p90": 14.0,
    "n": 189
  },
  "15": {
    "mean": 6.14696132596685,
    "std": 3.4036343555490505,
    "p10": 2.0,
    "p90": 11.0,
    "n": 181
  },
  "16": {
    "mean": 4.180487804878049,
    "std": 2.8834386009579847,
    "p10": 1.0,
    "p90": 8.0,
    "n": 164
  },
  "17": {
    "mean": 3.166279069767442,
    "std": 2.5537547389469224,
    "p10": 0.0,
    "p90": 6.0,
    "n": 172
  },
  "18": {
    "mean": 2.527710843373494,
    "std": 3.0041713727904766,
    "p10": 0.0,
    "p90": 6.0,
    "n": 166
  },
  "19": {
    "mean": 2.3430303030303032,
    "std": 3.708382466435847,
    "p10": 0.0,
    "p90": 5.599999999999994,
    "n": 165
  },
  "20": {
    "mean": 2.2818713450292396,
    "std": 3.691431892727348,
    "p10": 0.0,
    "p90": 5.0,
    "n": 171
  },
  "21": {
    "mean": 2.8797546012269937,
    "std": 3.7835602723452757,
    "p10": 0.0,
    "p90": 6.480000000000002,
    "n": 163
  },
  "22": {
    "mean": 4.100591715976331,
    "std": 4.010469884615414,
    "p10": 1.0,
    "p90": 9.0,
    "n": 169
  },
  "23": {
    "mean": 5.7696969696969695,
    "std": 4.256106434381486,
    "p10": 2.0,
    "p90": 10.599999999999994,
    "n": 165
  }
}