{
  "0": {
    "mean": 9.793421052631578,
    "std": 5.330080464243994,
    "p10": 1.1000000000000014,
    "p90": 15.54,
    "n": 152
  },
  "1": {
    "mean": 11.439473684210528,
    "std": 5.474470041722165,
    "p10": 4.0,
    "p90": 18.0,
    "n": 152
  },
  "2": {
    "mean": 12.824161073825502,
    "std": 5.730426744718284,
    "p10": 5.0,
    "p90": 19.200000000000017,
    "n": 149
  },
  "3": {
    "mean": 14.10897435897436,
    "std": 5.934800285194499,
    "p10": 5.0,
    "p90": 21.0,
    "n": 156
  },
  "4": {
    "mean": 15.159235668789808,
    "std": 6.28811409718625,
    "p10": 5.0,
    "p90": 23.0,
    "n": 157
  },
  "5": {
    "mean": 16.48888888888889,
    "std": 6.387936364284795,
    "p10": 7.200000000000001,
    "p90": 24.0,
    "n": 153
  },
  "6": {
    "mean": 16.98875,
    "std": 6.53960346825498,
    "p10": 8.0,
    "p90": 25.0,
    "n": 160
  },
  "7": {
    "mean": 17.632467532467533,
    "std": 6.899823651406432,
    "p10": 8.0,
    "p90": 25.0,
    "n": 154
  },
  "8": {
    "mean": 18.334640522875816,
    "std": 6.924701402088319,
    "p10": 8.200000000000001,
    "p90": 26.0,
    "n": 153
  },
  "9": {
    "mean": 18.393788819875777,
    "std": 7.21479113905068,
    "p10": 8.0,
    "p90": 26.0,
    "n": 161
  },
  "10": {
    "mean": 18.914634146341463,
    "std": 6.947694536645405,
    "p10": 9.0,
    "p90": 27.0,
    "n": 164
  },
  "11": {
    "mean": 19.151219512195123,
    "std": 7.095358266720141,
    "p10": 8.0,
    "p90": 27.0,
    "n": 164
  },
  "12": {
    "mean": 19.1575,
    "std": 6.856971387119361,
    "p10": 8.9,
    "p90": 26.099999999999994,
    "n": 160
  },
  "13": {
    "mean": 14.693714285714286,
    "std": 5.30589732935178,
    "p10": 7.0,
    "p90": 21.0,
    "n": 175
  },
  "14": {
    "mean": 11.08187134502924,
    "std": 4.007092095984753,
    "p10": 6.0,
    "p90": 16.0,
    "n": 171
  },
  "15": {
    "mean": 7.649704142011834,
    "std": 3.3874966923258354,
    "p10": 4.0,
    "p90": 12.0,
    "n": 169
  },
  "16": {
    "mean": 5.1274999999999995,
    "std": 3.055090606897315,
    "p10": 2.0,
    "p90": 8.0,
    "n": 160
  },
  "17": {
    "mean": 3.4167741935483873,
    "std": 2.7004525680072557,
    "p10": 1.0,
    "p90": 6.0,
    "n": 155
  },
  "18": {
    "mean": 2.185806451612903,
    "std": 2.2314295316015618,
    "p10": 0.0,
    "p90": 4.599999999999994,
    "n": 155
  },
  "19": {
    "mean": 1.539877300613497,
    "std": 2.329535000420739,
    "p10": 0.0,
    "p90": 4.0,
    "n": 163
  },
  "20": {
    "mean": 1.0813333333333333,
    "std": 2.1224396076551098,
    "p10": 0.0,
    "p90": 3.0,
    "n": 150
  },
  "21": {
    "mean": 2.007692307692308,
    "std": 2.3879141515216205,
    "p10": 0.0,
    "p90": 5.0,
    "n": 156
  },
  "22": {
    "mean": 3.9987096774193547,
    "std": 2.6042419715407243,
    "p10": 1.0,
    "p90": 6.759999999999999,
    "n": 155
  },
  "23": {
    "mean": 7.9583892617449665,
    "std": 2.8304593427030054,
    "p10": 5.0,
    "p90": 12.0,
    "n": 149
  }
}