{
  "0": {
    "mean": 8.62962962962963,
    "std": 5.428117375947847,
    "p10": 1.0,
    "p90": 16.0,
    "n": 162
  },
  "1": {
    "mean": 10.134969325153374,
    "std": 5.8049737480114985,
    "p10": 3.0,
    "p90": 18.0,
    "n": 163
  },
  "2": {
    "mean": 11.607185628742515,
    "std": 5.7757236949385105,
    "p10": 4.0,
    "p90": 19.0,
    "n": 167
  },
  "3": {
    "mean": 12.493827160493828,
    "std": 6.17372403753845,
    "p10": 4.0,
    "p90": 20.0,
    "n": 162
  },
  "4": {
    "mean": 13.274390243902438,
    "std": 6.3606595902832685,
    "p10": 4.300000000000001,
    "p90": 21.0,
    "n": 164
  },
  "5": {
    "mean": 14.238372093023257,
    "std": 6.534311931805872,
    "p10": 6.100000000000001,
    "p90": 22.900000000000006,
    "n": 172
  },
  "6": {
    "mean": 14.732954545454545,
    "std": 6.697739005978642,
    "p10": 7.0,
    "p90": 23.0,
    "n": 176
  },
  "7": {
    "mean": 15.626436781609195,
    "std": 7.106424021587302,
    "p10": 8.0,
    "p90": 25.0,
    "n": 174
  },
  "8": {
    "mean": 16.225142857142856,
    "std": 7.2734319601873345,
    "p10": 7.400000000000002,
    "p90": 26.0,
    "n": 175
  },
  "9": {
    "mean": 16.328,
    "std": 7.325099661948039,
    "p10": 7.0,
    "p90": 27.0,
    "n": 175
  },
  "10": {
    "mean": 16.976608187134502,
    "std": 7.237933745104393,
    "p10": 9.0,
    "p90": 27.0,
    "n": 171
  },
  "11": {
    "mean": 17.28268156424581,
    "std": 7.073632123633581,
    "p10": 9.0,
    "p90": 28.0,
    "n": 179
  },
  "12": {
    "mean": 17.305555555555557,
    "std": 7.079829892712502,
    "p10": 9.0,
    "p90": 28.0,
    "n": 180
  },
  "13": {
    "mean": 14.704918032786885,
    "std": 5.400481039710943,
    "p10": 8.0,
    "p90": 22.0,
    "n": 183
  },
  "14": {
    "mean": 11.916230366492147,
    "std": 4.491313068969264,
    "p10": 7.0,
    "p90": 17.0,
    "n": 191
  },
  "15": {
    "mean": 9.691891891891892,
    "std": 4.673838985011607,
    "p10": 5.0,
    "p90": 14.599999999999994,
    "n": 185
  },
  "16": {
    "mean": 7.011111111111111,
    "std": 4.57463114963197,
    "p10": 2.0,
    "p90": 11.099999999999994,
    "n": 180
  },
  "17": {
    "mean": 4.674418604651163,
    "std": 3.841727987378669,
    "p10": 1.0,
    "p90": 8.0,
    "n": 172
  },
  "18": {
    "mean": 3.7528735632183907,
    "std": 4.357157133326652,
    "p10": 0.0,
    "p90": 7.700000000000017,
    "n": 174
  },
  "19": {
    "mean": 2.6414634146341465,
    "std": 3.9162693910708652,
    "p10": 0.0,
    "p90": 5.0,
    "n": 164
  },
  "20": {
    "mean": 1.9814814814814814,
    "std": 3.6737650094113827,
    "p10": 0.0,
    "p90": 5.0,
    "n": 162
  },
  "21": {
    "mean": 2.3121019108280256,
    "std": 3.737978171426423,
    "p10": 0.0,
    "p90": 6.400000000000006,
    "n": 157
  },
  "22": {
    "mean": 3.2531645569620253,
    "std": 3.857223695246218,
    "p10": 0.0,
    "p90": 6.0,
    "n": 158
  },
  "23": {
    "mean": 5.388957055214724,
    "std": 4.097349431320435,
    "p10": 2.0,
    "p90": 9.0,
    "n": 163
  }
}