{
  "0": {
    "mean": 8.47972027972028,
    "std": 4.206376103156441,
    "p10": 3.200000000000001,
    "p90": 13.799999999999997,
    "n": 143
  },
  "1": {
    "mean": 10.51063829787234,
    "std": 4.010089099965943,
    "p10": 6.0,
    "p90": 16.0,
    "n": 141
  },
  "2": {
    "mean": 11.852941176470589,
    "std": 3.8274823206688593,
    "p10": 7.0,
    "p90": 17.0,
    "n": 136
  },
  "3": {
    "mean": 13.062937062937063,
    "std": 3.7567906276441168,
    "p10": 8.200000000000001,
    "p90": 17.639999999999997,
    "n": 143
  },
  "4": {
    "mean": 13.804379562043795,
    "std": 3.8150219452984304,
    "p10": 9.0,
    "p90": 18.0,
    "n": 137
  },
  "5": {
    "mean": 14.532857142857143,
    "std": 3.7919726431248963,
    "p10": 10.0,
    "p90": 19.0,
    "n": 140
  },
  "6": {
    "mean": 15.471014492753623,
    "std": 3.853583087585772,
    "p10": 11.0,
    "p90": 20.0,
    "n": 138
  },
  "7": {
    "mean": 16.138686131386862,
    "std": 4.150872484033124,
    "p10": 11.0,
    "p90": 21.0,
    "n": 137
  },
  "8": {
    "mean": 16.68345323741007,
    "std": 4.253687183539255,
    "p10": 11.0,
    "p90": 21.200000000000003,
    "n": 139
  },
  "9": {
    "mean": 16.924137931034483,
    "std": 4.218877481400133,
    "p10": 11.0,
    "p90": 21.0,
    "n": 145
  },
  "10": {
    "mean": 17.09857142857143,
    "std": 4.477891103618805,
    "p10": 12.0,
    "p90": 22.0,
    "n": 140
  },
  "11": {
    "mean": 17.198657718120806,
    "std": 4.611061708326778,
    "p10": 12.0,
    "p90": 22.0,
    "n": 149
  },
  "12": {
    "mean": 14.930201342281878,
    "std": 4.438159234594879,
    "p10": 10.0,
    "p90": 19.200000000000017,
    "n": 149
  },
  "13": {
    "mean": 12.159740259740259,
    "std": 3.8043923613743647,
    "p10": 7.0,
    "p90": 17.0,
    "n": 154
  },
  "14": {
    "mean": 9.656375838926174,
    "std": 3.4161049842175646,
    "p10": 5.0,
    "p90": 14.0,
    "n": 149
  },
  "15": {
    "mean": 6.72972972972973,
    "std": 3.076340689081852,
    "p10": 3.0,
    "p90": 11.0,
    "n": 148
  },
  "16": {
    "mean": 5.212162162162162,
    "std": 2.7534741297220062,
    "p10": 2.0,
    "p90": 9.0,
    "n": 148
  },
  "17": {
    "mean": 4.128104575163399,
    "std": 3.034504587944339,
    "p10": 1.0,
    "p90": 7.0,
    "n": 153
  },
  "18": {
    "mean": 3.1034013605442174,
    "std": 3.2625188807722476,
    "p10": 0.0,
    "p90": 8.0,
    "n": 147
  },
  "19": {
    "mean": 2.271523178807947,
    "std": 2.952815097122152,
    "p10": 0.0,
    "p90": 6.0,
    "n": 151
  },
  "20": {
    "mean": 2.72987012987013,
    "std": 3.4948726190730333,
    "p10": 0.0,
    "p90": 7.0,
    "n": 154
  },
  "21": {
    "mean": 3.4912499999999995,
    "std": 4.189765720473259,
    "p10": 0.0,
    "p90": 10.0,
    "n": 160
  },
  "22": {
    "mean": 4.6103896103896105,
    "std": 4.524893655359168,
    "p10": 0.0,
    "p90": 11.0,
    "n": 154
  },
  "23": {
    "mean": 6.710204081632654,
    "std": 5.1736520935856,
    "p10": 2.0,
    "p90": 13.400000000000006,
    "n": 147
  }
}