{
  "0": {
    "mean": 9.563636363636363,
    "std": 5.854329922996868,
    "p10": 0.3000000000000007,
    "p90": 17.0,
    "n": 154
  },
  "1": {
    "mean": 10.694039735099338,
    "std": 6.121908545413808,
    "p10": 2.0,
    "p90": 18.0,
    "n": 151
  },
  "2": {
    "mean": 11.435031847133757,
    "std": 6.350861704525216,
    "p10": 2.0,
    "p90": 20.0,
    "n": 157
  },
  "3": {
    "mean": 12.753020134228187,
    "std": 6.61065435129493,
    "p10": 3.0,
    "p90": 21.0,
    "n": 149
  },
  "4": {
    "mean": 13.504761904761905,
    "std": 6.8123310167136255,
    "p10": 4.0,
    "p90": 22.0,
    "n": 147
  },
  "5": {
    "mean": 14.144370860927154,
    "std": 6.776357288510195,
    "p10": 4.0,
    "p90": 23.0,
    "n": 151
  },
  "6": {
    "mean": 14.443478260869567,
    "std": 6.999131933753423,
    "p10": 5.0,
    "p90": 24.0,
    "n": 161
  },
  "7": {
    "mean": 15.535443037974686,
    "std": 7.061053817431096,
    "p10": 5.700000000000001,
    "p90": 24.0,
    "n": 158
  },
  "8": {
    "mean": 16.061935483870972,
    "std": 7.081659785706029,
    "p10": 6.0,
    "p90": 25.0,
    "n": 155
  },
  "9": {
    "mean": 16.153374233128833,
    "std": 7.055111816392501,
    "p10": 6.199999999999999,
    "p90": 25.0,
    "n": 163
  },
  "10": {
    "mean": 16.59151515151515,
    "std": 7.1249596152951,
    "p10": 6.400000000000002,
    "p90": 25.0,
    "n": 165
  },
  "11": {
    "mean": 16.724840764331212,
    "std": 7.157223857045836,
    "p10": 6.0,
    "p90": 25.400000000000006,
    "n": 157
  },
  "12": {
    "mean": 16.495294117647056,
    "std": 7.241144861626902,
    "p10": 6.0,
    "p90": 26.0,
    "n": 170
  },
  "13": {
    "mean": 14.620765027322406,
    "std": 5.601825199465224,
    "p10": 7.0,
    "p90": 22.0,
    "n": 183
  },
  "14": {
    "mean": 11.528143712574849,
    "std": 4.290714073010544,
    "p10": 6.0,
    "p90": 17.0,
    "n": 167
  },
  "15": {
    "mean": 8.350588235294117,
    "std": 3.614881258884876,
    "p10": 4.0,
    "p90": 13.0,
    "n": 170
  },
  "16": {
    "mean": 5.540119760479042,
    "std": 3.041758762807004,
    "p10": 3.0,
    "p90": 8.879999999999999,
    "n": 167
  },
  "17": {
    "mean": 3.713939393939394,
    "std": 2.5916586874822207,
    "p10": 1.0,
    "p90": 6.0,
    "n": 165
  },
  "18": {
    "mean": 2.489308176100629,
    "std": 2.6731338266273377,
    "p10": 0.0,
    "p90": 5.200000000000017,
    "n": 159
  },
  "19": {
    "mean": 1.8616883116883116,
    "std": 3.0028569849644966,
    "p10": 0.0,
    "p90": 5.0,
    "n": 154
  },
  "20": {
    "mean": 1.9542483660130718,
    "std": 3.542931935708948,
    "p10": 0.0,
    "p90": 6.800000000000011,
    "n": 153
  },
  "21": {
    "mean": 2.7337662337662336,
    "std": 3.521515953628893,
    "p10": 0.0,
    "p90": 8.0,
    "n": 154
  },
  "22": {
    "mean": 4.888607594936709,
    "std": 3.7395114412928074,
    "p10": 2.0,
    "p90": 9.0,
    "n": 158
  },
  "23": {
    "mean": 8.04295302013423,
    "std": 3.810338976081108,
    "p10": 3.0,
    "p90": 12.0,
    "n": 149
  }
}