{
  "0": {
    "mean": 8.566197183098593,
    "std": 6.3291724367323665,
    "p10": 0.0,
    "p90": 17.0,
    "n": 142
  },
  "1": {
    "mean": 9.804827586206898,
    "std": 6.25129243341908,
    "p10": 1.0,
    "p90": 18.0,
    "n": 145
  },
  "2": {
    "mean": 10.537662337662338,
    "std": 6.495710781115924,
    "p10": 2.0,
    "p90": 19.0,
    "n": 154
  },
  "3": {
    "mean": 11.424647887323943,
    "std": 6.793177497565866,
    "p10": 3.0,
    "p90": 20.0,
    "n": 142
  },
  "4": {
    "mean": 11.790384615384616,
    "std": 6.97438427247516,
    "p10": 3.5,
    "p90": 23.0,
    "n": 156
  },
  "5": {
    "mean": 12.255704697986577,
    "std": 6.805933247664641,
    "p10": 3.8000000000000007,
    "p90": 22.200000000000017,
    "n": 149
  },
  "6": {
    "mean": 12.852317880794702,
    "std": 6.739019062515317,
    "p10": 4.0,
    "p90": 22.0,
    "n": 151
  },
  "7": {
    "mean": 13.326666666666666,
    "std": 7.238336293945631,
    "p10": 4.9,
    "p90": 24.0,
    "n": 150
  },
  "8": {
    "mean": 14.20709219858156,
    "std": 7.159326039610062,
    "p10": 6.0,
    "p90": 25.0,
    "n": 141
  },
  "9": {
    "mean": 14.48150684931507,
    "std": 7.035751102463392,
    "p10": 6.5,
    "p90": 24.5,
    "n": 146
  },
  "10": {
    "mean": 14.758940397350992,
    "std": 6.8838484539117974,
    "p10": 6.0,
    "p90": 25.0,
    "n": 151
  },
  "11": {
    "mean": 15.216083916083917,
    "std": 6.973285546774358,
    "p10": 8.0,
    "p90": 25.799999999999997,
    "n": 143
  },
  "12": {
    "mean": 15.535664335664334,
    "std": 7.14154089967615,
    "p10": 7.0,
    "p90": 26.0,
    "n": 143
  },
  "13": {
    "mean": 14.38,
    "std": 6.276813623308005,
    "p10": 7.9,
    "p90": 23.0,
    "n": 150
  },
  "14": {
    "mean": 12.139877300613497,
    "std": 4.745908437636802,
    "p10": 6.199999999999999,
    "p90": 18.0,
    "n": 163
  },
  "15": {
    "mean": 9.533128834355828,
    "std": 3.794473811741308,
    "p10": 6.0,
    "p90": 14.0,
    "n": 163
  },
  "16": {
    "mean": 6.860240963855421,
    "std": 4.0104390981245865,
    "p10": 3.0,
    "p90": 10.5,
    "n": 166
  },
  "17": {
    "mean": 4.363924050632911,
    "std": 3.5581111849387215,
    "p10": 1.0,
    "p90": 8.0,
    "n": 158
  },
  "18": {
    "mean": 3.26078431372549,
    "std": 3.869248453037262,
    "p10": 0.0,
    "p90": 7.0,
    "n": 153
  },
  "19": {
    "mean": 2.119718309859155,
    "std": 3.798996497520496,
    "p10": 0.0,
    "p90": 4.0,
    "n": 142
  },
  "20": {
    "mean": 1.8936170212765957,
    "std": 3.9905282995391067,
    "p10": 0.0,
    "p90": 4.0,
    "n": 141
  },
  "21": {
    "mean": 2.748299319727891,
    "std": 4.380597847193363,
    "p10": 0.0,
    "p90": 7.0,
    "n": 147
  },
  "22": {
    "mean": 4.75103448275862,
    "std": 4.7359604980489935,
    "p10": 1.0,
    "p90": 8.0,
    "n": 145
  },
  "23": {
    "mean": 7.309655172413794,
    "std": 4.763800480620182,
    "p10": 3.0,
    "p90": 13.0,
    "n": 145
  }
}