{
  "0": {
    "mean": 2.938888888888889,
    "std": 3.3059348847861028,
    "p10": 0.0,
    "p90": 8.0,
    "n": 180
  },
  "1": {
    "mean": 4.125748502994012,
    "std": 3.4153791807669673,
    "p10": 1.0,
    "p90": 8.0,
    "n": 167
  },
  "2": {
    "mean": 6.448484848484848,
    "std": 3.742319061572717,
    "p10": 3.0,
    "p90": 10.0,
    "n": 165
  },
  "3": {
    "mean": 9.070175438596491,
    "std": 4.198849908876898,
    "p10": 5.0,
    "p90": 15.0,
    "n": 171
  },
  "4": {
    "mean": 10.828402366863905,
    "std": 3.998529244966395,
    "p10": 7.0,
    "p90": 16.0,
    "n": 169
  },
  "5": {
    "mean": 12.666265060240963,
    "std": 3.5312209960942202,
    "p10": 9.0,
    "p90": 18.0,
    "n": 166
  },
  "6": {
    "mean": 14.343949044585987,
    "std": 3.663250230846529,
    "p10": 10.0,
    "p90": 19.400000000000006,
    "n": 157
  },
  "7": {
    "mean": 15.6158940397351,
    "std": 3.4114726578655494,
    "p10": 12.0,
    "p90": 20.0,
    "n": 151
  },
  "8": {
    "mean": 17.00653594771242,
    "std": 3.58633505205623,
    "p10": 13.0,
    "p90": 22.0,
    "n": 153
  },
  "9": {
    "mean": 18.095541401273884,
    "std": 3.6440739379521565,
    "p10": 14.0,
    "p90": 23.0,
    "n": 157
  },
  "10": {
    "mean": 19.32,
    "std": 3.480183594632471,
    "p10": 15.0,
    "p90": 24.0,
    "n": 150
  },
  "11": {
    "mean": 20.36241610738255,
    "std": 3.572066487041765,
    "p10": 16.0,
    "p90": 25.0,
    "n": 149
  },
  "12": {
    "mean": 21.098684210526315,
    "std": 3.629824706002391,
    "p10": 16.1,
    "p90": 25.900000000000006,
    "n": 152
  },
  "13": {
    "mean": 19.746666666666666,
    "std": 3.152045605457103,
    "p10": 16.0,
    "p90": 23.0,
    "n": 150
  },
  "14": {
    "mean": 16.8343949044586,
    "std": 2.7499350429576848,
    "p10": 14.0,
    "p90": 20.0,
    "n": 157
  },
  "15": {
    "mean": 14.012987012987013,
    "std": 2.6666348355625047,
    "p10": 11.0,
    "p90": 17.0,
    "n": 154
  },
  "16": {
    "mean": 11.320512820512821,
    "std": 2.6615231619826414,
    "p10": 9.0,
    "p90": 14.0,
    "n": 156
  },
  "17": {
    "mean": 8.735483870967743,
    "std": 2.7328625859525406,
    "p10": 6.0,
    "p90": 11.0,
    "n": 155
  },
  "18": {
    "mean": 6.395061728395062,
    "std": 2.864123823382826,
    "p10": 4.0,
    "p90": 10.0,
    "n": 162
  },
  "19": {
    "mean": 4.613253012048193,
    "std": 2.8756984325535364,
    "p10": 2.0,
    "p90": 8.0,
    "n": 166
  },
  "20": {
    "mean": 3.710227272727273,
    "std": 3.5020170440224,
    "p10": 1.0,
    "p90": 8.5,
    "n": 176
  },
  "21": {
    "mean": 2.593220338983051,
    "std": 3.5070641895442947,
    "p10": 0.0,
    "p90": 7.0,
    "n": 177
  },
  "22": {
    "mean": 2.4250000000000003,
    "std": 3.72761892595566,
    "p10": 0.0,
    "p90": 7.0,
    "n": 176
  },
  "23": {
    "mean": 2.374301675977654,
    "std": 4.03490513909733,
    "p10": 0.0,
    "p90": 7.200000000000017,
    "n": 179
  }
}