{
  "0": {
    "mean": 3.026315789473684,
    "std": 2.8095093215886298,
    "p10": 0.0,
    "p90": 7.0,
    "n": 152
  },
  "1": {
    "mean": 5.0,
    "std": 2.700762419587999,
    "p10": 2.0,
    "p90": 9.0,
    "n": 154
  },
  "2": {
    "mean": 7.0130718954248366,
    "std": 2.795642587145253,
    "p10": 3.0,
    "p90": 11.0,
    "n": 153
  },
  "3": {
    "mean": 9.385714285714286,
    "std": 3.1942028488188456,
    "p10": 6.0,
    "p90": 13.700000000000017,
    "n": 154
  },
  "4": {
    "mean": 11.222222222222221,
    "std": 3.2731407382509037,
    "p10": 7.0,
    "p90": 15.0,
    "n": 153
  },
  "5": {
    "mean": 12.710526315789474,
    "std": 3.5390565939896828,
    "p10": 8.100000000000001,
    "p90": 17.0,
    "n": 152
  },
  "6": {
    "mean": 14.033112582781458,
    "std": 3.6813352985803878,
    "p10": 9.0,
    "p90": 19.0,
    "n": 151
  },
  "7": {
    "mean": 15.177631578947368,
    "std": 3.8137117094033037,
    "p10": 10.0,
    "p90": 19.0,
    "n": 152
  },
  "8": {
    "mean": 16.343046357615894,
    "std": 3.794267780635679,
    "p10": 11.0,
    "p90": 21.0,
    "n": 151
  },
  "9": {
    "mean": 17.526315789473685,
    "std": 4.02302539844956,
    "p10": 12.0,
    "p90": 22.0,
    "n": 152
  },
  "10": {
    "mean": 18.553333333333335,
    "std": 4.257699959901574,
    "p10": 13.0,
    "p90": 23.099999999999994,
    "n": 150
  },
  "11": {
    "mean": 19.32,
    "std": 4.17939978350188,
    "p10": 14.0,
    "p90": 24.0,
    "n": 150
  },
  "12": {
    "mean": 19.887417218543046,
    "std": 3.9892238950412664,
    "p10": 14.0,
    "p90": 24.0,
    "n": 151
  },
  "13": {
    "mean": 20.153333333333332,
    "std": 3.866456447267054,
    "p10": 14.0,
    "p90": 25.0,
    "n": 150
  },
  "14": {
    "mean": 17.961290322580645,
    "std": 3.271053428491899,
    "p10": 13.4,
    "p90": 22.0,
    "n": 155
  },
  "15": {
    "mean": 14.19078947368421,
    "std": 2.6538327964806947,
    "p10": 11.0,
    "p90": 17.0,
    "n": 152
  },
  "16": {
    "mean": 11.123376623376624,
    "std": 2.5599426108710377,
    "p10": 7.300000000000001,
    "p90": 14.0,
    "n": 154
  },
  "17": {
    "mean": 8.291390728476822,
    "std": 2.3226117597036047,
    "p10": 6.0,
    "p90": 11.0,
    "n": 151
  },
  "18": {
    "mean": 6.167741935483871,
    "std": 2.3433225242059144,
    "p10": 4.0,
    "p90": 9.0,
    "n": 155
  },
  "19": {
    "mean": 4.063694267515924,
    "std": 2.194636611069451,
    "p10": 2.0,
    "p90": 6.0,
    "n": 157
  },
  "20": {
    "mean": 2.792452830188679,
    "std": 2.1905304591311157,
    "p10": 1.0,
    "p90": 5.0,
    "n": 159
  },
  "21": {
    "mean": 1.559748427672956,
    "std": 2.3669432163605824,
    "p10": 0.0,
    "p90": 4.0,
    "n": 159
  },
  "22": {
    "mean": 1.2962962962962963,
    "std": 2.54130814088782,
    "p10": 0.0,
    "p90": 5.0,
    "n": 162
  },
  "23": {
    "mean": 1.8333333333333333,
    "std": 3.0434134769034977,
    "p10": 0.0,
    "p90": 6.0,
    "n": 156
  }
}