{
  "0": {
    "mean": 2.668831168831169,
    "std": 2.9239940336061956,
    "p10": 0.0,
    "p90": 7.0,
    "n": 154
  },
  "1": {
    "mean": 4.493333333333333,
    "std": 2.728784341442707,
    "p10": 2.0,
    "p90": 8.0,
    "n": 150
  },
  "2": {
    "mean": 6.524503311258279,
    "std": 2.783162874319245,
    "p10": 3.0,
    "p90": 10.0,
    "n": 151
  },
  "3": {
    "mean": 8.65,
    "std": 2.9590286142813915,
    "p10": 5.0,
    "p90": 13.0,
    "n": 148
  },
  "4": {
    "mean": 10.489795918367347,
    "std": 2.814754051249294,
    "p10": 7.0,
    "p90": 14.0,
    "n": 147
  },
  "5": {
    "mean": 12.105263157894736,
    "std": 2.8958931750468064,
    "p10": 9.0,
    "p90": 16.0,
    "n": 152
  },
  "6": {
    "mean": 13.523489932885907,
    "std": 3.028209471443233,
    "p10": 10.0,
    "p90": 17.0,
    "n": 149
  },
  "7": {
    "mean": 15.006849315068493,
    "std": 3.1568132673193823,
    "p10": 11.0,
    "p90": 19.0,
    "n": 146
  },
  "8": {
    "mean": 16.301369863013697,
    "std": 3.236366338357111,
    "p10": 12.0,
    "p90": 20.0,
    "n": 146
  },
  "9": {
    "mean": 17.476190476190474,
    "std": 3.432985308423831,
    "p10": 13.0,
    "p90": 21.400000000000006,
    "n": 147
  },
  "10": {
    "mean": 18.6,
    "std": 3.4968239557887073,
    "p10": 14.0,
    "p90": 23.0,
    "n": 145
  },
  "11": {
    "mean": 19.630872483221477,
    "std": 3.581764990873329,
    "p10": 14.0,
    "p90": 24.0,
    "n": 149
  },
  "12": {
    "mean": 20.176470588235293,
    "std": 3.6002880861683257,
    "p10": 15.0,
    "p90": 24.80000000000001,
    "n": 153
  },
  "13": {
    "mean": 20.49342105263158,
    "std": 3.7593093464010052,
    "p10": 15.100000000000001,
    "p90": 25.0,
    "n": 152
  },
  "14": {
    "mean": 17.66891891891892,
    "std": 3.075884947631854,
    "p10": 14.0,
    "p90": 21.0,
    "n": 148
  },
  "15": {
    "mean": 14.405405405405405,
    "std": 2.5524107261176665,
    "p10": 11.0,
    "p90": 17.0,
    "n": 148
  },
  "16": {
    "mean": 11.527027027027026,
    "std": 2.6145743945374154,
    "p10": 9.0,
    "p90": 14.0,
    "n": 148
  },
  "17": {
    "mean": 8.843537414965986,
    "std": 2.741614063824519,
    "p10": 6.0,
    "p90": 11.0,
    "n": 147
  },
  "18": {
    "mean": 6.630573248407643,
    "std": 3.0048819768704376,
    "p10": 4.0,
    "p90": 9.0,
    "n": 157
  },
  "19": {
    "mean": 4.666666666666667,
    "std": 3.631205586088291,
    "p10": 2.0,
    "p90": 7.0,
    "n": 159
  },
  "20": {
    "mean": 3.2421686746987954,
    "std": 3.7667644014757418,
    "p10": 0.0,
    "p90": 6.0,
    "n": 166
  },
  "21": {
    "mean": 2.7056603773584906,
    "std": 5.257703754492299,
    "p10": 0.0,
    "p90": 6.0,
    "n": 159
  },
  "22": {
    "mean": 2.239766081871345,
    "std": 5.081205039244414,
    "p10": 0.0,
    "p90": 7.0,
    "n": 171
  },
  "23": {
    "mean": 2.2228915662650603,
    "std": 4.469935266325515,
    "p10": 0.0,
    "p90": 5.0,
    "n": 166
  }
}