{
  "0": {
    "mean": 3.4503311258278146,
    "std": 3.830907188855497,
    "p10": 0.0,
    "p90": 8.0,
    "n": 151
  },
  "1": {
    "mean": 5.121621621621622,
    "std": 3.4224258520819286,
    "p10": 2.0,
    "p90": 10.0,
    "n": 148
  },
  "2": {
    "mean": 6.881944444444445,
    "std": 3.379279783775214,
    "p10": 3.0,
    "p90": 11.0,
    "n": 144
  },
  "3": {
    "mean": 8.704109589041096,
    "std": 3.4515938689514556,
    "p10": 5.0,
    "p90": 13.0,
    "n": 146
  },
  "4": {
    "mean": 10.432624113475176,
    "std": 3.880914775335111,
    "p10": 6.0,
    "p90": 16.0,
    "n": 141
  },
  "5": {
    "mean": 11.881944444444445,
    "std": 3.995620903249757,
    "p10": 7.0,
    "p90": 18.0,
    "n": 144
  },
  "6": {
    "mean": 13.104166666666666,
    "std": 4.222349377507062,
    "p10": 8.0,
    "p90": 19.700000000000017,
    "n": 144
  },
  "7": {
    "mean": 14.253521126760564,
    "std": 4.521715327124263,
    "p10": 9.0,
    "p90": 20.900000000000006,
    "n": 142
  },
  "8": {
    "mean": 15.41958041958042,
    "std": 4.8952586825612565,
    "p10": 9.0,
    "p90": 22.0,
    "n": 143
  },
  "9": {
    "mean": 16.30496453900709,
    "std": 5.070845607717215,
    "p10": 10.0,
    "p90": 23.0,
    "n": 141
  },
  "10": {
    "mean": 17.099290780141843,
    "std": 5.244459613370238,
    "p10": 11.0,
    "p90": 25.0,
    "n": 141
  },
  "11": {
    "mean": 17.921985815602838,
    "std": 5.410401255235561,
    "p10": 11.0,
    "p90": 26.0,
    "n": 141
  },
  "12": {
    "mean": 18.41958041958042,
    "std": 5.38962564668873,
    "p10": 11.200000000000001,
    "p90": 26.0,
    "n": 143
  },
  "13": {
    "mean": 18.72,
    "std": 5.469227042685691,
    "p10": 12.0,
    "p90": 26.0,
    "n": 145
  },
  "14": {
    "mean": 17.161971830985916,
    "std": 4.73501716719897,
    "p10": 11.0,
    "p90": 23.900000000000006,
    "n": 142
  },
  "15": {
    "mean": 14.226027397260275,
    "std": 3.848457905125127,
    "p10": 9.0,
    "p90": 19.0,
    "n": 146
  },
  "16": {
    "mean": 11.631944444444445,
    "std": 3.3360638583249678,
    "p10": 7.0,
    "p90": 16.0,
    "n": 144
  },
  "17": {
    "mean": 9.250980392156864,
    "std": 3.204973882130603,
    "p10": 5.0,
    "p90": 13.0,
    "n": 153
  },
  "18": {
    "mean": 7.109589041095891,
    "std": 3.044776845163634,
    "p10": 4.0,
    "p90": 11.0,
    "n": 146
  },
  "19": {
    "mean": 5.286666666666667,
    "std": 2.776547676924915,
    "p10": 2.0,
    "p90": 8.099999999999994,
    "n": 150
  },
  "20": {
    "mean": 3.8066666666666666,
    "std": 2.904975289355717,
    "p10": 1.0,
    "p90": 7.0,
    "n": 150
  },
  "21": {
    "mean": 2.8152866242038215,
    "std": 3.1578588495171496,
    "p10": 0.0,
    "p90": 7.0,
    "n": 157
  },
  "22": {
    "mean": 2.3642384105960264,
    "std": 3.5543090162198108,
    "p10": 0.0,
    "p90": 7.0,
    "n": 151
  },
  "23": {
    "mean": 2.5961538461538463,
    "std": 3.876777587959004,
    "p10": 0.0,
    "p90": 8.5,
    "n": 156
  }
}