{
  "0": {
    "mean": 2.5069444444444446,
    "std": 2.652341696014387,
    "p10": 0.0,
    "p90": 7.0,
    "n": 144
  },
  "1": {
    "mean": 4.326086956521739,
    "std": 2.4588972766671016,
    "p10": 2.0,
    "p90": 8.0,
    "n": 138
  },
  "2": {
    "mean": 6.3035971223021585,
    "std": 2.5074211612714077,
    "p10": 3.0,
    "p90": 9.200000000000003,
    "n": 139
  },
  "3": {
    "mean": 8.417518248175183,
    "std": 2.7636798201965473,
    "p10": 5.0,
    "p90": 12.0,
    "n": 137
  },
  "4": {
    "mean": 10.335766423357665,
    "std": 2.6796547524074086,
    "p10": 7.0,
    "p90": 14.0,
    "n": 137
  },
  "5": {
    "mean": 11.950704225352112,
    "std": 2.8217178631342574,
    "p10": 8.100000000000001,
    "p90": 15.0,
    "n": 142
  },
  "6": {
    "mean": 13.359712230215827,
    "std": 2.99760095923246,
    "p10": 10.0,
    "p90": 17.0,
    "n": 139
  },
  "7": {
    "mean": 14.852941176470589,
    "std": 3.147084274936277,
    "p10": 11.0,
    "p90": 18.5,
    "n": 136
  },
  "8": {
    "mean": 16.24264705882353,
    "std": 3.2761683209356645,
    "p10": 12.0,
    "p90": 20.0,
    "n": 136
  },
  "9": {
    "mean": 17.37226277372263,
    "std": 3.4619938561259778,
    "p10": 13.0,
    "p90": 21.400000000000006,
    "n": 137
  },
  "10": {
    "mean": 18.503703703703703,
    "std": 3.557363760775487,
    "p10": 13.4,
    "p90": 23.0,
    "n": 135
  },
  "11": {
    "mean": 19.467153284671532,
    "std": 3.6300443500987694,
    "p10": 14.0,
    "p90": 24.0,
    "n": 137
  },
  "12": {
    "mean": 20.06338028169014,
    "std": 3.6441243657931452,
    "p10": 14.100000000000001,
    "p90": 24.0,
    "n": 142
  },
  "13": {
    "mean": 20.20863309352518,
    "std": 3.5742128354911418,
    "p10": 15.0,
    "p90": 25.0,
    "n": 139
  },
  "14": {
    "mean": 17.48905109489051,
    "std": 2.8776951263150123,
    "p10": 14.0,
    "p90": 20.400000000000006,
    "n": 137
  },
  "15": {
    "mean": 14.284671532846716,
    "std": 2.425201341276181,
    "p10": 11.0,
    "p90": 17.0,
    "n": 137
  },
  "16": {
    "mean": 11.376811594202898,
    "std": 2.392820461268373,
    "p10": 9.0,
    "p90": 14.0,
    "n": 138
  },
  "17": {
    "mean": 8.627737226277372,
    "std": 2.401002545721244,
    "p10": 6.0,
    "p90": 11.0,
    "n": 137
  },
  "18": {
    "mean": 6.324137931034483,
    "std": 2.5600639060510058,
    "p10": 3.4000000000000004,
    "p90": 9.0,
    "n": 145
  },
  "19": {
    "mean": 4.385135135135135,
    "std": 2.8416811366327743,
    "p10": 2.0,
    "p90": 7.0,
    "n": 148
  },
  "20": {
    "mean": 3.0141935483870967,
    "std": 3.1733557703813564,
    "p10": 0.0,
    "p90": 5.120000000000001,
    "n": 155
  },
  "21": {
    "mean": 2.0413793103448277,
    "std": 3.435670446597653,
    "p10": 0.0,
    "p90": 5.0,
    "n": 145
  },
  "22": {
    "mean": 1.825,
    "std": 3.9326883598689935,
    "p10": 0.0,
    "p90": 4.0,
    "n": 160
  },
  "23": {
    "mean": 1.9419354838709677,
    "std": 3.8312432448234675,
    "p10": 0.0,
    "p90": 4.599999999999994,
    "n": 155
  }
}