{
  "0": {
    "mean": 3.513333333333333,
    "std": 2.9848311513781036,
    "p10": 0.0,
    "p90": 7.099999999999994,
    "n": 150
  },
  "1": {
    "mean": 4.993333333333333,
    "std": 2.9685073343657846,
    "p10": 1.0,
    "p90": 9.0,
    "n": 150
  },
  "2": {
    "mean": 6.7947019867549665,
    "std": 3.16294774073111,
    "p10": 3.0,
    "p90": 11.0,
    "n": 151
  },
  "3": {
    "mean": 8.802631578947368,
    "std": 3.4965251884075363,
    "p10": 4.100000000000001,
    "p90": 13.900000000000006,
    "n": 152
  },
  "4": {
    "mean": 10.04,
    "std": 3.698140290840554,
    "p10": 5.0,
    "p90": 15.0,
    "n": 150
  },
  "5": {
    "mean": 11.205298013245033,
    "std": 3.8493599135348933,
    "p10": 6.0,
    "p90": 16.0,
    "n": 151
  },
  "6": {
    "mean": 12.013333333333334,
    "std": 4.102686411874961,
    "p10": 6.9,
    "p90": 17.0,
    "n": 150
  },
  "7": {
    "mean": 12.88,
    "std": 4.0812552352556954,
    "p10": 7.0,
    "p90": 18.0,
    "n": 150
  },
  "8": {
    "mean": 13.893333333333333,
    "std": 4.3398367993727796,
    "p10": 8.0,
    "p90": 19.0,
    "n": 150
  },
  "9": {
    "mean": 14.72,
    "std": 4.470815129197705,
    "p10": 8.0,
    "p90": 20.0,
    "n": 150
  },
  "10": {
    "mean": 15.411258278145695,
    "std": 4.411402544110095,
    "p10": 9.0,
    "p90": 21.0,
    "n": 151
  },
  "11": {
    "mean": 15.85032679738562,
    "std": 4.595465788530419,
    "p10": 9.0,
    "p90": 21.0,
    "n": 153
  },
  "12": {
    "mean": 16.426666666666666,
    "std": 4.723703851435083,
    "p10": 8.0,
    "p90": 22.0,
    "n": 150
  },
  "13": {
    "mean": 16.407333333333334,
    "std": 4.4439249938799,
    "p10": 9.9,
    "p90": 21.0,
    "n": 150
  },
  "14": {
    "mean": 16.318543046357615,
    "std": 4.521863981051915,
    "p10": 9.0,
    "p90": 22.0,
    "n": 151
  },
  "15": {
    "mean": 13.993288590604028,
    "std": 3.731706088147204,
    "p10": 9.0,
    "p90": 18.0,
    "n": 149
  },
  "16": {
    "mean": 10.355263157894736,
    "std": 3.0370949319462417,
    "p10": 6.0,
    "p90": 14.0,
    "n": 152
  },
  "17": {
    "mean": 7.565789473684211,
    "std": 2.5544949414152844,
    "p10": 4.0,
    "p90": 10.0,
    "n": 152
  },
  "18": {
    "mean": 5.092105263157895,
    "std": 2.1847007558976577,
    "p10": 3.0,
    "p90": 7.0,
    "n": 152
  },
  "19": {
    "mean": 3.3077922077922075,
    "std": 1.8643028614349564,
    "p10": 1.0,
    "p90": 5.0,
    "n": 154
  },
  "20": {
    "mean": 2.138064516129032,
    "std": 1.8165998983309,
    "p10": 1.0,
    "p90": 4.0,
    "n": 155
  },
  "21": {
    "mean": 1.1730769230769231,
    "std": 1.6111044560295333,
    "p10": 0.0,
    "p90": 3.0,
    "n": 156
  },
  "22": {
    "mean": 0.8066666666666666,
    "std": 1.697596669383386,
    "p10": 0.0,
    "p90": 3.0,
    "n": 150
  },
  "23": {
    "mean": 1.6282051282051282,
    "std": 1.8040025345735302,
    "p10": 0.0,
    "p90": 3.0,
    "n": 156
  }
}