{
  "0": {
    "mean": 3.0460526315789473,
    "std": 2.8618032933671045,
    "p10": 0.0,
    "p90": 7.0,
    "n": 152
  },
  "1": {
    "mean": 4.618421052631579,
    "std": 2.9743588780521906,
    "p10": 1.0,
    "p90": 9.0,
    "n": 152
  },
  "2": {
    "mean": 6.178807947019868,
    "std": 3.2824504925745783,
    "p10": 2.0,
    "p90": 10.0,
    "n": 151
  },
  "3": {
    "mean": 7.830065359477124,
    "std": 3.695286559775565,
    "p10": 3.200000000000001,
    "p90": 13.0,
    "n": 153
  },
  "4": {
    "mean": 9.272727272727273,
    "std": 4.021628986233249,
    "p10": 4.0,
    "p90": 14.700000000000017,
    "n": 154
  },
  "5": {
    "mean": 10.333333333333334,
    "std": 4.258325179379018,
    "p10": 5.0,
    "p90": 16.0,
    "n": 156
  },
  "6": {
    "mean": 11.240506329113924,
    "std": 4.471324601395262,
    "p10": 5.700000000000001,
    "p90": 17.0,
    "n": 158
  },
  "7": {
    "mean": 12.357615894039736,
    "std": 4.597599911346394,
    "p10": 6.0,
    "p90": 18.0,
    "n": 151
  },
  "8": {
    "mean": 13.09044585987261,
    "std": 4.771950408100506,
    "p10": 7.0,
    "p90": 19.0,
    "n": 157
  },
  "9": {
    "mean": 14.00718954248366,
    "std": 4.73592241578248,
    "p10": 7.0,
    "p90": 20.0,
    "n": 153
  },
  "10": {
    "mean": 14.51069182389937,
    "std": 5.119181985619848,
    "p10": 8.0,
    "p90": 21.0,
    "n": 159
  },
  "11": {
    "mean": 15.301923076923076,
    "std": 5.133941090100793,
    "p10": 9.0,
    "p90": 22.0,
    "n": 156
  },
  "12": {
    "mean": 15.644654088050315,
    "std": 5.3512644643046166,
    "p10": 8.0,
    "p90": 22.0,
    "n": 159
  },
  "13": {
    "mean": 15.711320754716981,
    "std": 5.2944678690798,
    "p10": 8.8,
    "p90": 22.0,
    "n": 159
  },
  "14": {
    "mean": 15.814102564102564,
    "std": 5.0094162781183655,
    "p10": 9.0,
    "p90": 22.0,
    "n": 156
  },
  "15": {
    "mean": 13.611464968152866,
    "std": 4.356912694182248,
    "p10": 8.0,
    "p90": 19.0,
    "n": 157
  },
  "16": {
    "mean": 10.280254777070065,
    "std": 3.212225035432962,
    "p10": 6.0,
    "p90": 14.0,
    "n": 157
  },
  "17": {
    "mean": 7.633986928104576,
    "std": 2.622653422301967,
    "p10": 4.0,
    "p90": 11.0,
    "n": 153
  },
  "18": {
    "mean": 5.210191082802548,
    "std": 2.43645351535466,
    "p10": 2.0,
    "p90": 8.0,
    "n": 157
  },
  "19": {
    "mean": 3.625,
    "std": 2.253578565792916,
    "p10": 1.0,
    "p90": 6.0,
    "n": 160
  },
  "20": {
    "mean": 2.4390243902439024,
    "std": 2.2131650765008946,
    "p10": 0.0,
    "p90": 5.0,
    "n": 164
  },
  "21": {
    "mean": 1.645508982035928,
    "std": 2.349639977211234,
    "p10": 0.0,
    "p90": 5.0,
    "n": 167
  },
  "22": {
    "mean": 1.048780487804878,
    "std": 2.095290887308737,
    "p10": 0.0,
    "p90": 3.0,
    "n": 164
  },
  "23": {
    "mean": 1.4640522875816993,
    "std": 2.2213857214729282,
    "p10": 0.0,
    "p90": 3.0,
    "n": 153
  }
}