{
  "0": {
    "mean": 3.595419847328244,
    "std": 3.995725843283042,
    "p10": 0.0,
    "p90": 8.0,
    "n": 131
  },
  "1": {
    "mean": 5.171875,
    "std": 3.6025130664163854,
    "p10": 2.0,
    "p90": 10.299999999999997,
    "n": 128
  },
  "2": {
    "mean": 6.808,
    "std": 3.5096548860756718,
    "p10": 3.0,
    "p90": 11.0,
    "n": 125
  },
  "3": {
    "mean": 8.494399999999999,
    "std": 3.5290111929547634,
    "p10": 4.4,
    "p90": 13.0,
    "n": 125
  },
  "4": {
    "mean": 10.049180327868852,
    "std": 3.796153901852763,
    "p10": 6.0,
    "p90": 15.0,
    "n": 122
  },
  "5": {
    "mean": 11.48,
    "std": 3.9443712447142993,
    "p10": 7.0,
    "p90": 17.60000000000001,
    "n": 125
  },
  "6": {
    "mean": 12.693548387096774,
    "std": 4.110619638284207,
    "p10": 8.0,
    "p90": 19.0,
    "n": 124
  },
  "7": {
    "mean": 13.798387096774194,
    "std": 4.363521809346799,
    "p10": 9.0,
    "p90": 20.0,
    "n": 124
  },
  "8": {
    "mean": 14.870967741935484,
    "std": 4.674733576922978,
    "p10": 9.0,
    "p90": 22.0,
    "n": 124
  },
  "9": {
    "mean": 15.71311475409836,
    "std": 4.797519173294425,
    "p10": 10.0,
    "p90": 23.0,
    "n": 122
  },
  "10": {
    "mean": 16.475409836065573,
    "std": 4.999525787023113,
    "p10": 11.0,
    "p90": 24.900000000000006,
    "n": 122
  },
  "11": {
    "mean": 17.229508196721312,
    "std": 5.110007820093807,
    "p10": 11.0,
    "p90": 25.0,
    "n": 122
  },
  "12": {
    "mean": 17.717741935483872,
    "std": 5.136447926214664,
    "p10": 11.0,
    "p90": 25.0,
    "n": 124
  },
  "13": {
    "mean": 17.97936507936508,
    "std": 5.230301214428362,
    "p10": 12.0,
    "p90": 25.5,
    "n": 126
  },
  "14": {
    "mean": 16.422764227642276,
    "std": 4.450102467196225,
    "p10": 11.0,
    "p90": 22.799999999999997,
    "n": 123
  },
  "15": {
    "mean": 13.666666666666666,
    "std": 3.7116034270918536,
    "p10": 9.0,
    "p90": 18.5,
    "n": 126
  },
  "16": {
    "mean": 11.153225806451612,
    "std": 3.2611144656931326,
    "p10": 7.0,
    "p90": 15.0,
    "n": 124
  },
  "17": {
    "mean": 8.965151515151517,
    "std": 3.195655085776559,
    "p10": 5.0,
    "p90": 13.0,
    "n": 132
  },
  "18": {
    "mean": 6.9140625,
    "std": 3.1623457448919496,
    "p10": 3.700000000000001,
    "p90": 11.0,
    "n": 128
  },
  "19": {
    "mean": 5.24031007751938,
    "std": 2.922903077951917,
    "p10": 2.0,
    "p90": 9.0,
    "n": 129
  },
  "20": {
    "mean": 3.868217054263566,
    "std": 3.0653809025175622,
    "p10": 1.0,
    "p90": 7.200000000000003,
    "n": 129
  },
  "21": {
    "mean": 2.911764705882353,
    "std": 3.3454681081644013,
    "p10": 0.0,
    "p90": 7.0,
    "n": 136
  },
  "22": {
    "mean": 2.5307692307692307,
    "std": 3.739975669486131,
    "p10": 0.0,
    "p90": 8.0,
    "n": 130
  },
  "23": {
    "mean": 2.8507462686567164,
    "std": 4.071739135709909,
    "p10": 0.0,
    "p90": 9.0,
    "n": 134
  }
}