{
  "0": {
    "mean": 2.857142857142857,
    "std": 3.033319389446449,
    "p10": 0.0,
    "p90": 7.300000000000011,
    "n": 168
  },
  "1": {
    "mean": 4.215189873417722,
    "std": 2.718986726194456,
    "p10": 1.0,
    "p90": 9.0,
    "n": 158
  },
  "2": {
    "mean": 6.247204968944099,
    "std": 2.776464976183772,
    "p10": 3.0,
    "p90": 10.0,
    "n": 161
  },
  "3": {
    "mean": 8.278481012658228,
    "std": 2.955882438474683,
    "p10": 5.0,
    "p90": 13.0,
    "n": 158
  },
  "4": {
    "mean": 10.342675159235668,
    "std": 3.0609241905366265,
    "p10": 6.600000000000001,
    "p90": 15.0,
    "n": 157
  },
  "5": {
    "mean": 12.197368421052632,
    "std": 3.1116943994474227,
    "p10": 9.0,
    "p90": 17.0,
    "n": 152
  },
  "6": {
    "mean": 13.950000000000001,
    "std": 3.140190233407326,
    "p10": 10.0,
    "p90": 18.0,
    "n": 152
  },
  "7": {
    "mean": 15.506493506493506,
    "std": 3.3042787734051524,
    "p10": 12.0,
    "p90": 20.0,
    "n": 154
  },
  "8": {
    "mean": 17.14569536423841,
    "std": 3.468712250953039,
    "p10": 13.0,
    "p90": 22.0,
    "n": 151
  },
  "9": {
    "mean": 18.522875816993466,
    "std": 3.4585610167879857,
    "p10": 14.0,
    "p90": 23.0,
    "n": 153
  },
  "10": {
    "mean": 19.74342105263158,
    "std": 3.5406751152671068,
    "p10": 15.0,
    "p90": 24.0,
    "n": 152
  },
  "11": {
    "mean": 20.94701986754967,
    "std": 3.652922263011164,
    "p10": 17.0,
    "p90": 26.0,
    "n": 151
  },
  "12": {
    "mean": 21.751633986928105,
    "std": 3.6405628645054646,
    "p10": 17.0,
    "p90": 26.0,
    "n": 153
  },
  "13": {
    "mean": 19.81699346405229,
    "std": 3.2675395308218267,
    "p10": 16.0,
    "p90": 24.0,
    "n": 153
  },
  "14": {
    "mean": 16.94078947368421,
    "std": 3.1919467219731206,
    "p10": 14.0,
    "p90": 20.0,
    "n": 152
  },
  "15": {
    "mean": 13.967532467532468,
    "std": 3.341986476640817,
    "p10": 11.0,
    "p90": 18.0,
    "n": 154
  },
  "16": {
    "mean": 11.31948051948052,
    "std": 3.33384462592577,
    "p10": 8.0,
    "p90": 15.0,
    "n": 154
  },
  "17": {
    "mean": 8.93167701863354,
    "std": 3.493072114204208,
    "p10": 6.0,
    "p90": 14.0,
    "n": 161
  },
  "18": {
    "mean": 6.742331288343558,
    "std": 3.2118395118785714,
    "p10": 4.0,
    "p90": 10.0,
    "n": 163
  },
  "19": {
    "mean": 5.103658536585366,
    "std": 3.4242349957326663,
    "p10": 2.0,
    "p90": 8.700000000000017,
    "n": 164
  },
  "20": {
    "mean": 3.904494382022472,
    "std": 3.786219739053404,
    "p10": 1.0,
    "p90": 8.300000000000011,
    "n": 178
  },
  "21": {
    "mean": 2.668711656441718,
    "std": 3.4229710845951384,
    "p10": 0.0,
    "p90": 7.0,
    "n": 163
  },
  "22": {
    "mean": 2.1341463414634148,
    "std": 3.4809285663417824,
    "p10": 0.0,
    "p90": 6.700000000000017,
    "n": 164
  },
  "23": {
    "mean": 2.0920245398773005,
    "std": 3.5290851749757484,
    "p10": 0.0,
    "p90": 7.0,
    "n": 163
  }
}