{
  "0": {
    "mean": 3.6666666666666665,
    "std": 3.4985115882805538,
    "p10": 0.0,
    "p90": 8.0,
    "n": 129
  },
  "1": {
    "mean": 5.712,
    "std": 4.803923127960611,
    "p10": 2.0,
    "p90": 10.0,
    "n": 125
  },
  "2": {
    "mean": 7.338461538461538,
    "std": 3.2979999721556554,
    "p10": 3.0,
    "p90": 12.0,
    "n": 130
  },
  "3": {
    "mean": 9.204724409448819,
    "std": 3.145514777758621,
    "p10": 5.0,
    "p90": 13.0,
    "n": 127
  },
  "4": {
    "mean": 11.238095238095237,
    "std": 3.515516625313717,
    "p10": 7.0,
    "p90": 16.0,
    "n": 126
  },
  "5": {
    "mean": 12.968253968253968,
    "std": 3.6593693619234626,
    "p10": 9.0,
    "p90": 18.0,
    "n": 126
  },
  "6": {
    "mean": 14.608,
    "std": 3.728478025561741,
    "p10": 10.0,
    "p90": 20.0,
    "n": 125
  },
  "7": {
    "mean": 16.184,
    "std": 3.770394006962925,
    "p10": 12.0,
    "p90": 22.0,
    "n": 125
  },
  "8": {
    "mean": 17.488188976377952,
    "std": 3.8931485232806082,
    "p10": 13.0,
    "p90": 23.0,
    "n": 127
  },
  "9": {
    "mean": 18.910569105691057,
    "std": 3.763517996004647,
    "p10": 14.0,
    "p90": 24.0,
    "n": 123
  },
  "10": {
    "mean": 20.008130081300813,
    "std": 4.017371979576253,
    "p10": 15.0,
    "p90": 25.799999999999997,
    "n": 123
  },
  "11": {
    "mean": 21.06451612903226,
    "std": 4.053989173548683,
    "p10": 16.0,
    "p90": 27.0,
    "n": 124
  },
  "12": {
    "mean": 21.768,
    "std": 4.223849337489021,
    "p10": 16.4,
    "p90": 27.0,
    "n": 125
  },
  "13": {
    "mean": 21.04,
    "std": 3.9090465795754232,
    "p10": 16.0,
    "p90": 26.0,
    "n": 125
  },
  "14": {
    "mean": 18.136,
    "std": 3.365728603476232,
    "p10": 14.0,
    "p90": 22.60000000000001,
    "n": 125
  },
  "15": {
    "mean": 15.077519379844961,
    "std": 3.270637368839537,
    "p10": 11.0,
    "p90": 19.0,
    "n": 129
  },
  "16": {
    "mean": 12.3046875,
    "std": 3.3639089414164784,
    "p10": 8.700000000000001,
    "p90": 16.299999999999997,
    "n": 128
  },
  "17": {
    "mean": 9.736434108527131,
    "std": 3.5256191385453874,
    "p10": 6.0,
    "p90": 14.0,
    "n": 129
  },
  "18": {
    "mean": 7.860294117647059,
    "std": 4.2742515812152115,
    "p10": 4.0,
    "p90": 12.0,
    "n": 136
  },
  "19": {
    "mean": 5.798507462686567,
    "std": 4.098009512691412,
    "p10": 2.0,
    "p90": 9.0,
    "n": 134
  },
  "20": {
    "mean": 4.18796992481203,
    "std": 4.267833131162959,
    "p10": 1.0,
    "p90": 7.0,
    "n": 133
  },
  "21": {
    "mean": 3.1838235294117645,
    "std": 4.513686521356121,
    "p10": 0.0,
    "p90": 7.5,
    "n": 136
  },
  "22": {
    "mean": 2.5944055944055946,
    "std": 4.717718716781738,
    "p10": 0.0,
    "p90": 7.0,
    "n": 143
  },
  "23": {
    "mean": 2.3233082706766917,
    "std": 4.1479254986231435,
    "p10": 0.0,
    "p90": 7.799999999999997,
    "n": 133
  }
}