{
  "0": {
    "mean": 2.9315068493150687,
    "std": 3.0072499391478065,
    "p10": 0.0,
    "p90": 7.0,
    "n": 146
  },
  "1": {
    "mean": 4.099280575539568,
    "std": 2.910587778749915,
    "p10": 1.0,
    "p90": 7.0,
    "n": 139
  },
  "2": {
    "mean": 5.9393939393939394,
    "std": 2.519413404881342,
    "p10": 3.0,
    "p90": 9.0,
    "n": 132
  },
  "3": {
    "mean": 7.827067669172933,
    "std": 2.5951915857212375,
    "p10": 5.0,
    "p90": 11.0,
    "n": 133
  },
  "4": {
    "mean": 9.902985074626866,
    "std": 2.8120829595166867,
    "p10": 6.0,
    "p90": 13.0,
    "n": 134
  },
  "5": {
    "mean": 11.552592592592593,
    "std": 2.7480476008181913,
    "p10": 8.0,
    "p90": 15.0,
    "n": 135
  },
  "6": {
    "mean": 12.976470588235294,
    "std": 3.0137520676151293,
    "p10": 9.0,
    "p90": 17.0,
    "n": 136
  },
  "7": {
    "mean": 14.31060606060606,
    "std": 3.021886008726005,
    "p10": 10.0,
    "p90": 18.0,
    "n": 132
  },
  "8": {
    "mean": 15.529850746268657,
    "std": 3.1520140321322874,
    "p10": 11.3,
    "p90": 19.0,
    "n": 134
  },
  "9": {
    "mean": 16.65891472868217,
    "std": 3.212514893036995,
    "p10": 13.0,
    "p90": 20.200000000000003,
    "n": 129
  },
  "10": {
    "mean": 17.870229007633586,
    "std": 3.433762113898456,
    "p10": 14.0,
    "p90": 22.0,
    "n": 131
  },
  "11": {
    "mean": 18.734848484848484,
    "std": 3.4791853229195864,
    "p10": 15.0,
    "p90": 23.0,
    "n": 132
  },
  "12": {
    "mean": 19.49624060150376,
    "std": 3.587909115412518,
    "p10": 15.0,
    "p90": 24.0,
    "n": 133
  },
  "13": {
    "mean": 19.0,
    "std": 3.2612357956346365,
    "p10": 15.0,
    "p90": 22.0,
    "n": 130
  },
  "14": {
    "mean": 16.740458015267176,
    "std": 2.7834339230513363,
    "p10": 14.0,
    "p90": 20.0,
    "n": 131
  },
  "15": {
    "mean": 13.889705882352942,
    "std": 2.5434674323687916,
    "p10": 11.0,
    "p90": 17.0,
    "n": 136
  },
  "16": {
    "mean": 11.164285714285715,
    "std": 2.42175604961012,
    "p10": 8.0,
    "p90": 14.0,
    "n": 140
  },
  "17": {
    "mean": 8.507575757575758,
    "std": 2.3264040728659996,
    "p10": 6.0,
    "p90": 12.0,
    "n": 132
  },
  "18": {
    "mean": 6.206569343065693,
    "std": 2.2030127893263796,
    "p10": 3.6000000000000014,
    "p90": 9.0,
    "n": 137
  },
  "19": {
    "mean": 4.008391608391609,
    "std": 2.066210265110352,
    "p10": 2.0,
    "p90": 7.0,
    "n": 143
  },
  "20": {
    "mean": 2.73943661971831,
    "std": 2.2429703503186023,
    "p10": 0.0,
    "p90": 6.0,
    "n": 142
  },
  "21": {
    "mean": 1.9826666666666666,
    "std": 2.399545445395651,
    "p10": 0.0,
    "p90": 5.0,
    "n": 150
  },
  "22": {
    "mean": 1.7516778523489933,
    "std": 2.5492607308586632,
    "p10": 0.0,
    "p90": 4.200000000000017,
    "n": 149
  },
  "23": {
    "mean": 1.8452054794520547,
    "std": 2.8921554351271106,
    "p10": 0.0,
    "p90": 6.0,
    "n": 146
  }
}