{
  "0": {
    "mean": 3.4214285714285713,
    "std": 3.166978582211283,
    "p10": 0.0,
    "p90": 8.0,
    "n": 140
  },
  "1": {
    "mean": 5.586206896551724,
    "std": 3.41684187944347,
    "p10": 2.0,
    "p90": 10.0,
    "n": 145
  },
  "2": {
    "mean": 6.894202898550724,
    "std": 3.258694560081376,
    "p10": 3.0,
    "p90": 11.0,
    "n": 138
  },
  "3": {
    "mean": 8.76923076923077,
    "std": 3.7373115058074777,
    "p10": 4.0,
    "p90": 13.0,
    "n": 143
  },
  "4": {
    "mean": 10.357142857142858,
    "std": 3.9366776127754,
    "p10": 6.0,
    "p90": 15.100000000000009,
    "n": 140
  },
  "5": {
    "mean": 11.602836879432624,
    "std": 4.330752875200658,
    "p10": 7.0,
    "p90": 17.0,
    "n": 141
  },
  "6": {
    "mean": 12.815602836879433,
    "std": 4.421704320539491,
    "p10": 8.0,
    "p90": 18.0,
    "n": 141
  },
  "7": {
    "mean": 13.755395683453237,
    "std": 4.518627671976554,
    "p10": 8.0,
    "p90": 20.0,
    "n": 139
  },
  "8": {
    "mean": 14.843971631205674,
    "std": 5.008968653387447,
    "p10": 9.0,
    "p90": 21.0,
    "n": 141
  },
  "9": {
    "mean": 15.646478873239438,
    "std": 5.234293113035181,
    "p10": 10.0,
    "p90": 22.0,
    "n": 142
  },
  "10": {
    "mean": 16.338028169014084,
    "std": 5.248285534233658,
    "p10": 10.0,
    "p90": 23.0,
    "n": 142
  },
  "11": {
    "mean": 17.093571428571426,
    "std": 5.4556315134628175,
    "p10": 10.0,
    "p90": 24.0,
    "n": 140
  },
  "12": {
    "mean": 17.650714285714287,
    "std": 5.769636428935237,
    "p10": 10.0,
    "p90": 25.0,
    "n": 140
  },
  "13": {
    "mean": 17.986131386861313,
    "std": 5.905620235416727,
    "p10": 10.0,
    "p90": 25.0,
    "n": 137
  },
  "14": {
    "mean": 17.71086956521739,
    "std": 5.606092681248303,
    "p10": 10.0,
    "p90": 24.369999999999997,
    "n": 138
  },
  "15": {
    "mean": 14.984397163120569,
    "std": 4.49635223086358,
    "p10": 9.0,
    "p90": 20.0,
    "n": 141
  },
  "16": {
    "mean": 11.510948905109489,
    "std": 3.4981440211858565,
    "p10": 7.0,
    "p90": 16.0,
    "n": 137
  },
  "17": {
    "mean": 9.021897810218977,
    "std": 3.0928455232450465,
    "p10": 5.0,
    "p90": 12.0,
    "n": 137
  },
  "18": {
    "mean": 6.7913669064748206,
    "std": 2.6415707342629036,
    "p10": 3.0,
    "p90": 10.0,
    "n": 139
  },
  "19": {
    "mean": 5.134751773049645,
    "std": 3.4084346179861087,
    "p10": 2.0,
    "p90": 8.0,
    "n": 141
  },
  "20": {
    "mean": 4.178082191780822,
    "std": 4.497792457006147,
    "p10": 1.0,
    "p90": 7.0,
    "n": 146
  },
  "21": {
    "mean": 2.5985915492957745,
    "std": 4.082586892240509,
    "p10": 0.0,
    "p90": 6.0,
    "n": 142
  },
  "22": {
    "mean": 1.7746478873239437,
    "std": 3.6112400695157842,
    "p10": 0.0,
    "p90": 5.0,
    "n": 142
  },
  "23": {
    "mean": 1.8611111111111112,
    "std": 3.578512233561565,
    "p10": 0.0,
    "p90": 5.0,
    "n": 144
  }
}