{
  "0": {
    "mean": 3.3544303797468356,
    "std": 2.7740286631151743,
    "p10": 0.0,
    "p90": 7.0,
    "n": 158
  },
  "1": {
    "mean": 5.033557046979865,
    "std": 2.962413432154169,
    "p10": 1.0,
    "p90": 9.0,
    "n": 149
  },
  "2": {
    "mean": 6.985135135135135,
    "std": 3.46724939238025,
    "p10": 3.0,
    "p90": 11.0,
    "n": 148
  },
  "3": {
    "mean": 8.945945945945946,
    "std": 4.019990496119986,
    "p10": 4.0,
    "p90": 14.0,
    "n": 148
  },
  "4": {
    "mean": 10.443708609271523,
    "std": 4.177137395536811,
    "p10": 5.0,
    "p90": 16.0,
    "n": 151
  },
  "5": {
    "mean": 11.589403973509933,
    "std": 4.484449461831121,
    "p10": 6.0,
    "p90": 18.0,
    "n": 151
  },
  "6": {
    "mean": 12.653061224489797,
    "std": 4.608885196715131,
    "p10": 7.0,
    "p90": 18.0,
    "n": 147
  },
  "7": {
    "mean": 13.45945945945946,
    "std": 4.795659004147351,
    "p10": 7.0,
    "p90": 19.30000000000001,
    "n": 148
  },
  "8": {
    "mean": 14.693877551020408,
    "std": 4.812387333529715,
    "p10": 9.0,
    "p90": 21.0,
    "n": 147
  },
  "9": {
    "mean": 15.58904109589041,
    "std": 4.898516640888149,
    "p10": 10.0,
    "p90": 22.0,
    "n": 146
  },
  "10": {
    "mean": 16.34246575342466,
    "std": 5.010937493901176,
    "p10": 10.5,
    "p90": 23.0,
    "n": 146
  },
  "11": {
    "mean": 17.01360544217687,
    "std": 5.1043714740041946,
    "p10": 10.600000000000001,
    "p90": 23.0,
    "n": 147
  },
  "12": {
    "mean": 17.34931506849315,
    "std": 5.039967796494578,
    "p10": 11.0,
    "p90": 24.0,
    "n": 146
  },
  "13": {
    "mean": 17.551020408163264,
    "std": 5.112680547060709,
    "p10": 11.0,
    "p90": 24.0,
    "n": 147
  },
  "14": {
    "mean": 16.71917808219178,
    "std": 4.632334855809099,
    "p10": 11.0,
    "p90": 23.0,
    "n": 146
  },
  "15": {
    "mean": 13.39041095890411,
    "std": 3.4268177409877025,
    "p10": 9.0,
    "p90": 18.0,
    "n": 146
  },
  "16": {
    "mean": 10.219178082191782,
    "std": 2.785413114125781,
    "p10": 7.0,
    "p90": 13.0,
    "n": 146
  },
  "17": {
    "mean": 7.513698630136986,
    "std": 2.4473386005600477,
    "p10": 4.0,
    "p90": 10.0,
    "n": 146
  },
  "18": {
    "mean": 5.390410958904109,
    "std": 2.2294990551342684,
    "p10": 3.0,
    "p90": 8.0,
    "n": 146
  },
  "19": {
    "mean": 3.6027397260273974,
    "std": 2.112293906061222,
    "p10": 1.0,
    "p90": 5.0,
    "n": 146
  },
  "20": {
    "mean": 2.56875,
    "std": 2.3887100147550755,
    "p10": 1.0,
    "p90": 5.0,
    "n": 160
  },
  "21": {
    "mean": 1.34640522875817,
    "std": 2.1192111908800944,
    "p10": 0.0,
    "p90": 3.8000000000000114,
    "n": 153
  },
  "22": {
    "mean": 1.119205298013245,
    "std": 2.256626249715507,
    "p10": 0.0,
    "p90": 3.0,
    "n": 151
  },
  "23": {
    "mean": 1.8874172185430464,
    "std": 2.3538423803294215,
    "p10": 0.0,
    "p90": 4.0,
    "n": 151
  }
}