{
  "0": {
    "mean": 3.0476190476190474,
    "std": 3.1026539225295986,
    "p10": 0.0,
    "p90": 7.0,
    "n": 168
  },
  "1": {
    "mean": 4.222360248447204,
    "std": 2.9564331371451504,
    "p10": 1.0,
    "p90": 8.0,
    "n": 161
  },
  "2": {
    "mean": 6.098039215686274,
    "std": 2.589870718888739,
    "p10": 3.0,
    "p90": 9.0,
    "n": 153
  },
  "3": {
    "mean": 8.094936708860759,
    "std": 2.7664688677027804,
    "p10": 4.700000000000001,
    "p90": 12.0,
    "n": 158
  },
  "4": {
    "mean": 10.044585987261147,
    "std": 2.7719842681052334,
    "p10": 6.0,
    "p90": 13.0,
    "n": 157
  },
  "5": {
    "mean": 11.586075949367087,
    "std": 2.7355752164573346,
    "p10": 8.0,
    "p90": 15.0,
    "n": 158
  },
  "6": {
    "mean": 12.948101265822784,
    "std": 2.984903022440458,
    "p10": 9.0,
    "p90": 17.0,
    "n": 158
  },
  "7": {
    "mean": 14.27450980392157,
    "std": 2.993930909527085,
    "p10": 10.0,
    "p90": 18.0,
    "n": 153
  },
  "8": {
    "mean": 15.470967741935484,
    "std": 3.1485095988035114,
    "p10": 11.0,
    "p90": 19.0,
    "n": 155
  },
  "9": {
    "mean": 16.56,
    "std": 3.350808777457652,
    "p10": 12.9,
    "p90": 21.0,
    "n": 150
  },
  "10": {
    "mean": 17.65359477124183,
    "std": 3.65865998880146,
    "p10": 14.0,
    "p90": 22.0,
    "n": 153
  },
  "11": {
    "mean": 18.710526315789473,
    "std": 3.6149644442342366,
    "p10": 15.0,
    "p90": 23.0,
    "n": 152
  },
  "12": {
    "mean": 19.437908496732025,
    "std": 3.709571661610637,
    "p10": 14.200000000000001,
    "p90": 24.0,
    "n": 153
  },
  "13": {
    "mean": 18.807947019867548,
    "std": 3.543473308846522,
    "p10": 14.0,
    "p90": 22.0,
    "n": 151
  },
  "14": {
    "mean": 16.5,
    "std": 2.992263755771867,
    "p10": 13.0,
    "p90": 20.0,
    "n": 152
  },
  "15": {
    "mean": 13.753164556962025,
    "std": 2.708059941712473,
    "p10": 11.0,
    "p90": 17.0,
    "n": 158
  },
  "16": {
    "mean": 11.067901234567902,
    "std": 2.4825516406652848,
    "p10": 8.0,
    "p90": 14.0,
    "n": 162
  },
  "17": {
    "mean": 8.36774193548387,
    "std": 2.2707037493662265,
    "p10": 6.0,
    "p90": 11.599999999999994,
    "n": 155
  },
  "18": {
    "mean": 6.127672955974843,
    "std": 2.209442106960677,
    "p10": 3.8000000000000007,
    "p90": 9.0,
    "n": 159
  },
  "19": {
    "mean": 4.126190476190477,
    "std": 2.307972075486643,
    "p10": 2.0,
    "p90": 7.0,
    "n": 168
  },
  "20": {
    "mean": 2.687116564417178,
    "std": 2.2236702848470116,
    "p10": 0.0,
    "p90": 5.800000000000011,
    "n": 163
  },
  "21": {
    "mean": 1.967251461988304,
    "std": 2.377315104689141,
    "p10": 0.0,
    "p90": 5.0,
    "n": 171
  },
  "22": {
    "mean": 1.9039548022598871,
    "std": 2.733802745717224,
    "p10": 0.0,
    "p90": 5.800000000000011,
    "n": 177
  },
  "23": {
    "mean": 2.482285714285714,
    "std": 4.159641262794132,
    "p10": 0.0,
    "p90": 8.0,
    "n": 175
  }
}