{
  "0": {
    "mean": 2.7910828025477707,
    "std": 3.20403143083311,
    "p10": 0.0,
    "p90": 7.0,
    "n": 157
  },
  "1": {
    "mean": 3.9721518987341775,
    "std": 2.913659318874008,
    "p10": 1.0,
    "p90": 7.0,
    "n": 158
  },
  "2": {
    "mean": 6.0608108108108105,
    "std": 2.7230094179959385,
    "p10": 3.0,
    "p90": 10.0,
    "n": 148
  },
  "3": {
    "mean": 8.46092715231788,
    "std": 2.914423293665117,
    "p10": 5.0,
    "p90": 12.0,
    "n": 151
  },
  "4": {
    "mean": 10.248979591836735,
    "std": 2.7349179784585353,
    "p10": 7.0,
    "p90": 14.0,
    "n": 147
  },
  "5": {
    "mean": 12.52108843537415,
    "std": 2.7046948348491857,
    "p10": 9.600000000000001,
    "p90": 16.0,
    "n": 147
  },
  "6": {
    "mean": 14.284931506849315,
    "std": 2.71789326287472,
    "p10": 11.0,
    "p90": 18.0,
    "n": 146
  },
  "7": {
    "mean": 15.824827586206895,
    "std": 2.8967302216484514,
    "p10": 12.4,
    "p90": 19.0,
    "n": 145
  },
  "8": {
    "mean": 17.466206896551725,
    "std": 3.0580544988616,
    "p10": 13.0,
    "p90": 21.0,
    "n": 145
  },
  "9": {
    "mean": 18.81917808219178,
    "std": 3.2242468261059396,
    "p10": 15.0,
    "p90": 23.0,
    "n": 146
  },
  "10": {
    "mean": 20.321379310344827,
    "std": 3.425176114833296,
    "p10": 16.0,
    "p90": 24.599999999999994,
    "n": 145
  },
  "11": {
    "mean": 21.4013698630137,
    "std": 3.7083686589299316,
    "p10": 17.0,
    "p90": 26.0,
    "n": 146
  },
  "12": {
    "mean": 21.997278911564624,
    "std": 3.4686056884107663,
    "p10": 18.0,
    "p90": 26.0,
    "n": 147
  },
  "13": {
    "mean": 20.113698630136987,
    "std": 3.1719379507995185,
    "p10": 17.0,
    "p90": 23.5,
    "n": 146
  },
  "14": {
    "mean": 17.23537414965986,
    "std": 3.3517691652521937,
    "p10": 14.0,
    "p90": 21.0,
    "n": 147
  },
  "15": {
    "mean": 14.132432432432433,
    "std": 2.891183318608167,
    "p10": 11.0,
    "p90": 18.0,
    "n": 148
  },
  "16": {
    "mean": 11.351020408163265,
    "std": 2.7504013990225253,
    "p10": 8.0,
    "p90": 14.400000000000006,
    "n": 147
  },
  "17": {
    "mean": 8.772789115646258,
    "std": 3.0340207470581597,
    "p10": 6.0,
    "p90": 12.0,
    "n": 147
  },
  "18": {
    "mean": 6.714473684210526,
    "std": 3.356882973431774,
    "p10": 4.0,
    "p90": 10.0,
    "n": 152
  },
  "19": {
    "mean": 4.801226993865031,
    "std": 3.0881291577700085,
    "p10": 2.0,
    "p90": 8.0,
    "n": 163
  },
  "20": {
    "mean": 3.393865030674847,
    "std": 2.877792647999626,
    "p10": 1.0,
    "p90": 6.800000000000011,
    "n": 163
  },
  "21": {
    "mean": 2.3623529411764705,
    "std": 2.7420018804817143,
    "p10": 0.0,
    "p90": 6.0,
    "n": 170
  },
  "22": {
    "mean": 1.8447058823529414,
    "std": 2.7413772672266306,
    "p10": 0.0,
    "p90": 6.0,
    "n": 170
  },
  "23": {
    "mean": 1.7204819277108434,
    "std": 2.688235155485205,
    "p10": 0.0,
    "p90": 5.0,
    "n": 166
  }
}