{
  "0": {
    "mean": 3.5714285714285716,
    "std": 3.4581666964004762,
    "p10": 0.0,
    "p90": 8.0,
    "n": 154
  },
  "1": {
    "mean": 5.64625850340136,
    "std": 4.585269327905464,
    "p10": 2.0,
    "p90": 10.0,
    "n": 147
  },
  "2": {
    "mean": 7.25,
    "std": 3.279981424596085,
    "p10": 3.0,
    "p90": 12.0,
    "n": 152
  },
  "3": {
    "mean": 9.10135135135135,
    "std": 3.137961262111942,
    "p10": 5.0,
    "p90": 13.0,
    "n": 148
  },
  "4": {
    "mean": 11.136054421768707,
    "std": 3.490965748905551,
    "p10": 7.0,
    "p90": 16.0,
    "n": 147
  },
  "5": {
    "mean": 12.858108108108109,
    "std": 3.6459093378466982,
    "p10": 8.0,
    "p90": 18.0,
    "n": 148
  },
  "6": {
    "mean": 14.479452054794521,
    "std": 3.736528313236289,
    "p10": 10.0,
    "p90": 20.0,
    "n": 146
  },
  "7": {
    "mean": 16.04794520547945,
    "std": 3.7752957258559885,
    "p10": 11.5,
    "p90": 22.0,
    "n": 146
  },
  "8": {
    "mean": 17.486486486486488,
    "std": 3.8974725570745816,
    "p10": 13.0,
    "p90": 23.0,
    "n": 148
  },
  "9": {
    "mean": 18.875,
    "std": 3.8519362127912484,
    "p10": 14.0,
    "p90": 24.0,
    "n": 144
  },
  "10": {
    "mean": 19.979166666666668,
    "std": 4.075285823774149,
    "p10": 15.0,
    "p90": 26.0,
    "n": 144
  },
  "11": {
    "mean": 21.06896551724138,
    "std": 4.147715523188962,
    "p10": 16.0,
    "p90": 27.0,
    "n": 145
  },
  "12": {
    "mean": 21.727891156462587,
    "std": 4.3060292600111225,
    "p10": 16.0,
    "p90": 27.400000000000006,
    "n": 147
  },
  "13": {
    "mean": 21.034246575342465,
    "std": 4.011044035662369,
    "p10": 16.0,
    "p90": 26.0,
    "n": 146
  },
  "14": {
    "mean": 18.15068493150685,
    "std": 3.4045455735114203,
    "p10": 14.0,
    "p90": 23.0,
    "n": 146
  },
  "15": {
    "mean": 15.126666666666667,
    "std": 3.3242987183284374,
    "p10": 11.0,
    "p90": 19.0,
    "n": 150
  },
  "16": {
    "mean": 12.36241610738255,
    "std": 3.4134368134973276,
    "p10": 8.0,
    "p90": 17.0,
    "n": 149
  },
  "17": {
    "mean": 9.748344370860927,
    "std": 3.5085011862548146,
    "p10": 6.0,
    "p90": 14.0,
    "n": 151
  },
  "18": {
    "mean": 7.904458598726115,
    "std": 4.153749371305532,
    "p10": 4.0,
    "p90": 12.0,
    "n": 157
  },
  "19": {
    "mean": 5.838709677419355,
    "std": 4.0024081565389,
    "p10": 2.0,
    "p90": 9.599999999999994,
    "n": 155
  },
  "20": {
    "mean": 4.211538461538462,
    "std": 4.148858553299376,
    "p10": 1.0,
    "p90": 8.0,
    "n": 156
  },
  "21": {
    "mean": 3.20625,
    "std": 4.314808310309619,
    "p10": 0.0,
    "p90": 8.0,
    "n": 160
  },
  "22": {
    "mean": 2.581818181818182,
    "std": 4.541237511678101,
    "p10": 0.0,
    "p90": 7.0,
    "n": 165
  },
  "23": {
    "mean": 2.2884615384615383,
    "std": 4.012897939884653,
    "p10": 0.0,
    "p90": 7.5,
    "n": 156
  }
}