{
  "0": {
    "mean": 3.4565217391304346,
    "std": 3.1740728060893764,
    "p10": 0.0,
    "p90": 8.0,
    "n": 138
  },
  "1": {
    "mean": 5.615384615384615,
    "std": 3.4312628088948975,
    "p10": 2.0,
    "p90": 10.0,
    "n": 143
  },
  "2": {
    "mean": 6.922058823529412,
    "std": 3.2745187076705706,
    "p10": 3.0,
    "p90": 11.0,
    "n": 136
  },
  "3": {
    "mean": 8.75177304964539,
    "std": 3.760995362873265,
    "p10": 4.0,
    "p90": 13.0,
    "n": 141
  },
  "4": {
    "mean": 10.318840579710145,
    "std": 3.9522432090091293,
    "p10": 6.0,
    "p90": 15.299999999999997,
    "n": 138
  },
  "5": {
    "mean": 11.582733812949641,
    "std": 4.358731501044337,
    "p10": 7.0,
    "p90": 17.0,
    "n": 139
  },
  "6": {
    "mean": 12.776978417266188,
    "std": 4.441313236830605,
    "p10": 8.0,
    "p90": 18.0,
    "n": 139
  },
  "7": {
    "mean": 13.715328467153284,
    "std": 4.538963513955791,
    "p10": 8.0,
    "p90": 20.0,
    "n": 137
  },
  "8": {
    "mean": 14.798561151079136,
    "std": 5.030601796649267,
    "p10": 9.0,
    "p90": 21.0,
    "n": 139
  },
  "9": {
    "mean": 15.59857142857143,
    "std": 5.254857098376477,
    "p10": 9.9,
    "p90": 22.10000000000001,
    "n": 140
  },
  "10": {
    "mean": 16.292857142857144,
    "std": 5.27174691340673,
    "p10": 10.0,
    "p90": 23.10000000000001,
    "n": 140
  },
  "11": {
    "mean": 17.058695652173913,
    "std": 5.487167887439245,
    "p10": 10.0,
    "p90": 24.0,
    "n": 138
  },
  "12": {
    "mean": 17.616666666666667,
    "std": 5.8045612989681965,
    "p10": 10.0,
    "p90": 25.0,
    "n": 138
  },
  "13": {
    "mean": 17.926666666666666,
    "std": 5.928985214321402,
    "p10": 10.0,
    "p90": 25.0,
    "n": 135
  },
  "14": {
    "mean": 17.66985294117647,
    "std": 5.636775015095608,
    "p10": 10.0,
    "p90": 24.55,
    "n": 136
  },
  "15": {
    "mean": 14.948201438848923,
    "std": 4.5181333922796805,
    "p10": 9.0,
    "p90": 20.0,
    "n": 139
  },
  "16": {
    "mean": 11.496296296296297,
    "std": 3.52152035109768,
    "p10": 7.0,
    "p90": 16.0,
    "n": 135
  },
  "17": {
    "mean": 9.007407407407408,
    "std": 3.1135148259782732,
    "p10": 5.0,
    "p90": 12.0,
    "n": 135
  },
  "18": {
    "mean": 6.788321167883212,
    "std": 2.6608011203348316,
    "p10": 3.0,
    "p90": 10.0,
    "n": 137
  },
  "19": {
    "mean": 5.143884892086331,
    "std": 3.431653911216035,
    "p10": 2.0,
    "p90": 8.0,
    "n": 139
  },
  "20": {
    "mean": 4.201388888888889,
    "std": 4.5243395548022685,
    "p10": 1.0,
    "p90": 7.0,
    "n": 144
  },
  "21": {
    "mean": 2.6214285714285714,
    "std": 4.107315560067082,
    "p10": 0.0,
    "p90": 6.0,
    "n": 140
  },
  "22": {
    "mean": 1.792857142857143,
    "std": 3.633371362998751,
    "p10": 0.0,
    "p90": 5.0,
    "n": 140
  },
  "23": {
    "mean": 1.8873239436619718,
    "std": 3.596883188881462,
    "p10": 0.0,
    "p90": 5.0,
    "n": 142
  }
}