{
  "0": {
    "mean": 4.932903225806451,
    "std": 3.683467974849622,
    "p10": 1.0,
    "p90": 8.0,
    "n": 155
  },
  "1": {
    "mean": 6.425,
    "std": 3.6003173149337737,
    "p10": 3.0,
    "p90": 9.900000000000006,
    "n": 152
  },
  "2": {
    "mean": 7.501315789473685,
    "std": 3.683505148328463,
    "p10": 4.0,
    "p90": 12.0,
    "n": 152
  },
  "3": {
    "mean": 7.816883116883116,
    "std": 3.651193827412348,
    "p10": 4.300000000000001,
    "p90": 12.700000000000017,
    "n": 154
  },
  "4": {
    "mean": 8.263945578231292,
    "std": 3.7115138435302386,
    "p10": 5.0,
    "p90": 12.400000000000006,
    "n": 147
  },
  "5": {
    "mean": 8.460256410256411,
    "std": 3.742651802462362,
    "p10": 5.0,
    "p90": 13.0,
    "n": 156
  },
  "6": {
    "mean": 8.726797385620916,
    "std": 3.9175550668878114,
    "p10": 5.0,
    "p90": 14.120000000000015,
    "n": 153
  },
  "7": {
    "mean": 9.164779874213837,
    "std": 4.147931288030853,
    "p10": 5.800000000000001,
    "p90": 13.200000000000017,
    "n": 159
  },
  "8": {
    "mean": 9.765562913907285,
    "std": 4.901633011662078,
    "p10": 6.0,
    "p90": 16.0,
    "n": 151
  },
  "9": {
    "mean": 10.142857142857142,
    "std": 4.729698371496941,
    "p10": 6.0,
    "p90": 15.0,
    "n": 154
  },
  "10": {
    "mean": 10.693333333333333,
    "std": 4.918632237668403,
    "p10": 6.0,
    "p90": 17.0,
    "n": 165
  },
  "11": {
    "mean": 11.04625,
    "std": 5.11936620856122,
    "p10": 6.180000000000002,
    "p90": 17.0,
    "n": 160
  },
  "12": {
    "mean": 10.969047619047618,
    "std": 5.027873830477841,
    "p10": 6.0,
    "p90": 17.30000000000001,
    "n": 168
  },
  "13": {
    "mean": 10.73125,
    "std": 4.759263558854616,
    "p10": 6.0,
    "p90": 17.099999999999994,
    "n": 160
  },
  "14": {
    "mean": 8.595375722543352,
    "std": 3.5582170709908785,
    "p10": 5.0,
    "p90": 13.0,
    "n": 173
  },
  "15": {
    "mean": 6.47191011235955,
    "std": 2.708888435658861,
    "p10": 4.0,
    "p90": 10.0,
    "n": 178
  },
  "16": {
    "mean": 4.008641975308642,
    "std": 2.169735223326833,
    "p10": 1.0,
    "p90": 7.0,
    "n": 162
  },
  "17": {
    "mean": 2.42875,
    "std": 1.9531425250786076,
    "p10": 0.0,
    "p90": 5.0,
    "n": 160
  },
  "18": {
    "mean": 1.8734177215189873,
    "std": 1.7978549753234838,
    "p10": 0.0,
    "p90": 3.3000000000000114,
    "n": 158
  },
  "19": {
    "mean": 1.4078947368421053,
    "std": 1.684975536434493,
    "p10": 0.0,
    "p90": 3.0,
    "n": 152
  },
  "20": {
    "mean": 1.3414012738853502,
    "std": 1.7213979331802804,
    "p10": 0.0,
    "p90": 3.0,
    "n": 157
  },
  "21": {
    "mean": 1.619047619047619,
    "std": 1.803092219635873,
    "p10": 0.0,
    "p90": 4.0,
    "n": 147
  },
  "22": {
    "mean": 2.51006711409396,
    "std": 2.3584736522671257,
    "p10": 0.0,
    "p90": 6.0,
    "n": 149
  },
  "23": {
    "mean": 3.4657534246575343,
    "std": 2.4835024865802455,
    "p10": 1.0,
    "p90": 7.0,
    "n": 146
  }
}