{
  "0": {
    "mean": 5.046896551724138,
    "std": 3.862498744559555,
    "p10": 1.0,
    "p90": 10.0,
    "n": 145
  },
  "1": {
    "mean": 6.884931506849315,
    "std": 4.169103806215488,
    "p10": 3.0,
    "p90": 12.0,
    "n": 146
  },
  "2": {
    "mean": 7.623776223776224,
    "std": 4.193723647795427,
    "p10": 4.0,
    "p90": 13.0,
    "n": 143
  },
  "3": {
    "mean": 7.8916666666666675,
    "std": 4.020150294654217,
    "p10": 4.300000000000001,
    "p90": 12.0,
    "n": 144
  },
  "4": {
    "mean": 8.256,
    "std": 4.103762882850045,
    "p10": 4.0,
    "p90": 13.0,
    "n": 150
  },
  "5": {
    "mean": 8.516129032258064,
    "std": 4.130084176856192,
    "p10": 4.0,
    "p90": 13.0,
    "n": 155
  },
  "6": {
    "mean": 8.848648648648648,
    "std": 4.3153024107379325,
    "p10": 4.700000000000001,
    "p90": 14.300000000000011,
    "n": 148
  },
  "7": {
    "mean": 9.355102040816327,
    "std": 4.534965884293743,
    "p10": 4.600000000000001,
    "p90": 15.0,
    "n": 147
  },
  "8": {
    "mean": 10.237837837837839,
    "std": 4.74121321775826,
    "p10": 5.0,
    "p90": 16.0,
    "n": 148
  },
  "9": {
    "mean": 10.780392156862746,
    "std": 4.89853709128296,
    "p10": 6.0,
    "p90": 18.0,
    "n": 153
  },
  "10": {
    "mean": 11.371621621621621,
    "std": 4.945141786079271,
    "p10": 6.0,
    "p90": 18.0,
    "n": 148
  },
  "11": {
    "mean": 11.476923076923077,
    "std": 5.016332629731521,
    "p10": 6.0,
    "p90": 18.0,
    "n": 156
  },
  "12": {
    "mean": 11.659872611464968,
    "std": 5.321772645109166,
    "p10": 5.600000000000001,
    "p90": 20.0,
    "n": 157
  },
  "13": {
    "mean": 11.49864864864865,
    "std": 5.253336956814676,
    "p10": 5.0,
    "p90": 19.0,
    "n": 148
  },
  "14": {
    "mean": 10.641420118343197,
    "std": 4.410802526030887,
    "p10": 5.0,
    "p90": 17.0,
    "n": 169
  },
  "15": {
    "mean": 8.192857142857143,
    "std": 3.4061510303779947,
    "p10": 4.0,
    "p90": 13.0,
    "n": 168
  },
  "16": {
    "mean": 5.5195266272189345,
    "std": 2.6674688846872923,
    "p10": 3.0,
    "p90": 9.0,
    "n": 169
  },
  "17": {
    "mean": 3.2012987012987013,
    "std": 2.3579648645285722,
    "p10": 1.0,
    "p90": 6.0,
    "n": 154
  },
  "18": {
    "mean": 1.803921568627451,
    "std": 2.093407017561675,
    "p10": 0.0,
    "p90": 4.0,
    "n": 153
  },
  "19": {
    "mean": 1.6202898550724638,
    "std": 2.1071016320134035,
    "p10": 0.0,
    "p90": 4.0,
    "n": 138
  },
  "20": {
    "mean": 1.919205298013245,
    "std": 2.4681630208662764,
    "p10": 0.0,
    "p90": 5.0,
    "n": 151
  },
  "21": {
    "mean": 2.111111111111111,
    "std": 2.4383621440651404,
    "p10": 0.0,
    "p90": 5.0,
    "n": 144
  },
  "22": {
    "mean": 2.76056338028169,
    "std": 2.5036981936508678,
    "p10": 0.0,
    "p90": 6.0,
    "n": 142
  },
  "23": {
    "mean": 3.7986301369863016,
    "std": 2.845007394726949,
    "p10": 1.0,
    "p90": 7.0,
    "n": 146
  }
}