{
  "0": {
    "mean": 6.591061452513967,
    "std": 4.285948886273954,
    "p10": 2.0,
    "p90": 12.0,
    "n": 179
  },
  "1": {
    "mean": 7.475,
    "std": 4.418952687814485,
    "p10": 3.0,
    "p90": 14.0,
    "n": 176
  },
  "2": {
    "mean": 7.763742690058479,
    "std": 4.402068500869029,
    "p10": 3.200000000000003,
    "p90": 14.0,
    "n": 171
  },
  "3": {
    "mean": 8.114457831325302,
    "std": 4.2618713354615965,
    "p10": 4.0,
    "p90": 14.0,
    "n": 166
  },
  "4": {
    "mean": 9.007272727272728,
    "std": 4.550684264231843,
    "p10": 4.0,
    "p90": 15.0,
    "n": 165
  },
  "5": {
    "mean": 8.895348837209303,
    "std": 4.737529816949953,
    "p10": 4.0,
    "p90": 16.0,
    "n": 172
  },
  "6": {
    "mean": 9.660115606936415,
    "std": 4.7063136698110455,
    "p10": 4.04,
    "p90": 16.0,
    "n": 173
  },
  "7": {
    "mean": 9.687292817679559,
    "std": 4.977962977787791,
    "p10": 4.0,
    "p90": 17.0,
    "n": 181
  },
  "8": {
    "mean": 11.045714285714286,
    "std": 5.336167145335284,
    "p10": 5.0,
    "p90": 18.0,
    "n": 175
  },
  "9": {
    "mean": 12.364705882352942,
    "std": 5.776481717900899,
    "p10": 6.0,
    "p90": 20.0,
    "n": 170
  },
  "10": {
    "mean": 12.913294797687861,
    "std": 5.962489053164012,
    "p10": 6.0,
    "p90": 21.0,
    "n": 173
  },
  "11": {
    "mean": 12.853968253968253,
    "std": 6.115192766663607,
    "p10": 6.0,
    "p90": 21.0,
    "n": 189
  },
  "12": {
    "mean": 13.123756906077348,
    "std": 6.4898330081682625,
    "p10": 6.0,
    "p90": 22.0,
    "n": 181
  },
  "13": {
    "mean": 13.030939226519337,
    "std": 6.340936988389849,
    "p10": 6.0,
    "p90": 22.0,
    "n": 181
  },
  "14": {
    "mean": 12.396842105263158,
    "std": 5.628554423257561,
    "p10": 6.0,
    "p90": 20.0,
    "n": 190
  },
  "15": {
    "mean": 9.936125654450262,
    "std": 4.256895788312055,
    "p10": 5.0,
    "p90": 15.0,
    "n": 191
  },
  "16": {
    "mean": 6.57081081081081,
    "std": 2.769361072893241,
    "p10": 3.0,
    "p90": 10.0,
    "n": 185
  },
  "17": {
    "mean": 3.89060773480663,
    "std": 2.2474108969473345,
    "p10": 1.0,
    "p90": 7.0,
    "n": 181
  },
  "18": {
    "mean": 1.905681818181818,
    "std": 1.6733103515091083,
    "p10": 0.0,
    "p90": 4.0,
    "n": 176
  },
  "19": {
    "mean": 1.2988095238095236,
    "std": 1.577384635038283,
    "p10": 0.0,
    "p90": 3.0,
    "n": 168
  },
  "20": {
    "mean": 1.7481927710843372,
    "std": 1.889034478135269,
    "p10": 0.0,
    "p90": 4.0,
    "n": 166
  },
  "21": {
    "mean": 2.2920245398773007,
    "std": 2.0938764804647523,
    "p10": 0.0,
    "p90": 5.0,
    "n": 163
  },
  "22": {
    "mean": 3.3320512820512818,
    "std": 2.3830039914275525,
    "p10": 1.0,
    "p90": 7.0,
    "n": 156
  },
  "23": {
    "mean": 5.024705882352942,
    "std": 2.719746154285758,
    "p10": 2.0,
    "p90": 9.0,
    "n": 170
  }
}