{
  "0": {
    "mean": 5.582248520710059,
    "std": 4.1193408117785175,
    "p10": 1.0,
    "p90": 11.0,
    "n": 169
  },
  "1": {
    "mean": 5.840677966101695,
    "std": 4.240515565945149,
    "p10": 1.2399999999999998,
    "p90": 12.0,
    "n": 177
  },
  "2": {
    "mean": 6.304545454545454,
    "std": 4.172067910443292,
    "p10": 2.0,
    "p90": 12.0,
    "n": 176
  },
  "3": {
    "mean": 6.469714285714286,
    "std": 4.290640365433158,
    "p10": 2.0,
    "p90": 12.599999999999994,
    "n": 175
  },
  "4": {
    "mean": 6.870857142857143,
    "std": 4.495976088150569,
    "p10": 2.0,
    "p90": 13.0,
    "n": 175
  },
  "5": {
    "mean": 7.380434782608695,
    "std": 4.387270187786646,
    "p10": 2.5799999999999996,
    "p90": 13.0,
    "n": 184
  },
  "6": {
    "mean": 7.873142857142857,
    "std": 4.153895672869474,
    "p10": 3.0,
    "p90": 14.0,
    "n": 175
  },
  "7": {
    "mean": 8.256140350877194,
    "std": 4.387000216301888,
    "p10": 3.0,
    "p90": 14.0,
    "n": 171
  },
  "8": {
    "mean": 9.575401069518716,
    "std": 4.862544382924728,
    "p10": 4.0,
    "p90": 16.0,
    "n": 187
  },
  "9": {
    "mean": 10.803351955307262,
    "std": 5.1854799377126435,
    "p10": 4.0,
    "p90": 18.0,
    "n": 179
  },
  "10": {
    "mean": 10.749484536082475,
    "std": 5.424233165379425,
    "p10": 4.12,
    "p90": 18.0,
    "n": 194
  },
  "11": {
    "mean": 11.241269841269844,
    "std": 5.459618729984575,
    "p10": 4.0,
    "p90": 18.0,
    "n": 189
  },
  "12": {
    "mean": 11.426455026455026,
    "std": 5.891170694654141,
    "p10": 4.0,
    "p90": 19.12000000000001,
    "n": 189
  },
  "13": {
    "mean": 11.240609137055838,
    "std": 5.794259618365241,
    "p10": 4.0,
    "p90": 19.0,
    "n": 197
  },
  "14": {
    "mean": 11.361497326203208,
    "std": 5.61493916547473,
    "p10": 4.0,
    "p90": 19.0,
    "n": 187
  },
  "15": {
    "mean": 10.042786069651742,
    "std": 4.766503980802386,
    "p10": 4.0,
    "p90": 17.0,
    "n": 201
  },
  "16": {
    "mean": 7.2843601895734595,
    "std": 3.533552366498697,
    "p10": 3.0,
    "p90": 12.0,
    "n": 211
  },
  "17": {
    "mean": 4.847706422018349,
    "std": 2.36431209314326,
    "p10": 2.0,
    "p90": 8.0,
    "n": 218
  },
  "18": {
    "mean": 2.924770642201835,
    "std": 2.109585582440556,
    "p10": 0.0,
    "p90": 6.0,
    "n": 218
  },
  "19": {
    "mean": 1.8261780104712042,
    "std": 1.9991433822721019,
    "p10": 0.0,
    "p90": 5.0,
    "n": 191
  },
  "20": {
    "mean": 1.7690607734806632,
    "std": 2.130397381204179,
    "p10": 0.0,
    "p90": 5.0,
    "n": 181
  },
  "21": {
    "mean": 2.1614973262032087,
    "std": 2.119802664721034,
    "p10": 0.0,
    "p90": 5.400000000000006,
    "n": 187
  },
  "22": {
    "mean": 2.994219653179191,
    "std": 2.595382997740477,
    "p10": 0.0,
    "p90": 6.0,
    "n": 173
  },
  "23": {
    "mean": 3.992265193370166,
    "std": 2.8761366557615275,
    "p10": 1.0,
    "p90": 8.0,
    "n": 181
  }
}