{
  "0": {
    "mean": 3.8546583850931677,
    "std": 2.138455935674119,
    "p10": 1.0,
    "p90": 6.0,
    "n": 161
  },
  "1": {
    "mean": 5.323926380368098,
    "std": 2.0949331689104103,
    "p10": 3.0,
    "p90": 8.0,
    "n": 163
  },
  "2": {
    "mean": 6.734078212290504,
    "std": 2.3976370892664285,
    "p10": 4.0,
    "p90": 9.0,
    "n": 179
  },
  "3": {
    "mean": 7.178034682080924,
    "std": 2.3767729389744643,
    "p10": 5.0,
    "p90": 10.0,
    "n": 173
  },
  "4": {
    "mean": 7.324137931034484,
    "std": 2.447552299404795,
    "p10": 5.0,
    "p90": 10.0,
    "n": 174
  },
  "5": {
    "mean": 7.348633879781421,
    "std": 2.4120088277201024,
    "p10": 5.0,
    "p90": 10.0,
    "n": 183
  },
  "6": {
    "mean": 7.553374233128834,
    "std": 2.3381506411720903,
    "p10": 5.0,
    "p90": 10.0,
    "n": 163
  },
  "7": {
    "mean": 7.655172413793103,
    "std": 2.487274368687652,
    "p10": 5.0,
    "p90": 10.0,
    "n": 174
  },
  "8": {
    "mean": 8.00225988700565,
    "std": 2.7700499421625935,
    "p10": 5.0,
    "p90": 11.0,
    "n": 177
  },
  "9": {
    "mean": 8.165317919075145,
    "std": 2.8397837162918913,
    "p10": 6.0,
    "p90": 11.0,
    "n": 173
  },
  "10": {
    "mean": 8.358918918918919,
    "std": 2.9453793803985726,
    "p10": 5.400000000000002,
    "p90": 12.0,
    "n": 185
  },
  "11": {
    "mean": 8.569942196531791,
    "std": 3.1010910490202868,
    "p10": 6.0,
    "p90": 12.0,
    "n": 173
  },
  "12": {
    "mean": 8.570652173913043,
    "std": 3.046489982207268,
    "p10": 5.300000000000001,
    "p90": 12.0,
    "n": 184
  },
  "13": {
    "mean": 7.858479532163742,
    "std": 2.748577391047706,
    "p10": 5.0,
    "p90": 11.0,
    "n": 171
  },
  "14": {
    "mean": 6.566486486486486,
    "std": 2.048424920115209,
    "p10": 4.0,
    "p90": 9.0,
    "n": 185
  },
  "15": {
    "mean": 5.021989528795812,
    "std": 1.5876292222235633,
    "p10": 3.0,
    "p90": 7.0,
    "n": 191
  },
  "16": {
    "mean": 3.7295336787564763,
    "std": 1.741529586956607,
    "p10": 1.0,
    "p90": 6.0,
    "n": 193
  },
  "17": {
    "mean": 2.7056179775280897,
    "std": 1.6238588031464867,
    "p10": 0.6999999999999993,
    "p90": 5.0,
    "n": 178
  },
  "18": {
    "mean": 1.769767441860465,
    "std": 1.3724157867786515,
    "p10": 0.0,
    "p90": 4.0,
    "n": 172
  },
  "19": {
    "mean": 1.208743169398907,
    "std": 1.3310864993832863,
    "p10": 0.0,
    "p90": 3.0,
    "n": 183
  },
  "20": {
    "mean": 0.8903225806451612,
    "std": 1.1386159940321112,
    "p10": 0.0,
    "p90": 2.0,
    "n": 186
  },
  "21": {
    "mean": 0.94320987654321,
    "std": 1.2007180327568834,
    "p10": 0.0,
    "p90": 2.9000000000000057,
    "n": 162
  },
  "22": {
    "mean": 1.5698113207547169,
    "std": 1.1860344903400124,
    "p10": 0.0,
    "p90": 3.0,
    "n": 159
  },
  "23": {
    "mean": 2.48,
    "std": 1.3615862660012814,
    "p10": 1.0,
    "p90": 4.0,
    "n": 170
  }
}