{
  "0": {
    "mean": 4.011560693641618,
    "std": 1.9409552889736699,
    "p10": 2.0,
    "p90": 6.0,
    "n": 173
  },
  "1": {
    "mean": 5.744047619047619,
    "std": 1.8732181914898292,
    "p10": 3.0,
    "p90": 8.0,
    "n": 168
  },
  "2": {
    "mean": 7.290322580645161,
    "std": 1.8357450518465939,
    "p10": 5.0,
    "p90": 9.799999999999997,
    "n": 186
  },
  "3": {
    "mean": 7.895287958115183,
    "std": 1.8664711414610364,
    "p10": 6.0,
    "p90": 10.0,
    "n": 191
  },
  "4": {
    "mean": 8.315897435897435,
    "std": 1.8212671440634236,
    "p10": 6.0,
    "p90": 11.0,
    "n": 195
  },
  "5": {
    "mean": 8.488775510204082,
    "std": 1.8070166745678928,
    "p10": 6.0,
    "p90": 10.399999999999999,
    "n": 196
  },
  "6": {
    "mean": 8.538554216867471,
    "std": 1.8214434053411872,
    "p10": 6.0,
    "p90": 10.0,
    "n": 166
  },
  "7": {
    "mean": 8.674860335195532,
    "std": 1.7131298505596535,
    "p10": 7.0,
    "p90": 10.520000000000008,
    "n": 179
  },
  "8": {
    "mean": 8.858100558659217,
    "std": 1.6593550835194781,
    "p10": 7.0,
    "p90": 11.0,
    "n": 179
  },
  "9": {
    "mean": 9.013333333333334,
    "std": 1.8036090448298874,
    "p10": 7.0,
    "p90": 11.0,
    "n": 180
  },
  "10": {
    "mean": 9.102923976608187,
    "std": 1.899270042460116,
    "p10": 7.0,
    "p90": 11.0,
    "n": 171
  },
  "11": {
    "mean": 9.105759162303665,
    "std": 1.9663266111437134,
    "p10": 7.0,
    "p90": 12.0,
    "n": 191
  },
  "12": {
    "mean": 9.036956521739132,
    "std": 1.9577905128200963,
    "p10": 7.0,
    "p90": 11.700000000000017,
    "n": 184
  },
  "13": {
    "mean": 8.628124999999999,
    "std": 2.000062989845766,
    "p10": 7.0,
    "p90": 11.0,
    "n": 192
  },
  "14": {
    "mean": 7.390374331550802,
    "std": 1.9925974211512096,
    "p10": 5.0,
    "p90": 10.0,
    "n": 187
  },
  "15": {
    "mean": 5.563809523809525,
    "std": 2.199657381303773,
    "p10": 3.0,
    "p90": 8.099999999999994,
    "n": 210
  },
  "16": {
    "mean": 3.8200913242009134,
    "std": 2.0814510620554416,
    "p10": 1.0,
    "p90": 7.0,
    "n": 219
  },
  "17": {
    "mean": 2.502020202020202,
    "std": 1.6844152639167378,
    "p10": 1.0,
    "p90": 4.0,
    "n": 198
  },
  "18": {
    "mean": 1.6134831460674157,
    "std": 1.2444853278977452,
    "p10": 0.0,
    "p90": 3.0,
    "n": 178
  },
  "19": {
    "mean": 0.9875776397515528,
    "std": 0.9551673782625187,
    "p10": 0.0,
    "p90": 2.0,
    "n": 161
  },
  "20": {
    "mean": 0.8392857142857143,
    "std": 1.1337519564335292,
    "p10": 0.0,
    "p90": 2.0,
    "n": 168
  },
  "21": {
    "mean": 1.1703703703703703,
    "std": 1.2175165074136398,
    "p10": 0.0,
    "p90": 2.9000000000000057,
    "n": 162
  },
  "22": {
    "mean": 1.654320987654321,
    "std": 1.3800755567322038,
    "p10": 0.0,
    "p90": 3.0,
    "n": 162
  },
  "23": {
    "mean": 2.647560975609756,
    "std": 1.5074233987196937,
    "p10": 1.0,
    "p90": 5.0,
    "n": 164
  }
}