{
  "0": {
    "mean": 6.158823529411765,
    "std": 4.012341732915031,
    "p10": 2.0,
    "p90": 11.0,
    "n": 170
  },
  "1": {
    "mean": 7.27816091954023,
    "std": 4.1410792842802575,
    "p10": 3.0,
    "p90": 12.700000000000017,
    "n": 174
  },
  "2": {
    "mean": 7.5,
    "std": 3.9623981125569916,
    "p10": 3.6999999999999993,
    "p90": 12.300000000000011,
    "n": 168
  },
  "3": {
    "mean": 7.746368715083799,
    "std": 3.900363811657245,
    "p10": 4.0,
    "p90": 12.200000000000017,
    "n": 179
  },
  "4": {
    "mean": 7.861016949152543,
    "std": 3.978908182350371,
    "p10": 4.0,
    "p90": 13.0,
    "n": 177
  },
  "5": {
    "mean": 8.310588235294118,
    "std": 4.212576929346165,
    "p10": 4.0,
    "p90": 14.0,
    "n": 170
  },
  "6": {
    "mean": 8.801190476190476,
    "std": 4.2827881132951005,
    "p10": 4.699999999999999,
    "p90": 14.0,
    "n": 168
  },
  "7": {
    "mean": 9.585227272727273,
    "std": 4.730835982245535,
    "p10": 5.0,
    "p90": 16.5,
    "n": 176
  },
  "8": {
    "mean": 10.163934426229508,
    "std": 4.9072507282553,
    "p10": 5.0,
    "p90": 16.92,
    "n": 183
  },
  "9": {
    "mean": 10.698342541436464,
    "std": 5.063447169426086,
    "p10": 5.0,
    "p90": 18.0,
    "n": 181
  },
  "10": {
    "mean": 11.36759776536313,
    "std": 5.443773923844336,
    "p10": 5.800000000000001,
    "p90": 18.200000000000017,
    "n": 179
  },
  "11": {
    "mean": 11.39344262295082,
    "std": 5.673261040220255,
    "p10": 5.0,
    "p90": 19.600000000000023,
    "n": 183
  },
  "12": {
    "mean": 11.441237113402062,
    "std": 5.482780440905424,
    "p10": 6.0,
    "p90": 18.700000000000017,
    "n": 194
  },
  "13": {
    "mean": 11.469473684210525,
    "std": 5.295562156891832,
    "p10": 6.0,
    "p90": 19.099999999999994,
    "n": 190
  },
  "14": {
    "mean": 10.513875598086125,
    "std": 4.557733158286261,
    "p10": 5.0,
    "p90": 17.0,
    "n": 209
  },
  "15": {
    "mean": 7.598984771573604,
    "std": 3.1504128308634343,
    "p10": 4.0,
    "p90": 12.0,
    "n": 197
  },
  "16": {
    "mean": 5.017821782178218,
    "std": 2.415225174739885,
    "p10": 2.0,
    "p90": 8.0,
    "n": 202
  },
  "17": {
    "mean": 2.8456852791878173,
    "std": 2.0063532159059325,
    "p10": 0.0,
    "p90": 6.0,
    "n": 197
  },
  "18": {
    "mean": 1.5263157894736843,
    "std": 1.5142505105642468,
    "p10": 0.0,
    "p90": 3.0,
    "n": 190
  },
  "19": {
    "mean": 1.397560975609756,
    "std": 1.796245273382434,
    "p10": 0.0,
    "p90": 3.0,
    "n": 164
  },
  "20": {
    "mean": 1.8036144578313251,
    "std": 2.2524839236305225,
    "p10": 0.0,
    "p90": 5.0,
    "n": 166
  },
  "21": {
    "mean": 2.3251533742331287,
    "std": 2.390525112990306,
    "p10": 0.0,
    "p90": 5.0,
    "n": 163
  },
  "22": {
    "mean": 3.0375,
    "std": 2.3307825230620116,
    "p10": 1.0,
    "p90": 6.0,
    "n": 160
  },
  "23": {
    "mean": 4.368098159509202,
    "std": 2.560278378032604,
    "p10": 2.0,
    "p90": 8.0,
    "n": 163
  }
}