{
  "0": {
    "mean": 4.848554913294797,
    "std": 3.8015236684662197,
    "p10": 1.0,
    "p90": 10.0,
    "n": 173
  },
  "1": {
    "mean": 6.587428571428572,
    "std": 4.083899099573936,
    "p10": 3.0,
    "p90": 11.599999999999994,
    "n": 175
  },
  "2": {
    "mean": 7.187428571428573,
    "std": 4.097554879856017,
    "p10": 3.0,
    "p90": 12.599999999999994,
    "n": 175
  },
  "3": {
    "mean": 7.519540229885058,
    "std": 3.968542169993864,
    "p10": 4.0,
    "p90": 12.0,
    "n": 174
  },
  "4": {
    "mean": 7.896089385474861,
    "std": 4.078022255953888,
    "p10": 4.0,
    "p90": 13.0,
    "n": 179
  },
  "5": {
    "mean": 8.116577540106952,
    "std": 4.1478447633419435,
    "p10": 4.0,
    "p90": 13.0,
    "n": 187
  },
  "6": {
    "mean": 8.383240223463687,
    "std": 4.363375227338669,
    "p10": 4.0,
    "p90": 14.0,
    "n": 179
  },
  "7": {
    "mean": 8.991907514450867,
    "std": 4.54365688095633,
    "p10": 4.0,
    "p90": 14.800000000000011,
    "n": 173
  },
  "8": {
    "mean": 9.747777777777777,
    "std": 4.790090510750232,
    "p10": 4.0,
    "p90": 16.0,
    "n": 180
  },
  "9": {
    "mean": 10.309289617486339,
    "std": 4.982063546854014,
    "p10": 5.0,
    "p90": 17.80000000000001,
    "n": 183
  },
  "10": {
    "mean": 11.001136363636364,
    "std": 5.1475818304616325,
    "p10": 5.5,
    "p90": 18.0,
    "n": 176
  },
  "11": {
    "mean": 11.066666666666666,
    "std": 5.12504444722976,
    "p10": 5.640000000000001,
    "p90": 18.0,
    "n": 183
  },
  "12": {
    "mean": 10.996858638743454,
    "std": 5.508709904937266,
    "p10": 5.0,
    "p90": 19.0,
    "n": 191
  },
  "13": {
    "mean": 10.791160220994476,
    "std": 5.417126060700452,
    "p10": 5.0,
    "p90": 18.0,
    "n": 181
  },
  "14": {
    "mean": 10.126829268292683,
    "std": 4.574900855576532,
    "p10": 5.0,
    "p90": 17.0,
    "n": 205
  },
  "15": {
    "mean": 7.9323383084577115,
    "std": 3.458930326701466,
    "p10": 4.0,
    "p90": 12.0,
    "n": 201
  },
  "16": {
    "mean": 5.372815533980583,
    "std": 2.695405093759533,
    "p10": 2.0,
    "p90": 9.0,
    "n": 206
  },
  "17": {
    "mean": 3.0789473684210527,
    "std": 2.276793193483437,
    "p10": 1.0,
    "p90": 6.0,
    "n": 190
  },
  "18": {
    "mean": 1.851063829787234,
    "std": 1.9997724298792205,
    "p10": 0.0,
    "p90": 4.0,
    "n": 188
  },
  "19": {
    "mean": 1.6443113772455091,
    "std": 1.9970340897120882,
    "p10": 0.0,
    "p90": 3.4000000000000057,
    "n": 167
  },
  "20": {
    "mean": 1.8488888888888886,
    "std": 2.3370345744362635,
    "p10": 0.0,
    "p90": 4.0,
    "n": 180
  },
  "21": {
    "mean": 2.0171428571428573,
    "std": 2.3402384339529205,
    "p10": 0.0,
    "p90": 5.0,
    "n": 175
  },
  "22": {
    "mean": 2.682634730538922,
    "std": 2.5008187101819597,
    "p10": 0.0,
    "p90": 6.0,
    "n": 167
  },
  "23": {
    "mean": 3.7179775280898872,
    "std": 2.7711614892481746,
    "p10": 1.0,
    "p90": 7.0,
    "n": 178
  }
}