{
  "0": {
    "mean": 4.015853658536585,
    "std": 1.8893287354183064,
    "p10": 2.0,
    "p90": 6.0,
    "n": 164
  },
  "1": {
    "mean": 5.47065868263473,
    "std": 1.8493994915069605,
    "p10": 3.0,
    "p90": 8.0,
    "n": 167
  },
  "2": {
    "mean": 6.814035087719298,
    "std": 1.81828347590842,
    "p10": 5.0,
    "p90": 9.0,
    "n": 171
  },
  "3": {
    "mean": 7.5590643274853795,
    "std": 2.0595736998829146,
    "p10": 5.0,
    "p90": 10.0,
    "n": 171
  },
  "4": {
    "mean": 7.671590909090909,
    "std": 1.9382730967029898,
    "p10": 5.0,
    "p90": 10.0,
    "n": 176
  },
  "5": {
    "mean": 7.83625730994152,
    "std": 2.0253325139901492,
    "p10": 5.0,
    "p90": 10.0,
    "n": 171
  },
  "6": {
    "mean": 8.049411764705884,
    "std": 2.0491951677094424,
    "p10": 6.0,
    "p90": 10.099999999999994,
    "n": 170
  },
  "7": {
    "mean": 8.237869822485205,
    "std": 2.2718746626856277,
    "p10": 6.0,
    "p90": 11.0,
    "n": 169
  },
  "8": {
    "mean": 8.466272189349112,
    "std": 2.3138014374916938,
    "p10": 5.0,
    "p90": 11.0,
    "n": 169
  },
  "9": {
    "mean": 8.533333333333333,
    "std": 2.2897793410925646,
    "p10": 6.0,
    "p90": 11.0,
    "n": 165
  },
  "10": {
    "mean": 8.77125,
    "std": 2.3229613365420407,
    "p10": 6.0,
    "p90": 12.0,
    "n": 160
  },
  "11": {
    "mean": 8.96140350877193,
    "std": 2.49218220365665,
    "p10": 6.0,
    "p90": 12.0,
    "n": 171
  },
  "12": {
    "mean": 8.672432432432434,
    "std": 2.341438388048972,
    "p10": 6.0,
    "p90": 11.679999999999996,
    "n": 185
  },
  "13": {
    "mean": 8.112041884816755,
    "std": 2.257481484058731,
    "p10": 6.0,
    "p90": 11.0,
    "n": 191
  },
  "14": {
    "mean": 6.658563535911601,
    "std": 1.5699597067004558,
    "p10": 5.0,
    "p90": 8.599999999999994,
    "n": 181
  },
  "15": {
    "mean": 5.061621621621621,
    "std": 1.5695082196993686,
    "p10": 3.0,
    "p90": 7.0,
    "n": 185
  },
  "16": {
    "mean": 3.4577777777777783,
    "std": 1.9101012157087451,
    "p10": 1.0,
    "p90": 6.0,
    "n": 180
  },
  "17": {
    "mean": 2.6327868852459018,
    "std": 1.7955428312151618,
    "p10": 0.0,
    "p90": 5.0,
    "n": 183
  },
  "18": {
    "mean": 1.821301775147929,
    "std": 1.5083957766793064,
    "p10": 0.0,
    "p90": 4.0,
    "n": 169
  },
  "19": {
    "mean": 1.1892857142857143,
    "std": 1.162334823203633,
    "p10": 0.0,
    "p90": 3.0,
    "n": 168
  },
  "20": {
    "mean": 0.8630952380952381,
    "std": 0.8183933086492453,
    "p10": 0.0,
    "p90": 2.0,
    "n": 168
  },
  "21": {
    "mean": 0.8773006134969326,
    "std": 1.0047603125208042,
    "p10": 0.0,
    "p90": 2.0,
    "n": 163
  },
  "22": {
    "mean": 1.5,
    "std": 1.253752537320105,
    "p10": 0.0,
    "p90": 3.0,
    "n": 154
  },
  "23": {
    "mean": 2.5316770186335407,
    "std": 1.5303766840327435,
    "p10": 1.0,
    "p90": 5.0,
    "n": 161
  }
}