{
  "0": {
    "mean": 4.31448275862069,
    "std": 2.369920864546865,
    "p10": 2.0,
    "p90": 8.0,
    "n": 145
  },
  "1": {
    "mean": 5.9302631578947365,
    "std": 2.3685869002000404,
    "p10": 3.0,
    "p90": 9.0,
    "n": 152
  },
  "2": {
    "mean": 7.447368421052632,
    "std": 2.3648347426523855,
    "p10": 5.0,
    "p90": 11.0,
    "n": 152
  },
  "3": {
    "mean": 8.013924050632912,
    "std": 2.250335243373915,
    "p10": 6.0,
    "p90": 11.0,
    "n": 158
  },
  "4": {
    "mean": 8.17236842105263,
    "std": 2.1799871610418773,
    "p10": 6.0,
    "p90": 11.0,
    "n": 152
  },
  "5": {
    "mean": 8.443708609271523,
    "std": 2.2173731052438423,
    "p10": 6.0,
    "p90": 11.0,
    "n": 151
  },
  "6": {
    "mean": 8.703401360544218,
    "std": 2.133664124945708,
    "p10": 6.0,
    "p90": 11.0,
    "n": 147
  },
  "7": {
    "mean": 8.855263157894736,
    "std": 2.1495352793206854,
    "p10": 6.0,
    "p90": 11.360000000000001,
    "n": 152
  },
  "8": {
    "mean": 8.994904458598727,
    "std": 2.247271741306525,
    "p10": 6.0,
    "p90": 12.0,
    "n": 157
  },
  "9": {
    "mean": 9.37986577181208,
    "std": 2.217710648935428,
    "p10": 7.0,
    "p90": 12.0,
    "n": 149
  },
  "10": {
    "mean": 9.534615384615385,
    "std": 2.377546956115901,
    "p10": 7.0,
    "p90": 13.0,
    "n": 156
  },
  "11": {
    "mean": 9.431707317073172,
    "std": 2.402752922599971,
    "p10": 7.0,
    "p90": 12.0,
    "n": 164
  },
  "12": {
    "mean": 9.578205128205129,
    "std": 2.5874709254229327,
    "p10": 7.0,
    "p90": 13.0,
    "n": 156
  },
  "13": {
    "mean": 9.085714285714285,
    "std": 2.3868766632181697,
    "p10": 6.0,
    "p90": 12.0,
    "n": 154
  },
  "14": {
    "mean": 7.7,
    "std": 1.9370528937134057,
    "p10": 6.0,
    "p90": 10.0,
    "n": 162
  },
  "15": {
    "mean": 5.663157894736842,
    "std": 2.0470321339137643,
    "p10": 3.0,
    "p90": 8.0,
    "n": 171
  },
  "16": {
    "mean": 3.6209944751381213,
    "std": 1.9290184910617618,
    "p10": 1.0,
    "p90": 6.0,
    "n": 181
  },
  "17": {
    "mean": 2.175460122699387,
    "std": 1.6805015427331145,
    "p10": 0.0,
    "p90": 4.0,
    "n": 163
  },
  "18": {
    "mean": 1.3821656050955413,
    "std": 1.2752829341533347,
    "p10": 0.0,
    "p90": 3.0,
    "n": 157
  },
  "19": {
    "mean": 1.1986842105263158,
    "std": 1.1890219054624567,
    "p10": 0.0,
    "p90": 3.0,
    "n": 152
  },
  "20": {
    "mean": 1.1369863013698631,
    "std": 1.3713830772758715,
    "p10": 0.0,
    "p90": 3.0,
    "n": 146
  },
  "21": {
    "mean": 1.2283687943262411,
    "std": 1.5745442080231502,
    "p10": 0.0,
    "p90": 3.0,
    "n": 141
  },
  "22": {
    "mean": 1.8558823529411763,
    "std": 1.5692774796953115,
    "p10": 0.0,
    "p90": 4.0,
    "n": 136
  },
  "23": {
    "mean": 2.8923076923076922,
    "std": 1.6344477002768891,
    "p10": 1.0,
    "p90": 5.0,
    "n": 143
  }
}