{
  "0": {
    "mean": 4.917791411042945,
    "std": 3.648150558766997,
    "p10": 1.0,
    "p90": 8.0,
    "n": 163
  },
  "1": {
    "mean": 6.428749999999999,
    "std": 3.5655124359364674,
    "p10": 3.0,
    "p90": 10.0,
    "n": 160
  },
  "2": {
    "mean": 7.5075,
    "std": 3.6314411436610436,
    "p10": 4.0,
    "p90": 12.0,
    "n": 160
  },
  "3": {
    "mean": 7.8012345679012345,
    "std": 3.596443855291429,
    "p10": 4.100000000000001,
    "p90": 11.900000000000006,
    "n": 162
  },
  "4": {
    "mean": 8.256774193548386,
    "std": 3.648714759573888,
    "p10": 5.0,
    "p90": 12.0,
    "n": 155
  },
  "5": {
    "mean": 8.431707317073172,
    "std": 3.6676626363972824,
    "p10": 5.0,
    "p90": 12.700000000000017,
    "n": 164
  },
  "6": {
    "mean": 8.692592592592593,
    "std": 3.8503779850839743,
    "p10": 5.0,
    "p90": 13.0,
    "n": 162
  },
  "7": {
    "mean": 9.192814371257485,
    "std": 4.1308065209504985,
    "p10": 6.0,
    "p90": 13.400000000000006,
    "n": 167
  },
  "8": {
    "mean": 9.833962264150943,
    "std": 4.826624868251121,
    "p10": 6.0,
    "p90": 15.200000000000017,
    "n": 159
  },
  "9": {
    "mean": 10.234567901234568,
    "std": 4.6870022599527035,
    "p10": 6.0,
    "p90": 15.0,
    "n": 162
  },
  "10": {
    "mean": 10.759537572254336,
    "std": 4.86931347711417,
    "p10": 6.0,
    "p90": 17.0,
    "n": 173
  },
  "11": {
    "mean": 11.114117647058825,
    "std": 5.026077627478331,
    "p10": 6.739999999999999,
    "p90": 17.0,
    "n": 170
  },
  "12": {
    "mean": 11.055367231638417,
    "std": 4.977390586630178,
    "p10": 6.0,
    "p90": 17.400000000000006,
    "n": 177
  },
  "13": {
    "mean": 10.833333333333334,
    "std": 4.7433112902283785,
    "p10": 6.0,
    "p90": 17.30000000000001,
    "n": 168
  },
  "14": {
    "mean": 8.632432432432433,
    "std": 3.4836617146934183,
    "p10": 5.0,
    "p90": 13.0,
    "n": 185
  },
  "15": {
    "mean": 6.48404255319149,
    "std": 2.6421431582652315,
    "p10": 4.0,
    "p90": 10.0,
    "n": 188
  },
  "16": {
    "mean": 3.9905882352941173,
    "std": 2.135838099121653,
    "p10": 1.0,
    "p90": 7.0,
    "n": 170
  },
  "17": {
    "mean": 2.3349112426035505,
    "std": 1.9624511271873863,
    "p10": 0.0,
    "p90": 5.0,
    "n": 169
  },
  "18": {
    "mean": 1.819277108433735,
    "std": 1.7864444342561898,
    "p10": 0.0,
    "p90": 3.0,
    "n": 166
  },
  "19": {
    "mean": 1.39375,
    "std": 1.65250667226695,
    "p10": 0.0,
    "p90": 3.0,
    "n": 160
  },
  "20": {
    "mean": 1.3551515151515152,
    "std": 1.6942300237112558,
    "p10": 0.0,
    "p90": 3.0,
    "n": 165
  },
  "21": {
    "mean": 1.6451612903225807,
    "std": 1.7718650218441272,
    "p10": 0.0,
    "p90": 4.0,
    "n": 155
  },
  "22": {
    "mean": 2.5095541401273884,
    "std": 2.3111153772830457,
    "p10": 0.0,
    "p90": 5.400000000000006,
    "n": 157
  },
  "23": {
    "mean": 3.4838709677419355,
    "std": 2.450430226497149,
    "p10": 1.0,
    "p90": 7.0,
    "n": 155
  }
}