{
  "0": {
    "mean": 4.460493827160494,
    "std": 2.4517292167234888,
    "p10": 2.0,
    "p90": 8.0,
    "n": 162
  },
  "1": {
    "mean": 6.079289940828403,
    "std": 2.3789972812602085,
    "p10": 3.8000000000000007,
    "p90": 9.0,
    "n": 169
  },
  "2": {
    "mean": 7.591715976331361,
    "std": 2.3826111156406102,
    "p10": 5.0,
    "p90": 11.0,
    "n": 169
  },
  "3": {
    "mean": 8.215819209039548,
    "std": 2.3169774911296925,
    "p10": 6.0,
    "p90": 11.0,
    "n": 177
  },
  "4": {
    "mean": 8.375438596491227,
    "std": 2.2492048818680783,
    "p10": 6.0,
    "p90": 11.0,
    "n": 171
  },
  "5": {
    "mean": 8.561904761904762,
    "std": 2.2247333022914213,
    "p10": 6.0,
    "p90": 11.300000000000011,
    "n": 168
  },
  "6": {
    "mean": 8.775903614457832,
    "std": 2.1088897185957802,
    "p10": 6.5,
    "p90": 11.5,
    "n": 166
  },
  "7": {
    "mean": 8.976608187134502,
    "std": 2.1393600372796158,
    "p10": 6.0,
    "p90": 12.0,
    "n": 171
  },
  "8": {
    "mean": 9.08735632183908,
    "std": 2.230259820406696,
    "p10": 6.300000000000001,
    "p90": 12.0,
    "n": 174
  },
  "9": {
    "mean": 9.507142857142856,
    "std": 2.200913567218812,
    "p10": 7.0,
    "p90": 12.0,
    "n": 168
  },
  "10": {
    "mean": 9.686206896551724,
    "std": 2.383501694333063,
    "p10": 7.0,
    "p90": 13.0,
    "n": 174
  },
  "11": {
    "mean": 9.559340659340661,
    "std": 2.3804673862988976,
    "p10": 7.0,
    "p90": 13.0,
    "n": 182
  },
  "12": {
    "mean": 9.739772727272728,
    "std": 2.5383477088273567,
    "p10": 7.0,
    "p90": 13.0,
    "n": 176
  },
  "13": {
    "mean": 9.246857142857142,
    "std": 2.33678206311779,
    "p10": 6.0,
    "p90": 12.0,
    "n": 175
  },
  "14": {
    "mean": 7.810928961748634,
    "std": 1.9613548553365383,
    "p10": 6.0,
    "p90": 10.0,
    "n": 183
  },
  "15": {
    "mean": 5.7610256410256415,
    "std": 2.1220780941057487,
    "p10": 3.0,
    "p90": 8.0,
    "n": 195
  },
  "16": {
    "mean": 3.565482233502538,
    "std": 1.9267256765276433,
    "p10": 1.0,
    "p90": 6.0,
    "n": 197
  },
  "17": {
    "mean": 2.1262569832402236,
    "std": 1.6484016640212875,
    "p10": 0.0,
    "p90": 4.0,
    "n": 179
  },
  "18": {
    "mean": 1.3583815028901733,
    "std": 1.2445704097286534,
    "p10": 0.0,
    "p90": 3.0,
    "n": 173
  },
  "19": {
    "mean": 1.1916666666666667,
    "std": 1.1819711875606578,
    "p10": 0.0,
    "p90": 3.0,
    "n": 168
  },
  "20": {
    "mean": 1.1481481481481481,
    "std": 1.369327813617184,
    "p10": 0.0,
    "p90": 3.0,
    "n": 162
  },
  "21": {
    "mean": 1.2942675159235668,
    "std": 1.5665674561419787,
    "p10": 0.0,
    "p90": 3.0,
    "n": 157
  },
  "22": {
    "mean": 1.9039473684210524,
    "std": 1.5840212713028974,
    "p10": 0.0,
    "p90": 4.0,
    "n": 152
  },
  "23": {
    "mean": 2.966037735849057,
    "std": 1.707794127925587,
    "p10": 1.0,
    "p90": 5.0,
    "n": 159
  }
}