{
  "0": {
    "mean": 4.038461538461538,
    "std": 1.9373564142744923,
    "p10": 2.0,
    "p90": 6.5,
    "n": 156
  },
  "1": {
    "mean": 5.7973856209150325,
    "std": 1.8965324213728054,
    "p10": 3.0,
    "p90": 8.0,
    "n": 153
  },
  "2": {
    "mean": 7.315789473684211,
    "std": 1.8850298303476023,
    "p10": 5.0,
    "p90": 10.0,
    "n": 171
  },
  "3": {
    "mean": 7.935672514619883,
    "std": 1.8853809065307465,
    "p10": 6.0,
    "p90": 10.0,
    "n": 171
  },
  "4": {
    "mean": 8.293854748603351,
    "std": 1.8027806864681586,
    "p10": 6.0,
    "p90": 11.0,
    "n": 179
  },
  "5": {
    "mean": 8.484916201117318,
    "std": 1.8490040953507068,
    "p10": 6.0,
    "p90": 10.320000000000013,
    "n": 179
  },
  "6": {
    "mean": 8.519205298013246,
    "std": 1.8652154560724983,
    "p10": 6.0,
    "p90": 10.0,
    "n": 151
  },
  "7": {
    "mean": 8.644720496894411,
    "std": 1.757124804229839,
    "p10": 7.0,
    "p90": 11.0,
    "n": 161
  },
  "8": {
    "mean": 8.836250000000001,
    "std": 1.7008872083702335,
    "p10": 7.0,
    "p90": 11.0,
    "n": 160
  },
  "9": {
    "mean": 8.983950617283952,
    "std": 1.84370385990051,
    "p10": 7.0,
    "p90": 11.0,
    "n": 162
  },
  "10": {
    "mean": 9.094871794871795,
    "std": 1.948027782533381,
    "p10": 7.0,
    "p90": 11.0,
    "n": 156
  },
  "11": {
    "mean": 9.029411764705882,
    "std": 2.0165776580008883,
    "p10": 7.0,
    "p90": 12.0,
    "n": 170
  },
  "12": {
    "mean": 8.928915662650603,
    "std": 1.9928374849266945,
    "p10": 7.0,
    "p90": 11.0,
    "n": 166
  },
  "13": {
    "mean": 8.509302325581395,
    "std": 2.0465133897103063,
    "p10": 6.080000000000001,
    "p90": 11.0,
    "n": 172
  },
  "14": {
    "mean": 7.234939759036145,
    "std": 1.963048571309108,
    "p10": 5.0,
    "p90": 9.0,
    "n": 166
  },
  "15": {
    "mean": 5.426881720430107,
    "std": 2.172438648899346,
    "p10": 3.0,
    "p90": 8.0,
    "n": 186
  },
  "16": {
    "mean": 3.8321608040201007,
    "std": 2.131952880605617,
    "p10": 1.0,
    "p90": 7.0,
    "n": 199
  },
  "17": {
    "mean": 2.5322404371584697,
    "std": 1.7272855243218124,
    "p10": 1.0,
    "p90": 4.0,
    "n": 183
  },
  "18": {
    "mean": 1.6170731707317072,
    "std": 1.25486096588146,
    "p10": 0.0,
    "p90": 3.0,
    "n": 164
  },
  "19": {
    "mean": 1.0204081632653061,
    "std": 0.9613730745272903,
    "p10": 0.0,
    "p90": 2.0,
    "n": 147
  },
  "20": {
    "mean": 0.8092105263157895,
    "std": 1.1435598689741606,
    "p10": 0.0,
    "p90": 2.0,
    "n": 152
  },
  "21": {
    "mean": 1.0993197278911564,
    "std": 1.201910385659465,
    "p10": 0.0,
    "p90": 2.0,
    "n": 147
  },
  "22": {
    "mean": 1.6394557823129252,
    "std": 1.3944389465914715,
    "p10": 0.0,
    "p90": 3.0,
    "n": 147
  },
  "23": {
    "mean": 2.6546666666666665,
    "std": 1.4991535270075416,
    "p10": 1.0,
    "p90": 5.0,
    "n": 150
  }
}