{
  "0": {
    "mean": 5.735294117647059,
    "std": 4.415604547788494,
    "p10": 1.0,
    "p90": 12.099999999999994,
    "n": 170
  },
  "1": {
    "mean": 6.586826347305389,
    "std": 4.511358501593954,
    "p10": 2.0,
    "p90": 13.400000000000006,
    "n": 167
  },
  "2": {
    "mean": 7.166060606060607,
    "std": 4.4757135549063936,
    "p10": 2.400000000000002,
    "p90": 14.0,
    "n": 165
  },
  "3": {
    "mean": 7.408045977011494,
    "std": 4.4786640862955895,
    "p10": 3.0,
    "p90": 14.0,
    "n": 174
  },
  "4": {
    "mean": 8.060818713450294,
    "std": 4.735751064962644,
    "p10": 3.0,
    "p90": 16.0,
    "n": 171
  },
  "5": {
    "mean": 8.612865497076022,
    "std": 5.033073961838029,
    "p10": 3.0,
    "p90": 17.0,
    "n": 171
  },
  "6": {
    "mean": 9.095238095238095,
    "std": 4.989903692971127,
    "p10": 3.0,
    "p90": 16.30000000000001,
    "n": 168
  },
  "7": {
    "mean": 9.533727810650888,
    "std": 5.168205080954633,
    "p10": 3.0,
    "p90": 17.0,
    "n": 169
  },
  "8": {
    "mean": 11.34319526627219,
    "std": 5.627025918003418,
    "p10": 4.0,
    "p90": 18.200000000000017,
    "n": 169
  },
  "9": {
    "mean": 12.03048780487805,
    "std": 6.219249536018107,
    "p10": 4.0,
    "p90": 20.0,
    "n": 164
  },
  "10": {
    "mean": 12.901775147928992,
    "std": 6.231567804837196,
    "p10": 5.0,
    "p90": 22.0,
    "n": 169
  },
  "11": {
    "mean": 13.240462427745664,
    "std": 6.4003255563117865,
    "p10": 5.0,
    "p90": 22.0,
    "n": 173
  },
  "12": {
    "mean": 13.525287356321837,
    "std": 6.881704292047996,
    "p10": 5.0,
    "p90": 24.0,
    "n": 174
  },
  "13": {
    "mean": 12.945360824742266,
    "std": 6.564854147104708,
    "p10": 5.0,
    "p90": 23.0,
    "n": 194
  },
  "14": {
    "mean": 12.715909090909092,
    "std": 6.315421241259005,
    "p10": 5.0,
    "p90": 22.0,
    "n": 176
  },
  "15": {
    "mean": 11.585227272727273,
    "std": 5.6844256354705545,
    "p10": 4.0,
    "p90": 20.0,
    "n": 176
  },
  "16": {
    "mean": 8.439784946236559,
    "std": 3.9065195620445876,
    "p10": 4.0,
    "p90": 14.0,
    "n": 186
  },
  "17": {
    "mean": 5.342391304347826,
    "std": 2.8143167820750614,
    "p10": 2.0,
    "p90": 10.0,
    "n": 184
  },
  "18": {
    "mean": 3.3039548022598866,
    "std": 2.1059537242908846,
    "p10": 1.0,
    "p90": 6.0,
    "n": 177
  },
  "19": {
    "mean": 1.8265895953757225,
    "std": 1.7300317376126155,
    "p10": 0.0,
    "p90": 4.0,
    "n": 173
  },
  "20": {
    "mean": 1.3176470588235294,
    "std": 1.7756523242094964,
    "p10": 0.0,
    "p90": 3.0,
    "n": 170
  },
  "21": {
    "mean": 1.7153374233128835,
    "std": 2.1426758055443025,
    "p10": 0.0,
    "p90": 4.0,
    "n": 163
  },
  "22": {
    "mean": 2.5345911949685536,
    "std": 2.4771867317528984,
    "p10": 0.0,
    "p90": 6.0,
    "n": 159
  },
  "23": {
    "mean": 3.8385093167701863,
    "std": 3.0143420117788815,
    "p10": 1.0,
    "p90": 8.0,
    "n": 161
  }
}