{
  "0": {
    "mean": 5.061437908496732,
    "std": 3.8197741077982794,
    "p10": 1.0,
    "p90": 8.800000000000011,
    "n": 153
  },
  "1": {
    "mean": 6.559210526315789,
    "std": 3.5653474843080817,
    "p10": 3.0,
    "p90": 10.0,
    "n": 152
  },
  "2": {
    "mean": 7.216867469879518,
    "std": 3.7174386515158355,
    "p10": 4.0,
    "p90": 11.0,
    "n": 166
  },
  "3": {
    "mean": 7.490243902439025,
    "std": 3.4398819267829475,
    "p10": 4.0,
    "p90": 11.0,
    "n": 164
  },
  "4": {
    "mean": 7.77816091954023,
    "std": 3.431001986725561,
    "p10": 4.0,
    "p90": 12.0,
    "n": 174
  },
  "5": {
    "mean": 8.241379310344827,
    "std": 3.7744057978665033,
    "p10": 4.5800000000000045,
    "p90": 12.700000000000017,
    "n": 174
  },
  "6": {
    "mean": 8.372121212121213,
    "std": 3.67535609488964,
    "p10": 5.0,
    "p90": 12.0,
    "n": 165
  },
  "7": {
    "mean": 8.643529411764707,
    "std": 3.6136803531020973,
    "p10": 5.0,
    "p90": 13.0,
    "n": 170
  },
  "8": {
    "mean": 9.113772455089821,
    "std": 3.7476726298707717,
    "p10": 5.359999999999998,
    "p90": 14.0,
    "n": 167
  },
  "9": {
    "mean": 9.232044198895027,
    "std": 3.789469431967144,
    "p10": 5.0,
    "p90": 13.0,
    "n": 181
  },
  "10": {
    "mean": 9.624705882352941,
    "std": 3.779308533304209,
    "p10": 6.0,
    "p90": 14.099999999999994,
    "n": 170
  },
  "11": {
    "mean": 9.590697674418605,
    "std": 3.8080747666678643,
    "p10": 6.0,
    "p90": 14.0,
    "n": 172
  },
  "12": {
    "mean": 9.442051282051283,
    "std": 3.6859829079034823,
    "p10": 5.239999999999999,
    "p90": 14.0,
    "n": 195
  },
  "13": {
    "mean": 9.567597765363129,
    "std": 3.838313700313911,
    "p10": 5.0,
    "p90": 14.0,
    "n": 179
  },
  "14": {
    "mean": 8.179775280898877,
    "std": 3.1553444850400263,
    "p10": 5.0,
    "p90": 11.0,
    "n": 178
  },
  "15": {
    "mean": 6.25668449197861,
    "std": 2.641927392294505,
    "p10": 4.0,
    "p90": 9.0,
    "n": 187
  },
  "16": {
    "mean": 4.47182320441989,
    "std": 2.9255828463388127,
    "p10": 2.0,
    "p90": 7.0,
    "n": 181
  },
  "17": {
    "mean": 2.81,
    "std": 3.1938680774398573,
    "p10": 0.0,
    "p90": 5.0,
    "n": 180
  },
  "18": {
    "mean": 1.7230769230769232,
    "std": 2.062064300923094,
    "p10": 0.0,
    "p90": 3.0,
    "n": 156
  },
  "19": {
    "mean": 1.4135802469135803,
    "std": 1.6853223210468,
    "p10": 0.0,
    "p90": 4.0,
    "n": 162
  },
  "20": {
    "mean": 1.338364779874214,
    "std": 1.6873242521567244,
    "p10": 0.0,
    "p90": 4.0,
    "n": 159
  },
  "21": {
    "mean": 1.729032258064516,
    "std": 1.948391535825061,
    "p10": 0.0,
    "p90": 4.0,
    "n": 155
  },
  "22": {
    "mean": 2.494871794871795,
    "std": 2.378012042395913,
    "p10": 0.0,
    "p90": 5.0,
    "n": 156
  },
  "23": {
    "mean": 3.627450980392157,
    "std": 2.8024480673651406,
    "p10": 1.0,
    "p90": 6.0,
    "n": 153
  }
}