{
  "0": {
    "mean": 5.329268292682927,
    "std": 4.571758808426366,
    "p10": 1.0,
    "p90": 11.0,
    "n": 164
  },
  "1": {
    "mean": 6.759748427672956,
    "std": 5.168638626637242,
    "p10": 1.0,
    "p90": 13.0,
    "n": 159
  },
  "2": {
    "mean": 7.574683544303797,
    "std": 5.836617735222688,
    "p10": 2.0,
    "p90": 14.0,
    "n": 158
  },
  "3": {
    "mean": 7.845283018867925,
    "std": 5.972677220383421,
    "p10": 2.0,
    "p90": 14.200000000000017,
    "n": 159
  },
  "4": {
    "mean": 8.059493670886077,
    "std": 5.7661657327830484,
    "p10": 2.0,
    "p90": 15.0,
    "n": 158
  },
  "5": {
    "mean": 8.858536585365853,
    "std": 6.610531683126754,
    "p10": 3.0,
    "p90": 16.0,
    "n": 164
  },
  "6": {
    "mean": 8.950310559006212,
    "std": 5.905422552870396,
    "p10": 3.0,
    "p90": 16.0,
    "n": 161
  },
  "7": {
    "mean": 9.637662337662338,
    "std": 5.816081805778996,
    "p10": 4.0,
    "p90": 16.0,
    "n": 154
  },
  "8": {
    "mean": 10.47875,
    "std": 5.887887444020913,
    "p10": 4.0,
    "p90": 18.0,
    "n": 160
  },
  "9": {
    "mean": 11.198742138364778,
    "std": 6.529756498274449,
    "p10": 4.0,
    "p90": 20.0,
    "n": 159
  },
  "10": {
    "mean": 11.93625,
    "std": 6.623927348787322,
    "p10": 4.0,
    "p90": 20.0,
    "n": 160
  },
  "11": {
    "mean": 12.448447204968945,
    "std": 6.635728158895442,
    "p10": 5.0,
    "p90": 22.0,
    "n": 161
  },
  "12": {
    "mean": 12.716981132075471,
    "std": 6.982266937624868,
    "p10": 4.0,
    "p90": 22.0,
    "n": 159
  },
  "13": {
    "mean": 12.493103448275862,
    "std": 6.617882467044735,
    "p10": 4.0,
    "p90": 21.0,
    "n": 174
  },
  "14": {
    "mean": 12.344303797468354,
    "std": 6.490281747006588,
    "p10": 4.0,
    "p90": 20.0,
    "n": 158
  },
  "15": {
    "mean": 10.279069767441861,
    "std": 5.301420228537679,
    "p10": 4.0,
    "p90": 17.0,
    "n": 172
  },
  "16": {
    "mean": 7.161290322580645,
    "std": 3.5099559482279044,
    "p10": 3.0,
    "p90": 11.0,
    "n": 186
  },
  "17": {
    "mean": 4.448554913294798,
    "std": 2.5691281422325334,
    "p10": 1.8399999999999976,
    "p90": 8.0,
    "n": 173
  },
  "18": {
    "mean": 2.8201117318435753,
    "std": 2.23748403768754,
    "p10": 0.0,
    "p90": 6.0,
    "n": 179
  },
  "19": {
    "mean": 1.8701754385964913,
    "std": 2.1748805169842993,
    "p10": 0.0,
    "p90": 5.0,
    "n": 171
  },
  "20": {
    "mean": 1.6994011976047905,
    "std": 2.242725778240423,
    "p10": 0.0,
    "p90": 5.0,
    "n": 167
  },
  "21": {
    "mean": 2.0943181818181817,
    "std": 2.388058767142188,
    "p10": 0.0,
    "p90": 5.0,
    "n": 176
  },
  "22": {
    "mean": 2.959006211180124,
    "std": 2.6763891731605813,
    "p10": 0.0,
    "p90": 7.0,
    "n": 161
  },
  "23": {
    "mean": 3.9245033112582783,
    "std": 2.9478798457516824,
    "p10": 1.0,
    "p90": 8.0,
    "n": 151
  }
}