{
  "0": {
    "mean": 5.585542168674699,
    "std": 4.571403405761848,
    "p10": 0.0,
    "p90": 11.0,
    "n": 166
  },
  "1": {
    "mean": 6.119047619047619,
    "std": 4.302526098011045,
    "p10": 1.0,
    "p90": 12.0,
    "n": 168
  },
  "2": {
    "mean": 6.871428571428571,
    "std": 4.3105933133885745,
    "p10": 2.0,
    "p90": 13.0,
    "n": 168
  },
  "3": {
    "mean": 7.702409638554216,
    "std": 4.282323807088276,
    "p10": 3.0,
    "p90": 13.0,
    "n": 166
  },
  "4": {
    "mean": 8.185964912280701,
    "std": 4.483516421810447,
    "p10": 2.0,
    "p90": 14.0,
    "n": 171
  },
  "5": {
    "mean": 8.678823529411765,
    "std": 4.505580868518142,
    "p10": 2.900000000000002,
    "p90": 14.0,
    "n": 170
  },
  "6": {
    "mean": 9.404761904761905,
    "std": 4.577474260075509,
    "p10": 3.0,
    "p90": 14.300000000000011,
    "n": 168
  },
  "7": {
    "mean": 9.951479289940828,
    "std": 4.642327342596443,
    "p10": 4.0,
    "p90": 15.200000000000017,
    "n": 169
  },
  "8": {
    "mean": 10.171428571428573,
    "std": 4.832072906261721,
    "p10": 4.0,
    "p90": 16.0,
    "n": 161
  },
  "9": {
    "mean": 10.52662721893491,
    "std": 4.719091277482042,
    "p10": 4.0,
    "p90": 16.200000000000017,
    "n": 169
  },
  "10": {
    "mean": 10.587209302325581,
    "std": 4.85481123901462,
    "p10": 4.0,
    "p90": 17.0,
    "n": 172
  },
  "11": {
    "mean": 10.196470588235293,
    "std": 4.4974403518073185,
    "p10": 4.180000000000003,
    "p90": 16.0,
    "n": 170
  },
  "12": {
    "mean": 8.997546012269938,
    "std": 3.989677280804621,
    "p10": 4.0,
    "p90": 14.800000000000011,
    "n": 163
  },
  "13": {
    "mean": 7.476923076923076,
    "std": 3.4467375879228146,
    "p10": 3.0,
    "p90": 12.0,
    "n": 169
  },
  "14": {
    "mean": 6.042105263157894,
    "std": 2.947079154314601,
    "p10": 3.0,
    "p90": 10.0,
    "n": 171
  },
  "15": {
    "mean": 4.484090909090909,
    "std": 2.9098016177302304,
    "p10": 1.0,
    "p90": 8.0,
    "n": 176
  },
  "16": {
    "mean": 3.0550561797752804,
    "std": 2.402047678060005,
    "p10": 1.0,
    "p90": 5.0,
    "n": 178
  },
  "17": {
    "mean": 2.3752941176470586,
    "std": 2.931986659412193,
    "p10": 0.0,
    "p90": 5.0,
    "n": 170
  },
  "18": {
    "mean": 1.5690476190476192,
    "std": 2.5936807679170064,
    "p10": 0.0,
    "p90": 4.0,
    "n": 168
  },
  "19": {
    "mean": 1.5098765432098764,
    "std": 2.2612097536232976,
    "p10": 0.0,
    "p90": 3.9000000000000057,
    "n": 162
  },
  "20": {
    "mean": 2.0412500000000002,
    "std": 2.4419908235679206,
    "p10": 0.0,
    "p90": 5.0,
    "n": 160
  },
  "21": {
    "mean": 3.414814814814815,
    "std": 2.6701530005298935,
    "p10": 1.0,
    "p90": 7.0,
    "n": 162
  },
  "22": {
    "mean": 4.413414634146342,
    "std": 3.057255764344697,
    "p10": 1.0,
    "p90": 9.0,
    "n": 164
  },
  "23": {
    "mean": 5.004571428571429,
    "std": 3.3763174038917994,
    "p10": 1.0,
    "p90": 9.599999999999994,
    "n": 175
  }
}