{
  "0": {
    "mean": 5.013709677419355,
    "std": 4.644856140445476,
    "p10": 0.0,
    "p90": 12.0,
    "n": 124
  },
  "1": {
    "mean": 5.534166666666666,
    "std": 4.3346851209792865,
    "p10": 1.0,
    "p90": 12.0,
    "n": 120
  },
  "2": {
    "mean": 5.9077519379844965,
    "std": 4.39377422473942,
    "p10": 1.0,
    "p90": 12.0,
    "n": 129
  },
  "3": {
    "mean": 6.267164179104477,
    "std": 4.026001507483087,
    "p10": 2.0,
    "p90": 12.0,
    "n": 134
  },
  "4": {
    "mean": 6.2912,
    "std": 3.8937504931910842,
    "p10": 2.0,
    "p90": 12.0,
    "n": 125
  },
  "5": {
    "mean": 7.025,
    "std": 4.1691984178202,
    "p10": 2.0,
    "p90": 12.070000000000002,
    "n": 124
  },
  "6": {
    "mean": 6.872950819672131,
    "std": 4.192063277967894,
    "p10": 2.0,
    "p90": 12.090000000000002,
    "n": 122
  },
  "7": {
    "mean": 6.987692307692308,
    "std": 4.421792673478392,
    "p10": 2.0,
    "p90": 13.0,
    "n": 130
  },
  "8": {
    "mean": 7.374242424242424,
    "std": 4.367202909616055,
    "p10": 2.1000000000000014,
    "p90": 12.900000000000006,
    "n": 132
  },
  "9": {
    "mean": 7.507352941176471,
    "std": 4.362459930461272,
    "p10": 3.0,
    "p90": 13.0,
    "n": 136
  },
  "10": {
    "mean": 7.883211678832117,
    "std": 4.553918308689293,
    "p10": 2.840000000000001,
    "p90": 14.0,
    "n": 137
  },
  "11": {
    "mean": 7.753076923076923,
    "std": 4.210179404038741,
    "p10": 3.0,
    "p90": 14.0,
    "n": 130
  },
  "12": {
    "mean": 7.410714285714286,
    "std": 4.326091103331832,
    "p10": 3.0,
    "p90": 14.0,
    "n": 140
  },
  "13": {
    "mean": 6.9232000000000005,
    "std": 4.0325917384521155,
    "p10": 3.0,
    "p90": 12.240000000000002,
    "n": 125
  },
  "14": {
    "mean": 5.671428571428571,
    "std": 3.8357483452340033,
    "p10": 2.0,
    "p90": 11.0,
    "n": 133
  },
  "15": {
    "mean": 4.7658914728682165,
    "std": 3.6566398536607143,
    "p10": 1.0,
    "p90": 9.0,
    "n": 129
  },
  "16": {
    "mean": 3.8895161290322577,
    "std": 3.4961725541215847,
    "p10": 1.0,
    "p90": 8.0,
    "n": 124
  },
  "17": {
    "mean": 3.320289855072464,
    "std": 3.8422005445915834,
    "p10": 0.0,
    "p90": 10.0,
    "n": 138
  },
  "18": {
    "mean": 2.6468253968253967,
    "std": 4.047808029201712,
    "p10": 0.0,
    "p90": 7.0,
    "n": 126
  },
  "19": {
    "mean": 2.6448,
    "std": 4.19022395274925,
    "p10": 0.0,
    "p90": 8.200000000000017,
    "n": 125
  },
  "20": {
    "mean": 3.2592,
    "std": 5.381391114068983,
    "p10": 0.0,
    "p90": 7.6000000000000085,
    "n": 125
  },
  "21": {
    "mean": 3.7719008264462808,
    "std": 5.4965780739853045,
    "p10": 0.0,
    "p90": 8.0,
    "n": 121
  },
  "22": {
    "mean": 3.804,
    "std": 4.979124161873738,
    "p10": 0.0,
    "p90": 9.0,
    "n": 125
  },
  "23": {
    "mean": 4.396581196581196,
    "std": 5.371443195652929,
    "p10": 0.0,
    "p90": 10.0,
    "n": 117
  }
}