{
  "0": {
    "mean": 8.805594405594405,
    "std": 5.939504605696945,
    "p10": 0.0,
    "p90": 16.0,
    "n": 143
  },
  "1": {
    "mean": 9.53103448275862,
    "std": 5.510161285718958,
    "p10": 2.0,
    "p90": 16.599999999999994,
    "n": 145
  },
  "2": {
    "mean": 10.030555555555557,
    "std": 5.403356607356452,
    "p10": 3.3000000000000007,
    "p90": 17.0,
    "n": 144
  },
  "3": {
    "mean": 10.622972972972974,
    "std": 5.314722135108684,
    "p10": 4.0,
    "p90": 18.0,
    "n": 148
  },
  "4": {
    "mean": 11.286713286713287,
    "std": 4.964865823219064,
    "p10": 5.0,
    "p90": 17.799999999999997,
    "n": 143
  },
  "5": {
    "mean": 11.977931034482758,
    "std": 4.93694221836077,
    "p10": 6.0,
    "p90": 18.599999999999994,
    "n": 145
  },
  "6": {
    "mean": 12.515068493150686,
    "std": 4.726671825608423,
    "p10": 6.5,
    "p90": 19.0,
    "n": 146
  },
  "7": {
    "mean": 13.103311258278145,
    "std": 4.574996061470701,
    "p10": 7.0,
    "p90": 19.0,
    "n": 151
  },
  "8": {
    "mean": 13.42547770700637,
    "std": 4.688979229282304,
    "p10": 7.0,
    "p90": 20.0,
    "n": 157
  },
  "9": {
    "mean": 13.530817610062893,
    "std": 4.76506205792647,
    "p10": 7.0,
    "p90": 19.200000000000017,
    "n": 159
  },
  "10": {
    "mean": 12.69032258064516,
    "std": 4.437865027145612,
    "p10": 6.0,
    "p90": 17.599999999999994,
    "n": 155
  },
  "11": {
    "mean": 11.444585987261146,
    "std": 3.9511503502543657,
    "p10": 6.0,
    "p90": 16.0,
    "n": 157
  },
  "12": {
    "mean": 10.074666666666667,
    "std": 3.5960117107308824,
    "p10": 6.0,
    "p90": 14.099999999999994,
    "n": 150
  },
  "13": {
    "mean": 8.368707482993196,
    "std": 3.266995660652834,
    "p10": 4.0,
    "p90": 12.160000000000002,
    "n": 147
  },
  "14": {
    "mean": 6.8423841059602655,
    "std": 3.492361895834829,
    "p10": 3.0,
    "p90": 11.0,
    "n": 151
  },
  "15": {
    "mean": 5.248,
    "std": 3.4172621405026504,
    "p10": 1.9000000000000004,
    "p90": 10.0,
    "n": 150
  },
  "16": {
    "mean": 3.8370860927152317,
    "std": 3.2751512106372482,
    "p10": 0.0,
    "p90": 7.0,
    "n": 151
  },
  "17": {
    "mean": 3.27843137254902,
    "std": 3.3463440611884763,
    "p10": 0.0,
    "p90": 7.320000000000009,
    "n": 153
  },
  "18": {
    "mean": 3.0454545454545454,
    "std": 3.8183268229263136,
    "p10": 0.0,
    "p90": 8.0,
    "n": 154
  },
  "19": {
    "mean": 2.8026143790849676,
    "std": 3.578222649665801,
    "p10": 0.0,
    "p90": 7.0,
    "n": 153
  },
  "20": {
    "mean": 3.9240506329113924,
    "std": 4.694249502564222,
    "p10": 0.0,
    "p90": 12.0,
    "n": 158
  },
  "21": {
    "mean": 4.486666666666666,
    "std": 4.7171494444666235,
    "p10": 0.0,
    "p90": 12.0,
    "n": 150
  },
  "22": {
    "mean": 5.57687074829932,
    "std": 4.6438362157001265,
    "p10": 1.0,
    "p90": 13.0,
    "n": 147
  },
  "23": {
    "mean": 6.771428571428571,
    "std": 4.480722669653107,
    "p10": 2.0,
    "p90": 12.100000000000009,
    "n": 140
  }
}