{
  "0": {
    "mean": 6.9872832369942195,
    "std": 4.731839225925588,
    "p10": 0.0,
    "p90": 14.0,
    "n": 173
  },
  "1": {
    "mean": 7.9447852760736195,
    "std": 4.44279349022875,
    "p10": 2.0,
    "p90": 14.0,
    "n": 163
  },
  "2": {
    "mean": 9.064406779661017,
    "std": 4.381849030318049,
    "p10": 4.0,
    "p90": 15.0,
    "n": 177
  },
  "3": {
    "mean": 9.196449704142012,
    "std": 4.123190706975149,
    "p10": 4.0,
    "p90": 15.200000000000017,
    "n": 169
  },
  "4": {
    "mean": 10.05549132947977,
    "std": 4.061179862956677,
    "p10": 5.0,
    "p90": 16.0,
    "n": 173
  },
  "5": {
    "mean": 10.577906976744186,
    "std": 3.6517047581121447,
    "p10": 6.0600000000000005,
    "p90": 16.0,
    "n": 172
  },
  "6": {
    "mean": 10.97325581395349,
    "std": 3.773094171907583,
    "p10": 6.0,
    "p90": 16.0,
    "n": 172
  },
  "7": {
    "mean": 11.656976744186046,
    "std": 3.639582287505832,
    "p10": 7.0,
    "p90": 16.900000000000006,
    "n": 172
  },
  "8": {
    "mean": 12.355294117647059,
    "std": 3.7988321432550713,
    "p10": 7.599999999999994,
    "p90": 18.0,
    "n": 170
  },
  "9": {
    "mean": 12.841304347826087,
    "std": 3.6640970282662146,
    "p10": 8.0,
    "p90": 18.0,
    "n": 184
  },
  "10": {
    "mean": 12.446408839779007,
    "std": 3.6604873428926052,
    "p10": 7.0,
    "p90": 17.0,
    "n": 181
  },
  "11": {
    "mean": 11.313095238095238,
    "std": 3.496423485288956,
    "p10": 6.699999999999999,
    "p90": 16.0,
    "n": 168
  },
  "12": {
    "mean": 9.779761904761905,
    "std": 3.354834915199356,
    "p10": 5.820000000000001,
    "p90": 14.0,
    "n": 168
  },
  "13": {
    "mean": 8.089940828402366,
    "std": 3.353314724169955,
    "p10": 4.0,
    "p90": 12.0,
    "n": 169
  },
  "14": {
    "mean": 6.245086705202312,
    "std": 3.0959917106915986,
    "p10": 3.0,
    "p90": 10.0,
    "n": 173
  },
  "15": {
    "mean": 4.648192771084338,
    "std": 2.8432316843864376,
    "p10": 1.0,
    "p90": 9.0,
    "n": 166
  },
  "16": {
    "mean": 3.5174418604651163,
    "std": 2.715676468361164,
    "p10": 1.0,
    "p90": 7.0,
    "n": 172
  },
  "17": {
    "mean": 3.3673913043478256,
    "std": 4.374419148217912,
    "p10": 0.0,
    "p90": 7.760000000000015,
    "n": 184
  },
  "18": {
    "mean": 2.290285714285714,
    "std": 3.4575034891765926,
    "p10": 0.0,
    "p90": 6.0,
    "n": 175
  },
  "19": {
    "mean": 2.815909090909091,
    "std": 3.7046653633689295,
    "p10": 0.0,
    "p90": 8.5,
    "n": 176
  },
  "20": {
    "mean": 3.077011494252874,
    "std": 3.3931314896752096,
    "p10": 0.0,
    "p90": 8.700000000000017,
    "n": 174
  },
  "21": {
    "mean": 3.802395209580838,
    "std": 3.4922280680123188,
    "p10": 0.0,
    "p90": 8.0,
    "n": 167
  },
  "22": {
    "mean": 4.942528735632184,
    "std": 4.000856329837633,
    "p10": 1.0,
    "p90": 10.0,
    "n": 174
  },
  "23": {
    "mean": 6.7674157303370785,
    "std": 4.432960146076245,
    "p10": 2.0,
    "p90": 12.0,
    "n": 178
  }
}