{
  "0": {
    "mean": 7.482634730538922,
    "std": 6.907661034545929,
    "p10": 0.0,
    "p90": 17.0,
    "n": 167
  },
  "1": {
    "mean": 7.889595375722543,
    "std": 6.718034246537666,
    "p10": 1.0,
    "p90": 17.0,
    "n": 173
  },
  "2": {
    "mean": 8.300546448087431,
    "std": 6.737189694114235,
    "p10": 1.0,
    "p90": 17.0,
    "n": 183
  },
  "3": {
    "mean": 8.903333333333332,
    "std": 6.596104318366331,
    "p10": 2.0,
    "p90": 18.099999999999994,
    "n": 180
  },
  "4": {
    "mean": 9.148618784530388,
    "std": 6.554333661655612,
    "p10": 2.0,
    "p90": 18.0,
    "n": 181
  },
  "5": {
    "mean": 9.71808510638298,
    "std": 6.345034064222241,
    "p10": 3.0,
    "p90": 18.30000000000001,
    "n": 188
  },
  "6": {
    "mean": 10.465463917525774,
    "std": 6.510604585094854,
    "p10": 2.2399999999999998,
    "p90": 19.0,
    "n": 194
  },
  "7": {
    "mean": 11.146596858638743,
    "std": 6.577751690740743,
    "p10": 3.0,
    "p90": 20.0,
    "n": 191
  },
  "8": {
    "mean": 11.466111111111111,
    "std": 6.202794143216109,
    "p10": 4.0,
    "p90": 19.099999999999994,
    "n": 180
  },
  "9": {
    "mean": 11.611827956989249,
    "std": 5.97049229646376,
    "p10": 4.0,
    "p90": 19.5,
    "n": 186
  },
  "10": {
    "mean": 11.679144385026738,
    "std": 5.779668044520148,
    "p10": 4.0,
    "p90": 19.400000000000006,
    "n": 187
  },
  "11": {
    "mean": 11.217297297297296,
    "std": 5.518262490727381,
    "p10": 4.0,
    "p90": 18.0,
    "n": 185
  },
  "12": {
    "mean": 10.38150289017341,
    "std": 5.162364255351753,
    "p10": 4.0,
    "p90": 17.0,
    "n": 173
  },
  "13": {
    "mean": 9.217613636363636,
    "std": 4.531436478473637,
    "p10": 4.0,
    "p90": 15.0,
    "n": 176
  },
  "14": {
    "mean": 7.628977272727273,
    "std": 4.1579130863651095,
    "p10": 2.0,
    "p90": 13.0,
    "n": 176
  },
  "15": {
    "mean": 6.533714285714286,
    "std": 3.900155527192344,
    "p10": 2.0,
    "p90": 12.0,
    "n": 175
  },
  "16": {
    "mean": 5.069230769230769,
    "std": 3.624767237570136,
    "p10": 1.0,
    "p90": 9.900000000000006,
    "n": 182
  },
  "17": {
    "mean": 4.130057803468208,
    "std": 3.8876097901358704,
    "p10": 1.0,
    "p90": 9.84000000000001,
    "n": 173
  },
  "18": {
    "mean": 3.3619791666666665,
    "std": 3.7340463068303293,
    "p10": 0.0,
    "p90": 8.0,
    "n": 192
  },
  "19": {
    "mean": 2.984831460674157,
    "std": 3.98259564235814,
    "p10": 0.0,
    "p90": 8.300000000000011,
    "n": 178
  },
  "20": {
    "mean": 3.8635838150289015,
    "std": 4.942401131237944,
    "p10": 0.0,
    "p90": 9.0,
    "n": 173
  },
  "21": {
    "mean": 4.617297297297298,
    "std": 5.273850919893772,
    "p10": 0.0,
    "p90": 10.0,
    "n": 185
  },
  "22": {
    "mean": 5.3914285714285715,
    "std": 5.011571175649836,
    "p10": 1.0,
    "p90": 10.599999999999994,
    "n": 175
  },
  "23": {
    "mean": 6.228409090909091,
    "std": 5.3195799804901105,
    "p10": 1.0,
    "p90": 13.0,
    "n": 176
  }
}