{
  "0": {
    "mean": 8.672151898734178,
    "std": 5.829781582668475,
    "p10": 0.0,
    "p90": 16.0,
    "n": 158
  },
  "1": {
    "mean": 9.409937888198758,
    "std": 5.411182922533485,
    "p10": 2.0,
    "p90": 16.0,
    "n": 161
  },
  "2": {
    "mean": 9.918518518518518,
    "std": 5.2881470908943555,
    "p10": 3.1000000000000014,
    "p90": 16.0,
    "n": 162
  },
  "3": {
    "mean": 10.56219512195122,
    "std": 5.195447281273426,
    "p10": 4.0,
    "p90": 17.700000000000017,
    "n": 164
  },
  "4": {
    "mean": 11.234177215189874,
    "std": 4.875112569687069,
    "p10": 5.0,
    "p90": 17.0,
    "n": 158
  },
  "5": {
    "mean": 11.925925925925926,
    "std": 4.801650279917106,
    "p10": 6.0,
    "p90": 17.900000000000006,
    "n": 162
  },
  "6": {
    "mean": 12.436809815950921,
    "std": 4.614215247742097,
    "p10": 7.0,
    "p90": 18.80000000000001,
    "n": 163
  },
  "7": {
    "mean": 13.05748502994012,
    "std": 4.480646564595643,
    "p10": 7.0,
    "p90": 19.0,
    "n": 167
  },
  "8": {
    "mean": 13.397687861271677,
    "std": 4.562842261864212,
    "p10": 7.0,
    "p90": 19.0,
    "n": 173
  },
  "9": {
    "mean": 13.469662921348316,
    "std": 4.599100980543794,
    "p10": 7.0,
    "p90": 19.0,
    "n": 178
  },
  "10": {
    "mean": 12.708571428571428,
    "std": 4.282748837210427,
    "p10": 6.0,
    "p90": 17.0,
    "n": 175
  },
  "11": {
    "mean": 11.444571428571429,
    "std": 3.8520425562941045,
    "p10": 6.400000000000002,
    "p90": 16.0,
    "n": 175
  },
  "12": {
    "mean": 10.097005988023952,
    "std": 3.532148824616686,
    "p10": 6.0,
    "p90": 14.0,
    "n": 167
  },
  "13": {
    "mean": 8.303703703703702,
    "std": 3.2055249061714646,
    "p10": 4.0,
    "p90": 12.0,
    "n": 162
  },
  "14": {
    "mean": 6.742168674698796,
    "std": 3.41405723201847,
    "p10": 3.0,
    "p90": 11.0,
    "n": 166
  },
  "15": {
    "mean": 5.121686746987952,
    "std": 3.3246024394001936,
    "p10": 1.5,
    "p90": 9.5,
    "n": 166
  },
  "16": {
    "mean": 3.740476190476191,
    "std": 3.1648185443388988,
    "p10": 0.0,
    "p90": 7.0,
    "n": 168
  },
  "17": {
    "mean": 3.1321637426900586,
    "std": 3.243974595003884,
    "p10": 0.0,
    "p90": 7.0,
    "n": 171
  },
  "18": {
    "mean": 2.8411764705882354,
    "std": 3.7040772071920336,
    "p10": 0.0,
    "p90": 7.099999999999994,
    "n": 170
  },
  "19": {
    "mean": 2.7239766081871344,
    "std": 3.492927051583654,
    "p10": 0.0,
    "p90": 7.0,
    "n": 171
  },
  "20": {
    "mean": 3.7758620689655173,
    "std": 4.554625813891245,
    "p10": 0.0,
    "p90": 11.400000000000034,
    "n": 174
  },
  "21": {
    "mean": 4.284848484848485,
    "std": 4.575659436156024,
    "p10": 0.0,
    "p90": 11.0,
    "n": 165
  },
  "22": {
    "mean": 5.336196319018405,
    "std": 4.545392757424337,
    "p10": 1.0,
    "p90": 12.0,
    "n": 163
  },
  "23": {
    "mean": 6.823899371069182,
    "std": 4.638221220583981,
    "p10": 2.0,
    "p90": 14.0,
    "n": 159
  }
}