{
  "0": {
    "mean": 7.934939759036143,
    "std": 7.2888197279567875,
    "p10": 0.0,
    "p90": 19.0,
    "n": 166
  },
  "1": {
    "mean": 8.50414201183432,
    "std": 7.088760008344409,
    "p10": 1.0,
    "p90": 18.200000000000017,
    "n": 169
  },
  "2": {
    "mean": 9.427380952380952,
    "std": 7.07763367862005,
    "p10": 2.0,
    "p90": 18.30000000000001,
    "n": 168
  },
  "3": {
    "mean": 9.753846153846155,
    "std": 6.634541646349271,
    "p10": 2.0,
    "p90": 18.0,
    "n": 169
  },
  "4": {
    "mean": 10.374545454545455,
    "std": 6.3048631495704575,
    "p10": 3.0,
    "p90": 18.0,
    "n": 165
  },
  "5": {
    "mean": 10.835714285714285,
    "std": 6.248978701842579,
    "p10": 3.6999999999999993,
    "p90": 18.30000000000001,
    "n": 168
  },
  "6": {
    "mean": 11.307344632768363,
    "std": 5.9393145322930945,
    "p10": 4.0,
    "p90": 18.400000000000006,
    "n": 177
  },
  "7": {
    "mean": 11.605617977528091,
    "std": 5.982249818653709,
    "p10": 4.0,
    "p90": 19.0,
    "n": 178
  },
  "8": {
    "mean": 12.516167664670657,
    "std": 5.844792939175837,
    "p10": 4.600000000000001,
    "p90": 19.0,
    "n": 167
  },
  "9": {
    "mean": 12.948913043478262,
    "std": 5.764049020189828,
    "p10": 6.0,
    "p90": 20.0,
    "n": 184
  },
  "10": {
    "mean": 12.681395348837208,
    "std": 5.531230029925972,
    "p10": 6.0,
    "p90": 19.0,
    "n": 172
  },
  "11": {
    "mean": 11.657831325301204,
    "std": 5.399396610103262,
    "p10": 4.0,
    "p90": 18.0,
    "n": 166
  },
  "12": {
    "mean": 10.915853658536584,
    "std": 4.9207204199025,
    "p10": 5.0,
    "p90": 17.0,
    "n": 164
  },
  "13": {
    "mean": 9.762130177514795,
    "std": 5.447191081046187,
    "p10": 3.840000000000001,
    "p90": 16.0,
    "n": 169
  },
  "14": {
    "mean": 8.41849710982659,
    "std": 4.7878849102955465,
    "p10": 3.0,
    "p90": 15.0,
    "n": 173
  },
  "15": {
    "mean": 6.671508379888267,
    "std": 3.9719555458332434,
    "p10": 2.0,
    "p90": 12.0,
    "n": 179
  },
  "16": {
    "mean": 5.265536723163842,
    "std": 3.7405333343073135,
    "p10": 1.0,
    "p90": 11.0,
    "n": 177
  },
  "17": {
    "mean": 4.360479041916167,
    "std": 3.7245030085506285,
    "p10": 1.0,
    "p90": 9.400000000000006,
    "n": 167
  },
  "18": {
    "mean": 3.384431137724551,
    "std": 3.684221911083662,
    "p10": 0.0,
    "p90": 8.400000000000006,
    "n": 167
  },
  "19": {
    "mean": 3.3544910179640723,
    "std": 3.869415238452634,
    "p10": 0.0,
    "p90": 9.0,
    "n": 167
  },
  "20": {
    "mean": 4.125641025641026,
    "std": 3.96332984463857,
    "p10": 0.0,
    "p90": 10.0,
    "n": 156
  },
  "21": {
    "mean": 4.7176470588235295,
    "std": 4.288119723406683,
    "p10": 0.0,
    "p90": 11.099999999999994,
    "n": 170
  },
  "22": {
    "mean": 5.42,
    "std": 4.2400427196139105,
    "p10": 1.0,
    "p90": 12.0,
    "n": 160
  },
  "23": {
    "mean": 7.096385542168675,
    "std": 4.626863478037335,
    "p10": 1.6000000000000014,
    "p90": 14.0,
    "n": 166
  }
}