{
  "0": {
    "mean": 5.940764331210191,
    "std": 5.272290352958485,
    "p10": 0.0,
    "p90": 14.400000000000006,
    "n": 157
  },
  "1": {
    "mean": 6.362820512820512,
    "std": 5.123610344388505,
    "p10": 1.0,
    "p90": 14.5,
    "n": 156
  },
  "2": {
    "mean": 6.774698795180722,
    "std": 4.864188078837164,
    "p10": 1.1000000000000014,
    "p90": 14.0,
    "n": 166
  },
  "3": {
    "mean": 7.363030303030302,
    "std": 4.829005657412302,
    "p10": 2.0,
    "p90": 16.0,
    "n": 165
  },
  "4": {
    "mean": 8.02012987012987,
    "std": 4.993687255057546,
    "p10": 2.0,
    "p90": 16.0,
    "n": 154
  },
  "5": {
    "mean": 8.496153846153847,
    "std": 5.08509377101835,
    "p10": 2.0,
    "p90": 17.0,
    "n": 156
  },
  "6": {
    "mean": 8.799386503067485,
    "std": 4.637521381036405,
    "p10": 3.0,
    "p90": 15.600000000000023,
    "n": 163
  },
  "7": {
    "mean": 9.166875000000001,
    "std": 4.72077866238667,
    "p10": 3.98,
    "p90": 15.01,
    "n": 160
  },
  "8": {
    "mean": 9.709032258064516,
    "std": 4.829486915044811,
    "p10": 4.0,
    "p90": 16.599999999999994,
    "n": 155
  },
  "9": {
    "mean": 9.777639751552796,
    "std": 4.825453024785336,
    "p10": 3.8999999999999986,
    "p90": 16.0,
    "n": 161
  },
  "10": {
    "mean": 9.946666666666667,
    "std": 4.776907527727041,
    "p10": 4.0,
    "p90": 16.0,
    "n": 165
  },
  "11": {
    "mean": 10.310285714285714,
    "std": 4.910978485802307,
    "p10": 4.0,
    "p90": 16.599999999999994,
    "n": 175
  },
  "12": {
    "mean": 9.89171974522293,
    "std": 4.526488447410809,
    "p10": 3.0,
    "p90": 15.400000000000006,
    "n": 157
  },
  "13": {
    "mean": 8.832075471698115,
    "std": 4.5327545032433685,
    "p10": 3.0,
    "p90": 15.0,
    "n": 159
  },
  "14": {
    "mean": 8.011764705882353,
    "std": 4.641856779923855,
    "p10": 3.0,
    "p90": 14.0,
    "n": 153
  },
  "15": {
    "mean": 7.116666666666667,
    "std": 4.840858805882964,
    "p10": 2.0,
    "p90": 13.55,
    "n": 156
  },
  "16": {
    "mean": 5.689937106918238,
    "std": 4.644721993949979,
    "p10": 2.0,
    "p90": 11.200000000000017,
    "n": 159
  },
  "17": {
    "mean": 4.5206060606060605,
    "std": 4.523805555461194,
    "p10": 1.0,
    "p90": 10.0,
    "n": 165
  },
  "18": {
    "mean": 4.170059880239521,
    "std": 4.958399408598296,
    "p10": 0.0,
    "p90": 11.400000000000006,
    "n": 167
  },
  "19": {
    "mean": 3.5214285714285714,
    "std": 5.053426512226377,
    "p10": 0.0,
    "p90": 10.0,
    "n": 154
  },
  "20": {
    "mean": 3.4739130434782606,
    "std": 5.063429195455518,
    "p10": 0.0,
    "p90": 10.0,
    "n": 161
  },
  "21": {
    "mean": 4.185430463576159,
    "std": 5.723313694600281,
    "p10": 0.0,
    "p90": 14.0,
    "n": 151
  },
  "22": {
    "mean": 5.018589743589744,
    "std": 5.723982422451982,
    "p10": 1.0,
    "p90": 13.0,
    "n": 156
  },
  "23": {
    "mean": 5.0272108843537415,
    "std": 5.56846007860378,
    "p10": 0.0,
    "p90": 11.0,
    "n": 147
  }
}