{
  "0": {
    "mean": 6.693567251461988,
    "std": 4.648809413663704,
    "p10": 0.4000000000000057,
    "p90": 13.0,
    "n": 171
  },
  "1": {
    "mean": 7.285549132947978,
    "std": 4.526468586580987,
    "p10": 2.0,
    "p90": 13.0,
    "n": 173
  },
  "2": {
    "mean": 8.026436781609195,
    "std": 4.3508011293414235,
    "p10": 2.3000000000000007,
    "p90": 14.0,
    "n": 174
  },
  "3": {
    "mean": 8.280745341614907,
    "std": 4.114084277332417,
    "p10": 3.0,
    "p90": 14.0,
    "n": 161
  },
  "4": {
    "mean": 8.84268292682927,
    "std": 4.0312743798756365,
    "p10": 4.0,
    "p90": 14.0,
    "n": 164
  },
  "5": {
    "mean": 9.487951807228916,
    "std": 3.7307208691785005,
    "p10": 5.0,
    "p90": 14.0,
    "n": 166
  },
  "6": {
    "mean": 10.05497076023392,
    "std": 3.7135707209019233,
    "p10": 5.0,
    "p90": 14.0,
    "n": 171
  },
  "7": {
    "mean": 10.56,
    "std": 3.7725009361972943,
    "p10": 6.0,
    "p90": 15.0,
    "n": 170
  },
  "8": {
    "mean": 10.991764705882352,
    "std": 3.7264038461742777,
    "p10": 6.0,
    "p90": 16.0,
    "n": 170
  },
  "9": {
    "mean": 11.283615819209038,
    "std": 3.7562391172703546,
    "p10": 6.600000000000001,
    "p90": 16.0,
    "n": 177
  },
  "10": {
    "mean": 11.256043956043955,
    "std": 3.561386184629272,
    "p10": 6.0,
    "p90": 16.0,
    "n": 182
  },
  "11": {
    "mean": 10.562285714285714,
    "std": 3.2411427367114345,
    "p10": 6.0,
    "p90": 14.0,
    "n": 175
  },
  "12": {
    "mean": 9.124260355029586,
    "std": 2.9166910195014393,
    "p10": 5.0,
    "p90": 13.0,
    "n": 169
  },
  "13": {
    "mean": 7.452941176470588,
    "std": 2.766968658776149,
    "p10": 4.0,
    "p90": 11.0,
    "n": 170
  },
  "14": {
    "mean": 5.774390243902439,
    "std": 2.57483389067466,
    "p10": 2.3000000000000007,
    "p90": 9.0,
    "n": 164
  },
  "15": {
    "mean": 4.186746987951807,
    "std": 2.3022661344377076,
    "p10": 1.3999999999999986,
    "p90": 7.0,
    "n": 166
  },
  "16": {
    "mean": 2.9404761904761907,
    "std": 2.314914881720136,
    "p10": 0.0,
    "p90": 5.0,
    "n": 168
  },
  "17": {
    "mean": 2.2210526315789476,
    "std": 2.0947051042292832,
    "p10": 0.0,
    "p90": 5.0,
    "n": 171
  },
  "18": {
    "mean": 1.73125,
    "std": 2.093060937490907,
    "p10": 0.0,
    "p90": 4.099999999999994,
    "n": 160
  },
  "19": {
    "mean": 1.8591715976331364,
    "std": 2.5181818413004193,
    "p10": 0.0,
    "p90": 6.0,
    "n": 169
  },
  "20": {
    "mean": 2.4209944751381216,
    "std": 2.567792200179493,
    "p10": 0.0,
    "p90": 6.0,
    "n": 181
  },
  "21": {
    "mean": 3.7755555555555556,
    "std": 3.6117533497549568,
    "p10": 0.0,
    "p90": 9.0,
    "n": 180
  },
  "22": {
    "mean": 4.770059880239521,
    "std": 3.3770757110018335,
    "p10": 1.0,
    "p90": 10.0,
    "n": 167
  },
  "23": {
    "mean": 6.531182795698925,
    "std": 3.8341841796087306,
    "p10": 2.5,
    "p90": 12.0,
    "n": 186
  }
}