{
  "0": {
    "mean": 5.954088050314466,
    "std": 5.283455693781054,
    "p10": 0.0,
    "p90": 14.200000000000017,
    "n": 159
  },
  "1": {
    "mean": 6.377215189873417,
    "std": 5.13016430789598,
    "p10": 1.0,
    "p90": 14.300000000000011,
    "n": 158
  },
  "2": {
    "mean": 6.795238095238095,
    "std": 4.875906911175012,
    "p10": 1.1000000000000014,
    "p90": 14.0,
    "n": 168
  },
  "3": {
    "mean": 7.388622754491017,
    "std": 4.843259123270382,
    "p10": 2.0,
    "p90": 16.0,
    "n": 167
  },
  "4": {
    "mean": 8.051923076923076,
    "std": 4.995474999583527,
    "p10": 2.0,
    "p90": 16.0,
    "n": 156
  },
  "5": {
    "mean": 8.546835443037976,
    "std": 5.110357546493525,
    "p10": 2.0,
    "p90": 17.0,
    "n": 158
  },
  "6": {
    "mean": 8.856363636363636,
    "std": 4.677544838974914,
    "p10": 3.0,
    "p90": 16.0,
    "n": 165
  },
  "7": {
    "mean": 9.421212121212122,
    "std": 4.913182713421304,
    "p10": 4.0,
    "p90": 17.0,
    "n": 165
  },
  "8": {
    "mean": 9.828481012658228,
    "std": 4.8953128729266115,
    "p10": 4.0,
    "p90": 17.0,
    "n": 158
  },
  "9": {
    "mean": 9.885365853658536,
    "std": 4.866566090119574,
    "p10": 3.9299999999999993,
    "p90": 16.0,
    "n": 164
  },
  "10": {
    "mean": 10.09112426035503,
    "std": 4.83181217014514,
    "p10": 4.0,
    "p90": 17.0,
    "n": 169
  },
  "11": {
    "mean": 10.507222222222222,
    "std": 5.009499696867067,
    "p10": 4.0,
    "p90": 17.099999999999994,
    "n": 180
  },
  "12": {
    "mean": 9.949685534591195,
    "std": 4.5442532106230376,
    "p10": 3.0,
    "p90": 16.0,
    "n": 159
  },
  "13": {
    "mean": 8.859006211180125,
    "std": 4.523224403698226,
    "p10": 3.0,
    "p90": 15.0,
    "n": 161
  },
  "14": {
    "mean": 8.031847133757962,
    "std": 4.602132145448934,
    "p10": 3.0,
    "p90": 14.0,
    "n": 157
  },
  "15": {
    "mean": 7.077215189873418,
    "std": 4.827890028961125,
    "p10": 2.0,
    "p90": 13.410000000000009,
    "n": 158
  },
  "16": {
    "mean": 5.596913580246913,
    "std": 4.651566527546078,
    "p10": 1.0,
    "p90": 11.0,
    "n": 162
  },
  "17": {
    "mean": 4.4664670658682635,
    "std": 4.523441098422389,
    "p10": 1.0,
    "p90": 10.0,
    "n": 167
  },
  "18": {
    "mean": 4.120710059171597,
    "std": 4.949505455570243,
    "p10": 0.0,
    "p90": 11.200000000000017,
    "n": 169
  },
  "19": {
    "mean": 3.476282051282051,
    "std": 5.036423618190718,
    "p10": 0.0,
    "p90": 10.0,
    "n": 156
  },
  "20": {
    "mean": 3.4312883435582817,
    "std": 5.046677448400741,
    "p10": 0.0,
    "p90": 10.0,
    "n": 163
  },
  "21": {
    "mean": 4.143790849673203,
    "std": 5.698266473066488,
    "p10": 0.0,
    "p90": 13.600000000000023,
    "n": 153
  },
  "22": {
    "mean": 4.993037974683545,
    "std": 5.693029787745169,
    "p10": 1.0,
    "p90": 12.600000000000023,
    "n": 158
  },
  "23": {
    "mean": 5.006711409395973,
    "std": 5.533823081368111,
    "p10": 0.0,
    "p90": 11.0,
    "n": 149
  }
}