{
  "0": {
    "mean": 5.026845637583893,
    "std": 4.435645400378974,
    "p10": 0.0,
    "p90": 11.200000000000017,
    "n": 149
  },
  "1": {
    "mean": 5.480769230769231,
    "std": 4.177468215892143,
    "p10": 1.0,
    "p90": 11.5,
    "n": 156
  },
  "2": {
    "mean": 6.094193548387097,
    "std": 4.236655730700523,
    "p10": 1.0,
    "p90": 12.0,
    "n": 155
  },
  "3": {
    "mean": 6.788961038961039,
    "std": 4.288662080756255,
    "p10": 1.7999999999999972,
    "p90": 13.0,
    "n": 154
  },
  "4": {
    "mean": 7.379084967320262,
    "std": 4.235573868947632,
    "p10": 2.0,
    "p90": 13.0,
    "n": 153
  },
  "5": {
    "mean": 7.777215189873417,
    "std": 4.169710291516884,
    "p10": 3.0,
    "p90": 14.0,
    "n": 158
  },
  "6": {
    "mean": 8.173684210526316,
    "std": 4.306082819757416,
    "p10": 3.0,
    "p90": 14.0,
    "n": 152
  },
  "7": {
    "mean": 8.581699346405228,
    "std": 4.3401648936128705,
    "p10": 3.0,
    "p90": 14.800000000000011,
    "n": 153
  },
  "8": {
    "mean": 8.8275,
    "std": 4.430454212414558,
    "p10": 3.0,
    "p90": 15.0,
    "n": 160
  },
  "9": {
    "mean": 9.3975,
    "std": 4.406626656589601,
    "p10": 3.9000000000000004,
    "p90": 16.0,
    "n": 160
  },
  "10": {
    "mean": 9.360606060606061,
    "std": 4.549479961834515,
    "p10": 3.0,
    "p90": 15.0,
    "n": 165
  },
  "11": {
    "mean": 9.73,
    "std": 4.335614182047393,
    "p10": 4.0,
    "p90": 15.0,
    "n": 150
  },
  "12": {
    "mean": 8.670807453416149,
    "std": 3.9761419704210907,
    "p10": 3.0,
    "p90": 14.0,
    "n": 161
  },
  "13": {
    "mean": 7.529629629629629,
    "std": 3.6819163402375037,
    "p10": 3.0,
    "p90": 12.0,
    "n": 162
  },
  "14": {
    "mean": 6.176470588235294,
    "std": 3.4945778433747297,
    "p10": 2.0,
    "p90": 10.0,
    "n": 153
  },
  "15": {
    "mean": 4.87125,
    "std": 3.4188781767447325,
    "p10": 1.9000000000000004,
    "p90": 9.099999999999994,
    "n": 160
  },
  "16": {
    "mean": 3.738562091503268,
    "std": 3.051684698287817,
    "p10": 1.0,
    "p90": 6.0,
    "n": 153
  },
  "17": {
    "mean": 2.905952380952381,
    "std": 3.0814823087721512,
    "p10": 0.0,
    "p90": 7.0,
    "n": 168
  },
  "18": {
    "mean": 2.067515923566879,
    "std": 3.012840395929957,
    "p10": 0.0,
    "p90": 6.0,
    "n": 157
  },
  "19": {
    "mean": 2.1464968152866244,
    "std": 3.3908158133106396,
    "p10": 0.0,
    "p90": 8.0,
    "n": 157
  },
  "20": {
    "mean": 2.6875,
    "std": 3.696313819071184,
    "p10": 0.0,
    "p90": 8.099999999999994,
    "n": 160
  },
  "21": {
    "mean": 3.4615384615384617,
    "std": 3.7233086489418756,
    "p10": 0.0,
    "p90": 9.0,
    "n": 156
  },
  "22": {
    "mean": 4.376623376623376,
    "std": 4.261206558517424,
    "p10": 1.0,
    "p90": 11.0,
    "n": 154
  },
  "23": {
    "mean": 5.022077922077922,
    "std": 4.364956209727963,
    "p10": 1.0,
    "p90": 11.700000000000017,
    "n": 154
  }
}