{
  "0": {
    "mean": 6.615286624203821,
    "std": 4.609607658997027,
    "p10": 0.7600000000000031,
    "p90": 13.0,
    "n": 157
  },
  "1": {
    "mean": 7.182051282051282,
    "std": 4.5180853378321455,
    "p10": 1.7999999999999972,
    "p90": 13.0,
    "n": 156
  },
  "2": {
    "mean": 7.922012578616353,
    "std": 4.350871406952954,
    "p10": 2.0,
    "p90": 14.0,
    "n": 159
  },
  "3": {
    "mean": 8.11700680272109,
    "std": 4.097098441206865,
    "p10": 3.0,
    "p90": 14.0,
    "n": 147
  },
  "4": {
    "mean": 8.69054054054054,
    "std": 4.041306076984159,
    "p10": 3.5599999999999987,
    "p90": 14.0,
    "n": 148
  },
  "5": {
    "mean": 9.348684210526315,
    "std": 3.7235244082484376,
    "p10": 5.0,
    "p90": 13.54,
    "n": 152
  },
  "6": {
    "mean": 9.919745222929937,
    "std": 3.71924033273211,
    "p10": 5.0,
    "p90": 14.0,
    "n": 157
  },
  "7": {
    "mean": 10.406535947712419,
    "std": 3.7715987326787546,
    "p10": 6.0,
    "p90": 15.0,
    "n": 153
  },
  "8": {
    "mean": 10.794771241830064,
    "std": 3.779302895370649,
    "p10": 6.0,
    "p90": 16.0,
    "n": 153
  },
  "9": {
    "mean": 11.10807453416149,
    "std": 3.802104271901278,
    "p10": 6.0,
    "p90": 16.0,
    "n": 161
  },
  "10": {
    "mean": 11.074390243902437,
    "std": 3.6014418031531936,
    "p10": 6.0,
    "p90": 16.0,
    "n": 164
  },
  "11": {
    "mean": 10.343949044585987,
    "std": 3.269190631028156,
    "p10": 6.0,
    "p90": 14.0,
    "n": 157
  },
  "12": {
    "mean": 8.993288590604028,
    "std": 2.968065718965583,
    "p10": 5.0,
    "p90": 13.0,
    "n": 149
  },
  "13": {
    "mean": 7.296774193548387,
    "std": 2.791578693951599,
    "p10": 4.0,
    "p90": 11.0,
    "n": 155
  },
  "14": {
    "mean": 5.617449664429531,
    "std": 2.5110494076215977,
    "p10": 2.0,
    "p90": 9.0,
    "n": 149
  },
  "15": {
    "mean": 4.092105263157895,
    "std": 2.2728902251541436,
    "p10": 1.0200000000000005,
    "p90": 7.0,
    "n": 152
  },
  "16": {
    "mean": 2.843137254901961,
    "std": 2.2209458838961034,
    "p10": 0.0,
    "p90": 5.0,
    "n": 153
  },
  "17": {
    "mean": 2.140645161290323,
    "std": 1.9427085381448694,
    "p10": 0.0,
    "p90": 5.0,
    "n": 155
  },
  "18": {
    "mean": 1.6827586206896552,
    "std": 1.941017231433123,
    "p10": 0.0,
    "p90": 4.599999999999994,
    "n": 145
  },
  "19": {
    "mean": 1.8974025974025976,
    "std": 2.46949885238969,
    "p10": 0.0,
    "p90": 6.0,
    "n": 154
  },
  "20": {
    "mean": 2.33855421686747,
    "std": 2.345715957141481,
    "p10": 0.0,
    "p90": 6.0,
    "n": 166
  },
  "21": {
    "mean": 3.816867469879518,
    "std": 3.6402736919119527,
    "p10": 0.0,
    "p90": 9.0,
    "n": 166
  },
  "22": {
    "mean": 4.732450331125828,
    "std": 3.4109539167975513,
    "p10": 1.0,
    "p90": 10.0,
    "n": 151
  },
  "23": {
    "mean": 6.498823529411764,
    "std": 3.88127027695273,
    "p10": 2.0,
    "p90": 12.0,
    "n": 170
  }
}