{
  "0": {
    "mean": 8.3175,
    "std": 6.585686308270643,
    "p10": 0.0,
    "p90": 17.0,
    "n": 160
  },
  "1": {
    "mean": 9.355696202531647,
    "std": 6.5469056596255,
    "p10": 1.0,
    "p90": 17.30000000000001,
    "n": 158
  },
  "2": {
    "mean": 9.595092024539877,
    "std": 6.505949828464059,
    "p10": 2.0,
    "p90": 19.0,
    "n": 163
  },
  "3": {
    "mean": 10.275776397515529,
    "std": 6.121721330613584,
    "p10": 3.0,
    "p90": 19.0,
    "n": 161
  },
  "4": {
    "mean": 10.926114649681528,
    "std": 6.175563365734911,
    "p10": 3.0,
    "p90": 19.0,
    "n": 157
  },
  "5": {
    "mean": 11.485185185185184,
    "std": 5.796156600019799,
    "p10": 4.0,
    "p90": 19.540000000000006,
    "n": 162
  },
  "6": {
    "mean": 12.051898734177216,
    "std": 5.578629851632663,
    "p10": 4.140000000000002,
    "p90": 19.30000000000001,
    "n": 158
  },
  "7": {
    "mean": 13.249710982658959,
    "std": 6.073394364112201,
    "p10": 6.0,
    "p90": 20.0,
    "n": 173
  },
  "8": {
    "mean": 13.355828220858896,
    "std": 5.868813771233575,
    "p10": 5.0,
    "p90": 20.0,
    "n": 163
  },
  "9": {
    "mean": 13.325405405405405,
    "std": 5.914412478904628,
    "p10": 6.0,
    "p90": 21.0,
    "n": 185
  },
  "10": {
    "mean": 13.104347826086956,
    "std": 5.848953258246617,
    "p10": 5.0,
    "p90": 20.82000000000001,
    "n": 184
  },
  "11": {
    "mean": 12.736585365853657,
    "std": 5.439629908809533,
    "p10": 6.0,
    "p90": 20.0,
    "n": 164
  },
  "12": {
    "mean": 11.03132530120482,
    "std": 5.261269064809904,
    "p10": 5.0,
    "p90": 18.0,
    "n": 166
  },
  "13": {
    "mean": 8.877500000000001,
    "std": 4.242817830717468,
    "p10": 4.0,
    "p90": 15.0,
    "n": 160
  },
  "14": {
    "mean": 7.63030303030303,
    "std": 4.138257325022276,
    "p10": 2.4000000000000012,
    "p90": 14.0,
    "n": 165
  },
  "15": {
    "mean": 5.936416184971098,
    "std": 3.5583349402091518,
    "p10": 2.0,
    "p90": 11.0,
    "n": 173
  },
  "16": {
    "mean": 4.620238095238095,
    "std": 3.4058519474400786,
    "p10": 1.0,
    "p90": 10.0,
    "n": 168
  },
  "17": {
    "mean": 3.7317365269461082,
    "std": 3.3584113036345977,
    "p10": 0.0,
    "p90": 8.400000000000006,
    "n": 167
  },
  "18": {
    "mean": 2.9870967741935486,
    "std": 3.2551798816659145,
    "p10": 0.0,
    "p90": 7.400000000000006,
    "n": 155
  },
  "19": {
    "mean": 3.067924528301887,
    "std": 3.1229513944327527,
    "p10": 0.0,
    "p90": 7.200000000000017,
    "n": 159
  },
  "20": {
    "mean": 3.121019108280255,
    "std": 3.1766582959329632,
    "p10": 0.0,
    "p90": 8.0,
    "n": 157
  },
  "21": {
    "mean": 3.940828402366864,
    "std": 3.4351546406097646,
    "p10": 0.0,
    "p90": 8.0,
    "n": 169
  },
  "22": {
    "mean": 5.134246575342466,
    "std": 3.921161656802904,
    "p10": 1.0,
    "p90": 10.0,
    "n": 146
  },
  "23": {
    "mean": 6.473076923076923,
    "std": 4.2637609651853365,
    "p10": 2.0,
    "p90": 11.0,
    "n": 156
  }
}