{
  "0": {
    "mean": 5.237288135593221,
    "std": 4.526612601357004,
    "p10": 0.0,
    "p90": 12.0,
    "n": 118
  },
  "1": {
    "mean": 5.690476190476191,
    "std": 4.2941155749966216,
    "p10": 1.0,
    "p90": 12.5,
    "n": 126
  },
  "2": {
    "mean": 6.276800000000001,
    "std": 4.310511084135106,
    "p10": 1.0,
    "p90": 12.600000000000009,
    "n": 125
  },
  "3": {
    "mean": 7.054032258064517,
    "std": 4.435195510737169,
    "p10": 1.0,
    "p90": 13.700000000000003,
    "n": 124
  },
  "4": {
    "mean": 7.634146341463414,
    "std": 4.392072390119268,
    "p10": 2.0,
    "p90": 14.0,
    "n": 123
  },
  "5": {
    "mean": 8.048,
    "std": 4.3136991086537355,
    "p10": 3.0,
    "p90": 14.0,
    "n": 125
  },
  "6": {
    "mean": 8.568333333333333,
    "std": 4.39487828979061,
    "p10": 3.0,
    "p90": 15.0,
    "n": 120
  },
  "7": {
    "mean": 8.910569105691057,
    "std": 4.481305668344447,
    "p10": 3.200000000000001,
    "p90": 15.0,
    "n": 123
  },
  "8": {
    "mean": 9.2352,
    "std": 4.5841989485623325,
    "p10": 3.0,
    "p90": 16.0,
    "n": 125
  },
  "9": {
    "mean": 9.652307692307694,
    "std": 4.563797809634778,
    "p10": 3.9000000000000004,
    "p90": 16.10000000000001,
    "n": 130
  },
  "10": {
    "mean": 9.514814814814814,
    "std": 4.739568569674304,
    "p10": 3.0,
    "p90": 16.0,
    "n": 135
  },
  "11": {
    "mean": 9.938524590163935,
    "std": 4.452048404415444,
    "p10": 5.0,
    "p90": 15.900000000000006,
    "n": 122
  },
  "12": {
    "mean": 8.83969465648855,
    "std": 3.9957993210045557,
    "p10": 4.0,
    "p90": 14.0,
    "n": 131
  },
  "13": {
    "mean": 7.84,
    "std": 3.6198378149375166,
    "p10": 4.0,
    "p90": 12.600000000000009,
    "n": 125
  },
  "14": {
    "mean": 6.317073170731708,
    "std": 3.502498108892977,
    "p10": 2.0,
    "p90": 10.0,
    "n": 123
  },
  "15": {
    "mean": 4.9799999999999995,
    "std": 3.422574397127982,
    "p10": 1.9000000000000004,
    "p90": 9.0,
    "n": 130
  },
  "16": {
    "mean": 3.83739837398374,
    "std": 3.0497889842076034,
    "p10": 1.0,
    "p90": 6.0,
    "n": 123
  },
  "17": {
    "mean": 3.03768115942029,
    "std": 3.0182462858627366,
    "p10": 0.0,
    "p90": 7.0,
    "n": 138
  },
  "18": {
    "mean": 2.0444444444444447,
    "std": 2.9441618313008697,
    "p10": 0.0,
    "p90": 6.0,
    "n": 126
  },
  "19": {
    "mean": 2.1811023622047245,
    "std": 3.3651277077458492,
    "p10": 0.0,
    "p90": 8.0,
    "n": 127
  },
  "20": {
    "mean": 2.75,
    "std": 3.768915548198025,
    "p10": 0.0,
    "p90": 8.299999999999997,
    "n": 128
  },
  "21": {
    "mean": 3.424,
    "std": 3.8084456231533776,
    "p10": 0.0,
    "p90": 9.0,
    "n": 125
  },
  "22": {
    "mean": 4.365853658536586,
    "std": 4.468960880949598,
    "p10": 0.20000000000000107,
    "p90": 11.799999999999997,
    "n": 123
  },
  "23": {
    "mean": 5.044262295081967,
    "std": 4.558998896566786,
    "p10": 0.0,
    "p90": 12.0,
    "n": 122
  }
}