{
  "0": {
    "mean": 5.519496855345912,
    "std": 4.09971406825473,
    "p10": 0.0,
    "p90": 11.0,
    "n": 159
  },
  "1": {
    "mean": 6.3609467455621305,
    "std": 4.060804406970481,
    "p10": 1.0,
    "p90": 12.0,
    "n": 169
  },
  "2": {
    "mean": 6.9111111111111105,
    "std": 3.925074671916985,
    "p10": 2.0,
    "p90": 12.0,
    "n": 162
  },
  "3": {
    "mean": 7.624096385542168,
    "std": 3.8062656593361157,
    "p10": 2.0,
    "p90": 12.0,
    "n": 166
  },
  "4": {
    "mean": 8.250931677018635,
    "std": 3.8502778797838473,
    "p10": 3.0,
    "p90": 13.0,
    "n": 161
  },
  "5": {
    "mean": 8.904191616766466,
    "std": 3.9957108524108538,
    "p10": 3.4799999999999995,
    "p90": 14.0,
    "n": 167
  },
  "6": {
    "mean": 9.08187134502924,
    "std": 4.09698152960674,
    "p10": 3.0,
    "p90": 14.0,
    "n": 171
  },
  "7": {
    "mean": 9.70059880239521,
    "std": 3.834835523812898,
    "p10": 4.0,
    "p90": 15.0,
    "n": 167
  },
  "8": {
    "mean": 10.067455621301775,
    "std": 4.129965269885365,
    "p10": 3.840000000000001,
    "p90": 15.0,
    "n": 169
  },
  "9": {
    "mean": 10.828735632183909,
    "std": 3.993966780841911,
    "p10": 5.0,
    "p90": 16.0,
    "n": 174
  },
  "10": {
    "mean": 10.959756097560977,
    "std": 4.0044257649528,
    "p10": 5.060000000000001,
    "p90": 16.0,
    "n": 164
  },
  "11": {
    "mean": 10.436904761904762,
    "std": 3.6913000083106784,
    "p10": 5.0,
    "p90": 15.0,
    "n": 168
  },
  "12": {
    "mean": 8.832298136645962,
    "std": 3.3571491343934974,
    "p10": 4.200000000000003,
    "p90": 13.0,
    "n": 161
  },
  "13": {
    "mean": 7.373652694610778,
    "std": 2.910020154627641,
    "p10": 4.0,
    "p90": 11.0,
    "n": 167
  },
  "14": {
    "mean": 5.68502994011976,
    "std": 2.421829158921372,
    "p10": 3.0,
    "p90": 9.0,
    "n": 167
  },
  "15": {
    "mean": 4.4363636363636365,
    "std": 1.9999113062373475,
    "p10": 2.0,
    "p90": 7.0,
    "n": 165
  },
  "16": {
    "mean": 3.44,
    "std": 2.0164203975144157,
    "p10": 1.0,
    "p90": 6.0,
    "n": 165
  },
  "17": {
    "mean": 2.6555555555555554,
    "std": 2.243029229462604,
    "p10": 0.0,
    "p90": 6.0,
    "n": 162
  },
  "18": {
    "mean": 1.9098765432098763,
    "std": 2.308294788233136,
    "p10": 0.0,
    "p90": 5.0,
    "n": 162
  },
  "19": {
    "mean": 1.8250000000000002,
    "std": 2.4123621241356106,
    "p10": 0.0,
    "p90": 6.0,
    "n": 168
  },
  "20": {
    "mean": 2.3445783132530122,
    "std": 2.6095049112252404,
    "p10": 0.0,
    "p90": 6.100000000000001,
    "n": 166
  },
  "21": {
    "mean": 2.851851851851852,
    "std": 2.8732698757962214,
    "p10": 0.0,
    "p90": 7.0,
    "n": 162
  },
  "22": {
    "mean": 4.27185628742515,
    "std": 3.038882289524181,
    "p10": 1.0,
    "p90": 8.0,
    "n": 167
  },
  "23": {
    "mean": 5.304142011834319,
    "std": 3.1076778007132484,
    "p10": 2.0,
    "p90": 9.680000000000001,
    "n": 169
  }
}