{
  "0": {
    "mean": 4.681764705882354,
    "std": 4.728707161962881,
    "p10": 0.0,
    "p90": 11.0,
    "n": 170
  },
  "1": {
    "mean": 5.12603550295858,
    "std": 4.631443673276405,
    "p10": 0.9799999999999998,
    "p90": 11.0,
    "n": 169
  },
  "2": {
    "mean": 5.301657458563535,
    "std": 4.458804961199075,
    "p10": 1.0,
    "p90": 11.0,
    "n": 181
  },
  "3": {
    "mean": 5.559139784946237,
    "std": 4.449700544048541,
    "p10": 1.0,
    "p90": 11.0,
    "n": 186
  },
  "4": {
    "mean": 6.005747126436781,
    "std": 4.365732465326606,
    "p10": 1.0,
    "p90": 11.0,
    "n": 174
  },
  "5": {
    "mean": 6.326666666666667,
    "std": 4.329382501642521,
    "p10": 1.9399999999999993,
    "p90": 12.0,
    "n": 165
  },
  "6": {
    "mean": 6.65819209039548,
    "std": 4.273192481695497,
    "p10": 2.0,
    "p90": 12.040000000000001,
    "n": 177
  },
  "7": {
    "mean": 6.753179190751445,
    "std": 4.292726915244762,
    "p10": 2.0,
    "p90": 12.0,
    "n": 173
  },
  "8": {
    "mean": 7.006432748538011,
    "std": 4.111206294977471,
    "p10": 2.0,
    "p90": 12.0,
    "n": 171
  },
  "9": {
    "mean": 7.315555555555555,
    "std": 3.9608957598452412,
    "p10": 2.0,
    "p90": 12.0,
    "n": 180
  },
  "10": {
    "mean": 7.332620320855615,
    "std": 3.944869416077981,
    "p10": 3.0,
    "p90": 13.0,
    "n": 187
  },
  "11": {
    "mean": 7.670879120879122,
    "std": 4.05067053949857,
    "p10": 2.1900000000000026,
    "p90": 13.0,
    "n": 182
  },
  "12": {
    "mean": 7.705232558139536,
    "std": 4.105156713391936,
    "p10": 3.0,
    "p90": 13.98,
    "n": 172
  },
  "13": {
    "mean": 7.051445086705203,
    "std": 3.8108261775364727,
    "p10": 3.0,
    "p90": 12.0,
    "n": 173
  },
  "14": {
    "mean": 6.25621301775148,
    "std": 3.9169472870580524,
    "p10": 2.0,
    "p90": 12.0,
    "n": 169
  },
  "15": {
    "mean": 5.172159090909091,
    "std": 3.8622817678861083,
    "p10": 1.0,
    "p90": 12.0,
    "n": 176
  },
  "16": {
    "mean": 4.177222222222222,
    "std": 3.5044716933915665,
    "p10": 1.0,
    "p90": 9.0,
    "n": 180
  },
  "17": {
    "mean": 3.8316939890710384,
    "std": 3.734658122299572,
    "p10": 0.0,
    "p90": 9.0,
    "n": 183
  },
  "18": {
    "mean": 2.975135135135135,
    "std": 3.5002217488927574,
    "p10": 0.0,
    "p90": 8.599999999999994,
    "n": 185
  },
  "19": {
    "mean": 2.9222222222222225,
    "std": 3.596612422131788,
    "p10": 0.0,
    "p90": 9.0,
    "n": 171
  },
  "20": {
    "mean": 3.220441988950276,
    "std": 3.6406305655300395,
    "p10": 0.0,
    "p90": 9.0,
    "n": 181
  },
  "21": {
    "mean": 3.401136363636364,
    "std": 3.5816355184486572,
    "p10": 0.0,
    "p90": 9.0,
    "n": 176
  },
  "22": {
    "mean": 3.776536312849162,
    "std": 3.7247286700924684,
    "p10": 0.8000000000000007,
    "p90": 9.0,
    "n": 179
  },
  "23": {
    "mean": 4.492307692307692,
    "std": 4.143015976974428,
    "p10": 0.0,
    "p90": 10.900000000000006,
    "n": 182
  }
}