{
  "0": {
    "mean": 7.737837837837836,
    "std": 7.251773467401206,
    "p10": 0.0,
    "p90": 16.600000000000023,
    "n": 148
  },
  "1": {
    "mean": 8.425165562913907,
    "std": 7.117464141514133,
    "p10": 1.0,
    "p90": 17.0,
    "n": 151
  },
  "2": {
    "mean": 9.389403973509934,
    "std": 7.0778071210216025,
    "p10": 2.0,
    "p90": 17.0,
    "n": 151
  },
  "3": {
    "mean": 9.660526315789474,
    "std": 6.61805835648938,
    "p10": 2.1000000000000014,
    "p90": 17.0,
    "n": 152
  },
  "4": {
    "mean": 10.19591836734694,
    "std": 6.356809287846977,
    "p10": 3.0,
    "p90": 17.0,
    "n": 147
  },
  "5": {
    "mean": 10.682666666666668,
    "std": 6.387243438855575,
    "p10": 3.0,
    "p90": 18.0,
    "n": 150
  },
  "6": {
    "mean": 11.078481012658228,
    "std": 5.938231328312698,
    "p10": 4.0,
    "p90": 18.0,
    "n": 158
  },
  "7": {
    "mean": 11.420382165605096,
    "std": 6.100785351435935,
    "p10": 4.0,
    "p90": 18.400000000000006,
    "n": 157
  },
  "8": {
    "mean": 12.38543046357616,
    "std": 5.9603623754599955,
    "p10": 4.0,
    "p90": 19.0,
    "n": 151
  },
  "9": {
    "mean": 12.803636363636366,
    "std": 5.885678058509974,
    "p10": 6.0,
    "p90": 20.599999999999994,
    "n": 165
  },
  "10": {
    "mean": 12.65263157894737,
    "std": 5.558109013899141,
    "p10": 6.0,
    "p90": 19.0,
    "n": 152
  },
  "11": {
    "mean": 11.605405405405405,
    "std": 5.46613300593848,
    "p10": 4.0,
    "p90": 18.0,
    "n": 148
  },
  "12": {
    "mean": 10.933333333333332,
    "std": 4.927770527777166,
    "p10": 5.0,
    "p90": 17.0,
    "n": 147
  },
  "13": {
    "mean": 9.753642384105962,
    "std": 5.577499736553854,
    "p10": 4.0,
    "p90": 17.0,
    "n": 151
  },
  "14": {
    "mean": 8.367320261437909,
    "std": 4.828994529557335,
    "p10": 3.0,
    "p90": 15.0,
    "n": 153
  },
  "15": {
    "mean": 6.631645569620253,
    "std": 4.022010914598049,
    "p10": 2.0,
    "p90": 12.180000000000007,
    "n": 158
  },
  "16": {
    "mean": 5.232258064516129,
    "std": 3.763839147436492,
    "p10": 1.0,
    "p90": 11.0,
    "n": 155
  },
  "17": {
    "mean": 4.394666666666666,
    "std": 3.805749565317584,
    "p10": 1.0,
    "p90": 10.0,
    "n": 150
  },
  "18": {
    "mean": 3.444295302013423,
    "std": 3.767273416316976,
    "p10": 0.0,
    "p90": 9.0,
    "n": 149
  },
  "19": {
    "mean": 3.395918367346939,
    "std": 3.8609012637767526,
    "p10": 0.0,
    "p90": 8.879999999999999,
    "n": 147
  },
  "20": {
    "mean": 4.090647482014389,
    "std": 4.0100036518529585,
    "p10": 0.0,
    "p90": 10.0,
    "n": 139
  },
  "21": {
    "mean": 4.703947368421052,
    "std": 4.328251280774886,
    "p10": 0.0,
    "p90": 11.0,
    "n": 152
  },
  "22": {
    "mean": 5.261971830985916,
    "std": 4.280066487094872,
    "p10": 1.0,
    "p90": 11.0,
    "n": 142
  },
  "23": {
    "mean": 6.837837837837838,
    "std": 4.612868799191946,
    "p10": 1.0,
    "p90": 14.0,
    "n": 148
  }
}