{
  "0": {
    "mean": 5.43076923076923,
    "std": 4.1731744051003465,
    "p10": 0.0,
    "p90": 11.0,
    "n": 143
  },
  "1": {
    "mean": 6.2745098039215685,
    "std": 4.129348257033279,
    "p10": 1.0,
    "p90": 12.0,
    "n": 153
  },
  "2": {
    "mean": 6.798630136986302,
    "std": 3.9954799686019324,
    "p10": 2.0,
    "p90": 12.0,
    "n": 146
  },
  "3": {
    "mean": 7.510666666666666,
    "std": 3.8486491427140557,
    "p10": 2.0,
    "p90": 12.0,
    "n": 150
  },
  "4": {
    "mean": 8.15448275862069,
    "std": 3.912781394040291,
    "p10": 3.0,
    "p90": 13.0,
    "n": 145
  },
  "5": {
    "mean": 8.794701986754967,
    "std": 4.092656644600916,
    "p10": 3.0,
    "p90": 14.0,
    "n": 151
  },
  "6": {
    "mean": 8.916129032258064,
    "std": 4.1782908932286364,
    "p10": 3.0,
    "p90": 14.0,
    "n": 155
  },
  "7": {
    "mean": 9.572972972972973,
    "std": 3.9207557683669774,
    "p10": 4.0,
    "p90": 15.0,
    "n": 148
  },
  "8": {
    "mean": 9.857894736842105,
    "std": 4.2240328853668805,
    "p10": 3.0200000000000005,
    "p90": 15.0,
    "n": 152
  },
  "9": {
    "mean": 10.648051948051949,
    "std": 4.0897803571625655,
    "p10": 4.440000000000002,
    "p90": 16.0,
    "n": 154
  },
  "10": {
    "mean": 10.74421768707483,
    "std": 4.099300462402686,
    "p10": 4.680000000000002,
    "p90": 16.0,
    "n": 147
  },
  "11": {
    "mean": 10.251006711409397,
    "std": 3.7991574003530517,
    "p10": 5.0,
    "p90": 15.0,
    "n": 149
  },
  "12": {
    "mean": 8.654929577464788,
    "std": 3.4527114941263415,
    "p10": 4.0200000000000005,
    "p90": 13.0,
    "n": 142
  },
  "13": {
    "mean": 7.230872483221476,
    "std": 2.9740976221472675,
    "p10": 4.0,
    "p90": 11.0,
    "n": 149
  },
  "14": {
    "mean": 5.598675496688743,
    "std": 2.4898189159044444,
    "p10": 2.0,
    "p90": 9.0,
    "n": 151
  },
  "15": {
    "mean": 4.385135135135135,
    "std": 2.074148128221498,
    "p10": 2.0,
    "p90": 7.0,
    "n": 148
  },
  "16": {
    "mean": 3.4364864864864866,
    "std": 2.093987136796174,
    "p10": 1.0,
    "p90": 6.300000000000011,
    "n": 148
  },
  "17": {
    "mean": 2.7205479452054795,
    "std": 2.3353923928795965,
    "p10": 0.0,
    "p90": 6.0,
    "n": 146
  },
  "18": {
    "mean": 2.0164383561643833,
    "std": 2.375333802959947,
    "p10": 0.0,
    "p90": 5.0,
    "n": 146
  },
  "19": {
    "mean": 1.9245033112582783,
    "std": 2.5114927005645398,
    "p10": 0.0,
    "p90": 6.0,
    "n": 151
  },
  "20": {
    "mean": 2.23265306122449,
    "std": 2.364583523968388,
    "p10": 0.0,
    "p90": 6.0,
    "n": 147
  },
  "21": {
    "mean": 2.8904109589041096,
    "std": 2.8851182672734508,
    "p10": 0.0,
    "p90": 7.0,
    "n": 146
  },
  "22": {
    "mean": 4.322666666666667,
    "std": 3.052892712656116,
    "p10": 1.0,
    "p90": 8.0,
    "n": 150
  },
  "23": {
    "mean": 5.3052631578947365,
    "std": 3.108369165766294,
    "p10": 2.0,
    "p90": 9.0,
    "n": 152
  }
}