{
  "0": {
    "mean": 7.532352941176471,
    "std": 6.744137452500024,
    "p10": 0.0,
    "p90": 16.5,
    "n": 136
  },
  "1": {
    "mean": 7.800704225352113,
    "std": 6.533736741911638,
    "p10": 0.0,
    "p90": 16.900000000000006,
    "n": 142
  },
  "2": {
    "mean": 8.383999999999999,
    "std": 6.5865133712201445,
    "p10": 1.0,
    "p90": 17.0,
    "n": 150
  },
  "3": {
    "mean": 8.963758389261745,
    "std": 6.372960349547572,
    "p10": 2.0,
    "p90": 17.200000000000017,
    "n": 149
  },
  "4": {
    "mean": 9.619014084507043,
    "std": 6.3311336205916575,
    "p10": 2.0,
    "p90": 18.0,
    "n": 142
  },
  "5": {
    "mean": 10.091156462585035,
    "std": 6.300640597677764,
    "p10": 3.0,
    "p90": 19.0,
    "n": 147
  },
  "6": {
    "mean": 10.520886075949369,
    "std": 6.417552103882518,
    "p10": 2.0,
    "p90": 19.0,
    "n": 158
  },
  "7": {
    "mean": 11.462337662337662,
    "std": 6.346982999223213,
    "p10": 3.859999999999998,
    "p90": 19.700000000000017,
    "n": 154
  },
  "8": {
    "mean": 11.697241379310345,
    "std": 6.147435608396967,
    "p10": 4.0,
    "p90": 19.599999999999994,
    "n": 145
  },
  "9": {
    "mean": 11.675816993464053,
    "std": 5.732180926734133,
    "p10": 4.0,
    "p90": 19.0,
    "n": 153
  },
  "10": {
    "mean": 11.898684210526316,
    "std": 5.687641847058523,
    "p10": 4.04,
    "p90": 19.900000000000006,
    "n": 152
  },
  "11": {
    "mean": 11.537333333333333,
    "std": 5.3707453479792875,
    "p10": 4.0,
    "p90": 18.099999999999994,
    "n": 150
  },
  "12": {
    "mean": 10.443356643356644,
    "std": 5.1258191985688315,
    "p10": 4.0,
    "p90": 17.0,
    "n": 143
  },
  "13": {
    "mean": 9.193706293706292,
    "std": 4.533478234098474,
    "p10": 4.0,
    "p90": 15.0,
    "n": 143
  },
  "14": {
    "mean": 7.380851063829786,
    "std": 4.081822332761557,
    "p10": 3.0,
    "p90": 12.0,
    "n": 141
  },
  "15": {
    "mean": 6.3021276595744675,
    "std": 3.7444524315523116,
    "p10": 2.0,
    "p90": 11.0,
    "n": 141
  },
  "16": {
    "mean": 4.917241379310345,
    "std": 3.4517174635644587,
    "p10": 1.0,
    "p90": 9.0,
    "n": 145
  },
  "17": {
    "mean": 3.7471014492753625,
    "std": 3.406117125532326,
    "p10": 0.0,
    "p90": 8.0,
    "n": 138
  },
  "18": {
    "mean": 3.1596153846153845,
    "std": 3.356222508794074,
    "p10": 0.0,
    "p90": 7.0,
    "n": 156
  },
  "19": {
    "mean": 2.7756944444444445,
    "std": 3.4962966726903226,
    "p10": 0.0,
    "p90": 8.0,
    "n": 144
  },
  "20": {
    "mean": 3.3617021276595747,
    "std": 4.188754666186054,
    "p10": 0.0,
    "p90": 8.0,
    "n": 141
  },
  "21": {
    "mean": 4.330612244897959,
    "std": 4.991247301285395,
    "p10": 0.0,
    "p90": 10.0,
    "n": 147
  },
  "22": {
    "mean": 5.081818181818182,
    "std": 4.736443016186573,
    "p10": 1.0,
    "p90": 10.0,
    "n": 143
  },
  "23": {
    "mean": 6.053521126760563,
    "std": 5.171219617888021,
    "p10": 1.0,
    "p90": 12.0,
    "n": 142
  }
}