{
  "0": {
    "mean": 5.646153846153846,
    "std": 4.568335124216544,
    "p10": 0.0,
    "p90": 11.0,
    "n": 143
  },
  "1": {
    "mean": 6.22054794520548,
    "std": 4.338677977706703,
    "p10": 1.0,
    "p90": 12.0,
    "n": 146
  },
  "2": {
    "mean": 6.915646258503401,
    "std": 4.323045930890074,
    "p10": 2.0,
    "p90": 13.0,
    "n": 147
  },
  "3": {
    "mean": 7.753741496598639,
    "std": 4.304318826812818,
    "p10": 3.0,
    "p90": 13.400000000000006,
    "n": 147
  },
  "4": {
    "mean": 8.271140939597316,
    "std": 4.495227128044203,
    "p10": 3.0,
    "p90": 14.200000000000017,
    "n": 149
  },
  "5": {
    "mean": 8.76081081081081,
    "std": 4.384863189251607,
    "p10": 3.700000000000001,
    "p90": 14.0,
    "n": 148
  },
  "6": {
    "mean": 9.512925170068028,
    "std": 4.516094083202289,
    "p10": 3.6000000000000014,
    "p90": 14.400000000000006,
    "n": 147
  },
  "7": {
    "mean": 10.051006711409395,
    "std": 4.548249105494367,
    "p10": 4.0,
    "p90": 15.200000000000017,
    "n": 149
  },
  "8": {
    "mean": 10.225531914893619,
    "std": 4.7594628186580525,
    "p10": 4.0,
    "p90": 16.0,
    "n": 141
  },
  "9": {
    "mean": 10.66530612244898,
    "std": 4.619741039134216,
    "p10": 4.0,
    "p90": 16.400000000000006,
    "n": 147
  },
  "10": {
    "mean": 10.834013605442177,
    "std": 4.782810210186365,
    "p10": 4.0,
    "p90": 17.0,
    "n": 147
  },
  "11": {
    "mean": 10.217449664429529,
    "std": 4.416059934345658,
    "p10": 4.679999999999999,
    "p90": 16.0,
    "n": 149
  },
  "12": {
    "mean": 8.991608391608391,
    "std": 3.9418215654711695,
    "p10": 4.0,
    "p90": 14.0,
    "n": 143
  },
  "13": {
    "mean": 7.456164383561643,
    "std": 3.3733841108001017,
    "p10": 3.0,
    "p90": 11.5,
    "n": 146
  },
  "14": {
    "mean": 6.044594594594594,
    "std": 2.808812269472748,
    "p10": 3.0,
    "p90": 10.0,
    "n": 148
  },
  "15": {
    "mean": 4.3124183006535945,
    "std": 2.5770066341192197,
    "p10": 1.0,
    "p90": 8.0,
    "n": 153
  },
  "16": {
    "mean": 2.944516129032258,
    "std": 2.1402191274958744,
    "p10": 1.0,
    "p90": 5.0,
    "n": 155
  },
  "17": {
    "mean": 2.05578231292517,
    "std": 2.024883871241457,
    "p10": 0.0,
    "p90": 4.0,
    "n": 147
  },
  "18": {
    "mean": 1.321917808219178,
    "std": 1.8458338233824714,
    "p10": 0.0,
    "p90": 3.0,
    "n": 146
  },
  "19": {
    "mean": 1.4172661870503598,
    "std": 1.7897424338031551,
    "p10": 0.0,
    "p90": 3.0,
    "n": 139
  },
  "20": {
    "mean": 1.8690647482014389,
    "std": 2.0198596923887346,
    "p10": 0.0,
    "p90": 5.0,
    "n": 139
  },
  "21": {
    "mean": 3.277464788732394,
    "std": 2.361613655752156,
    "p10": 1.0,
    "p90": 7.0,
    "n": 142
  },
  "22": {
    "mean": 4.347222222222222,
    "std": 2.9263200223743264,
    "p10": 1.0,
    "p90": 9.0,
    "n": 144
  },
  "23": {
    "mean": 4.9372549019607845,
    "std": 3.263552358061389,
    "p10": 1.0,
    "p90": 9.0,
    "n": 153
  }
}