{
  "0": {
    "mean": 8.19851851851852,
    "std": 6.201131158069459,
    "p10": 0.0,
    "p90": 15.0,
    "n": 135
  },
  "1": {
    "mean": 9.196875,
    "std": 6.112694130050929,
    "p10": 1.700000000000001,
    "p90": 16.0,
    "n": 128
  },
  "2": {
    "mean": 9.499248120300752,
    "std": 6.170880987157899,
    "p10": 2.0,
    "p90": 17.0,
    "n": 133
  },
  "3": {
    "mean": 10.0546875,
    "std": 5.614307641666565,
    "p10": 3.0,
    "p90": 16.0,
    "n": 128
  },
  "4": {
    "mean": 10.69767441860465,
    "std": 5.84097146666705,
    "p10": 2.8000000000000007,
    "p90": 17.200000000000003,
    "n": 129
  },
  "5": {
    "mean": 11.18235294117647,
    "std": 5.432874995704785,
    "p10": 4.0,
    "p90": 18.5,
    "n": 136
  },
  "6": {
    "mean": 11.81969696969697,
    "std": 5.249608337174422,
    "p10": 4.280000000000004,
    "p90": 18.0,
    "n": 132
  },
  "7": {
    "mean": 12.78014184397163,
    "std": 5.7745404252281185,
    "p10": 6.0,
    "p90": 20.0,
    "n": 141
  },
  "8": {
    "mean": 13.168992248062017,
    "std": 5.526552361803147,
    "p10": 6.0,
    "p90": 20.0,
    "n": 129
  },
  "9": {
    "mean": 12.798657718120806,
    "std": 5.564535222294819,
    "p10": 6.319999999999999,
    "p90": 20.0,
    "n": 149
  },
  "10": {
    "mean": 12.886896551724137,
    "std": 5.6218232408822795,
    "p10": 5.0,
    "p90": 19.359999999999992,
    "n": 145
  },
  "11": {
    "mean": 12.0546875,
    "std": 5.123834369076764,
    "p10": 6.0,
    "p90": 18.0,
    "n": 128
  },
  "12": {
    "mean": 10.310769230769232,
    "std": 4.714224658666498,
    "p10": 5.0,
    "p90": 15.460000000000004,
    "n": 130
  },
  "13": {
    "mean": 8.54769230769231,
    "std": 3.8004939577897225,
    "p10": 4.719999999999998,
    "p90": 13.0,
    "n": 130
  },
  "14": {
    "mean": 7.4393939393939394,
    "std": 3.734177971933027,
    "p10": 3.0,
    "p90": 13.0,
    "n": 132
  },
  "15": {
    "mean": 5.413235294117648,
    "std": 3.047981938887128,
    "p10": 2.0,
    "p90": 9.0,
    "n": 136
  },
  "16": {
    "mean": 4.214814814814815,
    "std": 3.1215791669123627,
    "p10": 1.0,
    "p90": 8.600000000000009,
    "n": 135
  },
  "17": {
    "mean": 3.5037037037037035,
    "std": 3.168676153896097,
    "p10": 0.0,
    "p90": 7.6000000000000085,
    "n": 135
  },
  "18": {
    "mean": 2.8968253968253967,
    "std": 3.0873920776716792,
    "p10": 0.0,
    "p90": 7.400000000000006,
    "n": 126
  },
  "19": {
    "mean": 2.826984126984127,
    "std": 2.928956474880778,
    "p10": 0.0,
    "p90": 7.0,
    "n": 126
  },
  "20": {
    "mean": 2.9126984126984126,
    "std": 2.9847072654311444,
    "p10": 0.0,
    "p90": 7.0,
    "n": 126
  },
  "21": {
    "mean": 3.668085106382979,
    "std": 3.191133232409903,
    "p10": 0.0,
    "p90": 8.0,
    "n": 141
  },
  "22": {
    "mean": 4.786324786324786,
    "std": 3.6624588024729197,
    "p10": 1.0,
    "p90": 9.0,
    "n": 117
  },
  "23": {
    "mean": 6.225806451612903,
    "std": 3.784002934213568,
    "p10": 2.0,
    "p90": 11.0,
    "n": 124
  }
}