{
  "0": {
    "mean": 5.108092485549133,
    "std": 4.759744393249616,
    "p10": 0.0,
    "p90": 12.0,
    "n": 173
  },
  "1": {
    "mean": 5.721511627906977,
    "std": 4.591277266881674,
    "p10": 1.0,
    "p90": 12.0,
    "n": 172
  },
  "2": {
    "mean": 6.132022471910112,
    "std": 4.472431227446423,
    "p10": 1.0,
    "p90": 12.0,
    "n": 178
  },
  "3": {
    "mean": 6.318032786885245,
    "std": 4.140241068924517,
    "p10": 2.0,
    "p90": 12.0,
    "n": 183
  },
  "4": {
    "mean": 6.53139534883721,
    "std": 3.990508083786056,
    "p10": 2.0,
    "p90": 12.0,
    "n": 172
  },
  "5": {
    "mean": 7.211931818181819,
    "std": 4.08553192422922,
    "p10": 2.0,
    "p90": 12.05,
    "n": 176
  },
  "6": {
    "mean": 7.088823529411764,
    "std": 4.009285645697024,
    "p10": 2.0,
    "p90": 12.179999999999996,
    "n": 170
  },
  "7": {
    "mean": 7.272316384180791,
    "std": 4.227328802970407,
    "p10": 2.0,
    "p90": 13.0,
    "n": 177
  },
  "8": {
    "mean": 7.463333333333334,
    "std": 4.134834982825255,
    "p10": 3.0,
    "p90": 13.0,
    "n": 180
  },
  "9": {
    "mean": 7.6670212765957455,
    "std": 4.121883383910919,
    "p10": 3.0,
    "p90": 13.0,
    "n": 188
  },
  "10": {
    "mean": 7.876842105263157,
    "std": 4.34392972142423,
    "p10": 3.0,
    "p90": 14.0,
    "n": 190
  },
  "11": {
    "mean": 7.715642458100558,
    "std": 4.113212611062687,
    "p10": 3.0,
    "p90": 14.0,
    "n": 179
  },
  "12": {
    "mean": 7.4242268041237125,
    "std": 4.189510794162887,
    "p10": 3.0,
    "p90": 13.0,
    "n": 194
  },
  "13": {
    "mean": 6.876136363636363,
    "std": 3.8531173077150163,
    "p10": 2.3999999999999986,
    "p90": 12.0,
    "n": 176
  },
  "14": {
    "mean": 5.766298342541437,
    "std": 3.6879265628154054,
    "p10": 2.0,
    "p90": 10.600000000000001,
    "n": 181
  },
  "15": {
    "mean": 4.719337016574586,
    "std": 3.469696048520988,
    "p10": 1.0,
    "p90": 9.0,
    "n": 181
  },
  "16": {
    "mean": 3.8131428571428567,
    "std": 3.3629657917166154,
    "p10": 1.0,
    "p90": 8.0,
    "n": 175
  },
  "17": {
    "mean": 3.182383419689119,
    "std": 3.6437733015456693,
    "p10": 0.0,
    "p90": 8.800000000000011,
    "n": 193
  },
  "18": {
    "mean": 2.554857142857143,
    "std": 3.818386681216377,
    "p10": 0.0,
    "p90": 6.599999999999994,
    "n": 175
  },
  "19": {
    "mean": 2.557714285714286,
    "std": 3.9287673812900916,
    "p10": 0.0,
    "p90": 7.0,
    "n": 175
  },
  "20": {
    "mean": 3.0818181818181816,
    "std": 4.869838259667836,
    "p10": 0.0,
    "p90": 7.0,
    "n": 176
  },
  "21": {
    "mean": 3.6228915662650603,
    "std": 5.118695982168484,
    "p10": 0.0,
    "p90": 8.5,
    "n": 166
  },
  "22": {
    "mean": 3.7948571428571425,
    "std": 4.730413563260038,
    "p10": 0.0,
    "p90": 9.599999999999994,
    "n": 175
  },
  "23": {
    "mean": 4.341666666666667,
    "std": 5.121674228822803,
    "p10": 0.0,
    "p90": 10.300000000000011,
    "n": 168
  }
}