{
  "0": {
    "mean": 7.590243902439024,
    "std": 3.335093554894862,
    "p10": 4.0,
    "p90": 12.0,
    "n": 164
  },
  "1": {
    "mean": 7.6797546012269935,
    "std": 2.975168000427159,
    "p10": 5.0,
    "p90": 12.0,
    "n": 163
  },
  "2": {
    "mean": 8.322699386503066,
    "std": 2.7793173647519946,
    "p10": 5.0,
    "p90": 12.0,
    "n": 163
  },
  "3": {
    "mean": 8.391139240506329,
    "std": 2.679893993217548,
    "p10": 5.0,
    "p90": 11.0,
    "n": 158
  },
  "4": {
    "mean": 8.56078431372549,
    "std": 2.711482292568071,
    "p10": 5.679999999999996,
    "p90": 12.0,
    "n": 153
  },
  "5": {
    "mean": 8.898684210526316,
    "std": 2.574865439603967,
    "p10": 6.0,
    "p90": 12.0,
    "n": 152
  },
  "6": {
    "mean": 9.141975308641975,
    "std": 2.6531764250128016,
    "p10": 6.0,
    "p90": 12.0,
    "n": 162
  },
  "7": {
    "mean": 9.52962962962963,
    "std": 2.480480039918362,
    "p10": 7.0,
    "p90": 13.0,
    "n": 162
  },
  "8": {
    "mean": 9.70632911392405,
    "std": 2.4718203803887016,
    "p10": 7.0,
    "p90": 12.300000000000011,
    "n": 158
  },
  "9": {
    "mean": 9.711688311688311,
    "std": 2.5300274625068733,
    "p10": 7.0,
    "p90": 13.0,
    "n": 154
  },
  "10": {
    "mean": 9.783647798742138,
    "std": 2.4752924443983897,
    "p10": 7.0,
    "p90": 13.0,
    "n": 159
  },
  "11": {
    "mean": 8.598787878787878,
    "std": 2.484831737906178,
    "p10": 6.0,
    "p90": 12.0,
    "n": 165
  },
  "12": {
    "mean": 6.3826086956521735,
    "std": 2.3461022254313435,
    "p10": 4.0,
    "p90": 9.0,
    "n": 161
  },
  "13": {
    "mean": 4.70887573964497,
    "std": 2.084747167482089,
    "p10": 3.0,
    "p90": 8.0,
    "n": 169
  },
  "14": {
    "mean": 3.327528089887641,
    "std": 1.987922733154337,
    "p10": 1.0,
    "p90": 6.0,
    "n": 178
  },
  "15": {
    "mean": 2.557541899441341,
    "std": 2.3283274105112324,
    "p10": 0.0,
    "p90": 6.0,
    "n": 179
  },
  "16": {
    "mean": 2.795169082125604,
    "std": 3.4394309539234014,
    "p10": 0.0,
    "p90": 9.0,
    "n": 207
  },
  "17": {
    "mean": 3.763285024154589,
    "std": 4.515626033743192,
    "p10": 0.0,
    "p90": 11.640000000000008,
    "n": 207
  },
  "18": {
    "mean": 3.701980198019802,
    "std": 4.729803466892342,
    "p10": 0.0,
    "p90": 10.180000000000003,
    "n": 202
  },
  "19": {
    "mean": 3.853886010362694,
    "std": 4.190564541256784,
    "p10": 0.0,
    "p90": 11.0,
    "n": 193
  },
  "20": {
    "mean": 4.753061224489795,
    "std": 4.586920179673271,
    "p10": 0.5999999999999943,
    "p90": 12.0,
    "n": 196
  },
  "21": {
    "mean": 5.557219251336897,
    "std": 4.553326654624443,
    "p10": 2.0,
    "p90": 13.0,
    "n": 187
  },
  "22": {
    "mean": 6.244970414201183,
    "std": 3.6810148581640134,
    "p10": 3.0,
    "p90": 12.0,
    "n": 169
  },
  "23": {
    "mean": 7.0125,
    "std": 3.165910204251481,
    "p10": 4.0,
    "p90": 11.279999999999998,
    "n": 160
  }
}