{
  "0": {
    "mean": 7.785074626865672,
    "std": 2.659145305128596,
    "p10": 5.0,
    "p90": 11.700000000000003,
    "n": 134
  },
  "1": {
    "mean": 8.122727272727273,
    "std": 2.649113085316008,
    "p10": 5.0600000000000005,
    "p90": 12.0,
    "n": 132
  },
  "2": {
    "mean": 8.691176470588236,
    "std": 2.84022614092442,
    "p10": 6.0,
    "p90": 12.0,
    "n": 136
  },
  "3": {
    "mean": 9.001492537313434,
    "std": 2.6042759828176303,
    "p10": 6.0,
    "p90": 13.0,
    "n": 134
  },
  "4": {
    "mean": 9.304545454545455,
    "std": 2.626054528609621,
    "p10": 6.0,
    "p90": 12.900000000000006,
    "n": 132
  },
  "5": {
    "mean": 9.850393700787402,
    "std": 2.7023762035210472,
    "p10": 7.0,
    "p90": 13.0,
    "n": 127
  },
  "6": {
    "mean": 10.471428571428572,
    "std": 2.719190678216872,
    "p10": 7.0,
    "p90": 14.0,
    "n": 140
  },
  "7": {
    "mean": 10.744927536231886,
    "std": 2.7830318095747364,
    "p10": 7.0,
    "p90": 14.0,
    "n": 138
  },
  "8": {
    "mean": 10.875,
    "std": 3.0023139224419704,
    "p10": 8.0,
    "p90": 15.0,
    "n": 136
  },
  "9": {
    "mean": 11.1796875,
    "std": 2.901082051050803,
    "p10": 8.0,
    "p90": 15.0,
    "n": 128
  },
  "10": {
    "mean": 10.998561151079137,
    "std": 3.0754282277882745,
    "p10": 7.0,
    "p90": 16.0,
    "n": 139
  },
  "11": {
    "mean": 9.295652173913043,
    "std": 3.1311216144163594,
    "p10": 6.0,
    "p90": 14.299999999999997,
    "n": 138
  },
  "12": {
    "mean": 7.033093525179856,
    "std": 2.7722848968243987,
    "p10": 4.0,
    "p90": 11.200000000000003,
    "n": 139
  },
  "13": {
    "mean": 4.942465753424658,
    "std": 2.334149350079007,
    "p10": 2.5,
    "p90": 8.0,
    "n": 146
  },
  "14": {
    "mean": 3.4205882352941175,
    "std": 2.135176899499631,
    "p10": 1.0,
    "p90": 7.0,
    "n": 136
  },
  "15": {
    "mean": 2.1107692307692307,
    "std": 1.6007869263403043,
    "p10": 0.0,
    "p90": 4.0,
    "n": 130
  },
  "16": {
    "mean": 1.6585714285714286,
    "std": 1.7651292864090578,
    "p10": 0.0,
    "p90": 4.0,
    "n": 140
  },
  "17": {
    "mean": 1.8236111111111113,
    "std": 2.9691652216476774,
    "p10": 0.0,
    "p90": 5.0,
    "n": 144
  },
  "18": {
    "mean": 2.4085106382978725,
    "std": 3.4106448774745157,
    "p10": 0.0,
    "p90": 8.0,
    "n": 141
  },
  "19": {
    "mean": 3.054421768707483,
    "std": 3.470151220354177,
    "p10": 0.0,
    "p90": 9.0,
    "n": 147
  },
  "20": {
    "mean": 3.54,
    "std": 3.503067514962921,
    "p10": 1.0,
    "p90": 8.0,
    "n": 140
  },
  "21": {
    "mean": 4.377464788732394,
    "std": 3.4172776350366374,
    "p10": 1.1000000000000014,
    "p90": 8.0,
    "n": 142
  },
  "22": {
    "mean": 5.2043478260869565,
    "std": 2.6548913559146956,
    "p10": 3.0,
    "p90": 8.0,
    "n": 138
  },
  "23": {
    "mean": 6.6984615384615385,
    "std": 2.434283066715298,
    "p10": 5.0,
    "p90": 9.0,
    "n": 130
  }
}