{
  "0": {
    "mean": 6.938666666666666,
    "std": 2.3968599891537807,
    "p10": 5.0,
    "p90": 10.0,
    "n": 150
  },
  "1": {
    "mean": 7.192207792207793,
    "std": 2.3072359171647836,
    "p10": 5.0,
    "p90": 10.0,
    "n": 154
  },
  "2": {
    "mean": 7.8583850931677,
    "std": 2.6570321555781726,
    "p10": 5.0,
    "p90": 12.0,
    "n": 161
  },
  "3": {
    "mean": 8.15796178343949,
    "std": 2.596252906089138,
    "p10": 5.0,
    "p90": 11.400000000000006,
    "n": 157
  },
  "4": {
    "mean": 8.544871794871796,
    "std": 2.5498967688603607,
    "p10": 5.0,
    "p90": 12.0,
    "n": 156
  },
  "5": {
    "mean": 9.177777777777779,
    "std": 2.7353009605945093,
    "p10": 6.0,
    "p90": 13.0,
    "n": 153
  },
  "6": {
    "mean": 9.413333333333334,
    "std": 2.9584747264317004,
    "p10": 6.0,
    "p90": 14.0,
    "n": 150
  },
  "7": {
    "mean": 10.105660377358491,
    "std": 3.377498986367543,
    "p10": 6.0,
    "p90": 15.0,
    "n": 159
  },
  "8": {
    "mean": 9.952866242038215,
    "std": 3.1726507664475565,
    "p10": 7.0,
    "p90": 14.0,
    "n": 157
  },
  "9": {
    "mean": 10.186666666666667,
    "std": 3.3110409042956106,
    "p10": 7.0,
    "p90": 15.0,
    "n": 165
  },
  "10": {
    "mean": 10.33370786516854,
    "std": 3.2406124768181614,
    "p10": 6.939999999999999,
    "p90": 15.0,
    "n": 178
  },
  "11": {
    "mean": 9.079518072289156,
    "std": 3.300973558361948,
    "p10": 5.0,
    "p90": 13.0,
    "n": 166
  },
  "12": {
    "mean": 6.845398773006136,
    "std": 2.973903002519341,
    "p10": 4.0,
    "p90": 11.880000000000008,
    "n": 163
  },
  "13": {
    "mean": 5.055913978494623,
    "std": 2.7730542188475886,
    "p10": 2.1000000000000014,
    "p90": 9.0,
    "n": 186
  },
  "14": {
    "mean": 3.464044943820225,
    "std": 2.10711719370925,
    "p10": 1.0,
    "p90": 6.0,
    "n": 178
  },
  "15": {
    "mean": 2.6774193548387095,
    "std": 2.103285925082558,
    "p10": 1.0,
    "p90": 5.299999999999997,
    "n": 186
  },
  "16": {
    "mean": 2.2466666666666666,
    "std": 2.33085689280758,
    "p10": 0.0,
    "p90": 5.819999999999997,
    "n": 180
  },
  "17": {
    "mean": 1.7023809523809523,
    "std": 2.2460598202812254,
    "p10": 0.0,
    "p90": 5.0,
    "n": 168
  },
  "18": {
    "mean": 1.1873417721518988,
    "std": 1.7388309337614636,
    "p10": 0.0,
    "p90": 3.0,
    "n": 158
  },
  "19": {
    "mean": 1.7716129032258066,
    "std": 2.1651836201401804,
    "p10": 0.0,
    "p90": 5.599999999999994,
    "n": 155
  },
  "20": {
    "mean": 2.650632911392405,
    "std": 2.5454779896117423,
    "p10": 1.0,
    "p90": 6.0,
    "n": 158
  },
  "21": {
    "mean": 3.7821428571428575,
    "std": 2.663645726127994,
    "p10": 1.0,
    "p90": 8.0,
    "n": 168
  },
  "22": {
    "mean": 4.642857142857143,
    "std": 1.8826992561910627,
    "p10": 3.0,
    "p90": 7.0,
    "n": 154
  },
  "23": {
    "mean": 6.263999999999999,
    "std": 2.1708650426862217,
    "p10": 4.0,
    "p90": 9.0,
    "n": 150
  }
}