{
  "0": {
    "mean": 6.977622377622377,
    "std": 3.2890004385171703,
    "p10": 2.0,
    "p90": 10.0,
    "n": 143
  },
  "1": {
    "mean": 7.909219858156029,
    "std": 3.3496673760074365,
    "p10": 4.0,
    "p90": 12.0,
    "n": 141
  },
  "2": {
    "mean": 8.473103448275861,
    "std": 3.515743464372748,
    "p10": 5.0,
    "p90": 13.0,
    "n": 145
  },
  "3": {
    "mean": 9.016666666666667,
    "std": 3.6970977088158588,
    "p10": 5.0,
    "p90": 14.0,
    "n": 144
  },
  "4": {
    "mean": 9.811111111111112,
    "std": 3.851638668816227,
    "p10": 6.0,
    "p90": 15.0,
    "n": 144
  },
  "5": {
    "mean": 10.587142857142858,
    "std": 4.217415807642509,
    "p10": 6.0,
    "p90": 16.0,
    "n": 140
  },
  "6": {
    "mean": 11.217333333333332,
    "std": 4.323864581794881,
    "p10": 6.0,
    "p90": 18.0,
    "n": 150
  },
  "7": {
    "mean": 11.47225806451613,
    "std": 4.498477888085439,
    "p10": 7.0,
    "p90": 18.0,
    "n": 155
  },
  "8": {
    "mean": 12.051315789473685,
    "std": 4.446920012208541,
    "p10": 7.0,
    "p90": 18.0,
    "n": 152
  },
  "9": {
    "mean": 12.4,
    "std": 4.796963719599338,
    "p10": 7.0,
    "p90": 19.0,
    "n": 152
  },
  "10": {
    "mean": 12.538922155688622,
    "std": 4.584242922075855,
    "p10": 7.0,
    "p90": 19.0,
    "n": 167
  },
  "11": {
    "mean": 12.746753246753247,
    "std": 4.872655042938402,
    "p10": 7.0,
    "p90": 20.0,
    "n": 154
  },
  "12": {
    "mean": 10.651497005988023,
    "std": 4.267386213464925,
    "p10": 6.0,
    "p90": 16.400000000000006,
    "n": 167
  },
  "13": {
    "mean": 8.003821656050954,
    "std": 4.092048031999951,
    "p10": 4.0,
    "p90": 14.0,
    "n": 157
  },
  "14": {
    "mean": 5.4046783625731,
    "std": 3.4887350288927332,
    "p10": 2.0,
    "p90": 11.0,
    "n": 171
  },
  "15": {
    "mean": 3.3536423841059606,
    "std": 2.728363974605467,
    "p10": 1.0,
    "p90": 7.0,
    "n": 151
  },
  "16": {
    "mean": 2.647619047619048,
    "std": 2.869641893428733,
    "p10": 0.0,
    "p90": 6.0,
    "n": 168
  },
  "17": {
    "mean": 1.6450704225352115,
    "std": 2.119600439557959,
    "p10": 0.0,
    "p90": 3.0,
    "n": 142
  },
  "18": {
    "mean": 1.6259740259740258,
    "std": 2.4903160204427635,
    "p10": 0.0,
    "p90": 4.0,
    "n": 154
  },
  "19": {
    "mean": 1.5014084507042254,
    "std": 1.9473563063183548,
    "p10": 0.0,
    "p90": 3.9000000000000057,
    "n": 142
  },
  "20": {
    "mean": 2.372549019607843,
    "std": 2.1489359452050767,
    "p10": 0.0,
    "p90": 5.0,
    "n": 153
  },
  "21": {
    "mean": 3.235135135135135,
    "std": 2.1507431041343854,
    "p10": 1.0,
    "p90": 5.0,
    "n": 148
  },
  "22": {
    "mean": 4.808510638297872,
    "std": 1.9698980887962607,
    "p10": 3.0,
    "p90": 6.799999999999997,
    "n": 141
  },
  "23": {
    "mean": 6.262499999999999,
    "std": 2.3782780101801166,
    "p10": 4.0,
    "p90": 9.0,
    "n": 144
  }
}