{
  "0": {
    "mean": 6.237583892617449,
    "std": 3.317714055703788,
    "p10": 1.0,
    "p90": 10.0,
    "n": 149
  },
  "1": {
    "mean": 6.543790849673203,
    "std": 3.1285154976643854,
    "p10": 2.0,
    "p90": 10.0,
    "n": 153
  },
  "2": {
    "mean": 7.302597402597404,
    "std": 3.2023877540129386,
    "p10": 3.0,
    "p90": 11.0,
    "n": 154
  },
  "3": {
    "mean": 7.772670807453415,
    "std": 3.109863091392443,
    "p10": 4.0,
    "p90": 12.0,
    "n": 161
  },
  "4": {
    "mean": 8.467924528301888,
    "std": 3.3514652143317214,
    "p10": 4.96,
    "p90": 13.0,
    "n": 159
  },
  "5": {
    "mean": 9.076129032258065,
    "std": 3.612983151907829,
    "p10": 5.0,
    "p90": 14.0,
    "n": 155
  },
  "6": {
    "mean": 9.750967741935485,
    "std": 3.7094713408817177,
    "p10": 5.0,
    "p90": 15.0,
    "n": 155
  },
  "7": {
    "mean": 10.054088050314466,
    "std": 3.9568358113229403,
    "p10": 5.0,
    "p90": 16.0,
    "n": 159
  },
  "8": {
    "mean": 10.539354838709677,
    "std": 3.9879932911371627,
    "p10": 6.0,
    "p90": 16.0,
    "n": 155
  },
  "9": {
    "mean": 10.630674846625766,
    "std": 4.029372577577225,
    "p10": 6.0,
    "p90": 16.0,
    "n": 163
  },
  "10": {
    "mean": 10.77901234567901,
    "std": 4.150378746449181,
    "p10": 6.0,
    "p90": 16.0,
    "n": 162
  },
  "11": {
    "mean": 10.614814814814814,
    "std": 4.276386444346915,
    "p10": 6.0,
    "p90": 16.0,
    "n": 162
  },
  "12": {
    "mean": 9.385542168674698,
    "std": 3.793555381373041,
    "p10": 5.0,
    "p90": 14.0,
    "n": 166
  },
  "13": {
    "mean": 7.0958579881656805,
    "std": 3.5101274401906344,
    "p10": 3.0,
    "p90": 11.680000000000001,
    "n": 169
  },
  "14": {
    "mean": 4.798857142857143,
    "std": 3.20549077368259,
    "p10": 2.0,
    "p90": 9.0,
    "n": 175
  },
  "15": {
    "mean": 3.2629213483146065,
    "std": 2.6419639169397704,
    "p10": 1.0,
    "p90": 7.0,
    "n": 178
  },
  "16": {
    "mean": 2.001204819277109,
    "std": 2.3325363474853438,
    "p10": 0.0,
    "p90": 4.0,
    "n": 166
  },
  "17": {
    "mean": 1.3278481012658228,
    "std": 2.0457466647339952,
    "p10": 0.0,
    "p90": 3.0,
    "n": 158
  },
  "18": {
    "mean": 1.2857142857142858,
    "std": 2.085349724480128,
    "p10": 0.0,
    "p90": 3.0,
    "n": 154
  },
  "19": {
    "mean": 1.5613333333333332,
    "std": 2.151159720517451,
    "p10": 0.0,
    "p90": 3.279999999999998,
    "n": 150
  },
  "20": {
    "mean": 2.385987261146497,
    "std": 2.1926584554829294,
    "p10": 1.0,
    "p90": 4.0,
    "n": 157
  },
  "21": {
    "mean": 3.3741935483870966,
    "std": 2.0389339813926246,
    "p10": 2.0,
    "p90": 5.0,
    "n": 155
  },
  "22": {
    "mean": 4.789115646258503,
    "std": 2.1839742977218584,
    "p10": 3.0,
    "p90": 6.759999999999999,
    "n": 147
  },
  "23": {
    "mean": 5.665789473684211,
    "std": 2.2654065688685043,
    "p10": 4.0,
    "p90": 8.0,
    "n": 152
  }
}