{
  "0": {
    "mean": 6.98169014084507,
    "std": 2.4392656643589565,
    "p10": 5.0,
    "p90": 10.0,
    "n": 142
  },
  "1": {
    "mean": 7.222068965517241,
    "std": 2.3579790359754287,
    "p10": 5.0,
    "p90": 10.0,
    "n": 145
  },
  "2": {
    "mean": 7.894117647058823,
    "std": 2.708083301945979,
    "p10": 5.0,
    "p90": 12.0,
    "n": 153
  },
  "3": {
    "mean": 8.19731543624161,
    "std": 2.640739717945672,
    "p10": 5.0,
    "p90": 12.0,
    "n": 149
  },
  "4": {
    "mean": 8.59189189189189,
    "std": 2.600248902620683,
    "p10": 5.0,
    "p90": 12.0,
    "n": 148
  },
  "5": {
    "mean": 9.253793103448276,
    "std": 2.7766141624101386,
    "p10": 6.0,
    "p90": 13.0,
    "n": 145
  },
  "6": {
    "mean": 9.504225352112675,
    "std": 3.002478249180088,
    "p10": 6.0,
    "p90": 14.0,
    "n": 142
  },
  "7": {
    "mean": 10.194701986754968,
    "std": 3.4340217059976026,
    "p10": 6.0,
    "p90": 15.0,
    "n": 151
  },
  "8": {
    "mean": 10.014765100671141,
    "std": 3.2236536229775004,
    "p10": 7.0,
    "p90": 14.0,
    "n": 149
  },
  "9": {
    "mean": 10.238216560509555,
    "std": 3.3447343812335917,
    "p10": 7.0,
    "p90": 15.0,
    "n": 157
  },
  "10": {
    "mean": 10.394117647058824,
    "std": 3.2650508279587602,
    "p10": 6.98,
    "p90": 15.0,
    "n": 170
  },
  "11": {
    "mean": 9.182278481012657,
    "std": 3.338589636765604,
    "p10": 5.0,
    "p90": 13.0,
    "n": 158
  },
  "12": {
    "mean": 6.944516129032259,
    "std": 3.0002195143819783,
    "p10": 4.0,
    "p90": 12.0,
    "n": 155
  },
  "13": {
    "mean": 5.15593220338983,
    "std": 2.7995294563900717,
    "p10": 2.200000000000003,
    "p90": 9.400000000000006,
    "n": 177
  },
  "14": {
    "mean": 3.533727810650888,
    "std": 2.127341499158843,
    "p10": 1.0,
    "p90": 6.1600000000000135,
    "n": 169
  },
  "15": {
    "mean": 2.7340909090909093,
    "std": 2.123871740202587,
    "p10": 1.0,
    "p90": 5.699999999999996,
    "n": 176
  },
  "16": {
    "mean": 2.313953488372093,
    "std": 2.3569314370582792,
    "p10": 0.0,
    "p90": 5.98,
    "n": 172
  },
  "17": {
    "mean": 1.7537499999999997,
    "std": 2.2848939944859015,
    "p10": 0.0,
    "p90": 5.0,
    "n": 160
  },
  "18": {
    "mean": 1.1946666666666665,
    "std": 1.7783102856464026,
    "p10": 0.0,
    "p90": 3.0,
    "n": 150
  },
  "19": {
    "mean": 1.8244897959183672,
    "std": 2.203595810983229,
    "p10": 0.0,
    "p90": 6.0,
    "n": 147
  },
  "20": {
    "mean": 2.7093333333333334,
    "std": 2.5933923953638574,
    "p10": 1.0,
    "p90": 6.0,
    "n": 150
  },
  "21": {
    "mean": 3.85,
    "std": 2.706247140396763,
    "p10": 1.0,
    "p90": 8.099999999999994,
    "n": 160
  },
  "22": {
    "mean": 4.654794520547944,
    "std": 1.920850465083408,
    "p10": 3.0,
    "p90": 7.0,
    "n": 146
  },
  "23": {
    "mean": 6.261971830985916,
    "std": 2.221006493275631,
    "p10": 4.0,
    "p90": 9.0,
    "n": 142
  }
}