{
  "0": {
    "mean": 7.286585365853658,
    "std": 3.1891019254372344,
    "p10": 4.300000000000001,
    "p90": 12.0,
    "n": 164
  },
  "1": {
    "mean": 7.750295857988165,
    "std": 3.160679633446004,
    "p10": 5.0,
    "p90": 12.0,
    "n": 169
  },
  "2": {
    "mean": 7.765000000000001,
    "std": 2.9073361989259006,
    "p10": 5.0,
    "p90": 11.099999999999994,
    "n": 160
  },
  "3": {
    "mean": 8.046987951807228,
    "std": 2.726384545650714,
    "p10": 5.0,
    "p90": 11.5,
    "n": 166
  },
  "4": {
    "mean": 8.356470588235293,
    "std": 2.6956439574401667,
    "p10": 6.0,
    "p90": 11.0,
    "n": 170
  },
  "5": {
    "mean": 9.012790697674419,
    "std": 2.8366150864928423,
    "p10": 6.0,
    "p90": 13.0,
    "n": 172
  },
  "6": {
    "mean": 9.437349397590362,
    "std": 2.7622218041575275,
    "p10": 6.5,
    "p90": 13.0,
    "n": 166
  },
  "7": {
    "mean": 9.37375,
    "std": 2.7877649914938574,
    "p10": 7.0,
    "p90": 13.0,
    "n": 160
  },
  "8": {
    "mean": 9.6725,
    "std": 2.678259784206548,
    "p10": 7.0,
    "p90": 13.0,
    "n": 160
  },
  "9": {
    "mean": 9.638749999999998,
    "std": 2.7062933294278464,
    "p10": 7.0,
    "p90": 13.0,
    "n": 160
  },
  "10": {
    "mean": 9.450909090909091,
    "std": 2.566924186311413,
    "p10": 7.0,
    "p90": 12.0,
    "n": 165
  },
  "11": {
    "mean": 8.175418994413409,
    "std": 2.5147339345663693,
    "p10": 5.759999999999997,
    "p90": 11.360000000000015,
    "n": 179
  },
  "12": {
    "mean": 6.535869565217391,
    "std": 2.738436453964562,
    "p10": 4.0,
    "p90": 10.0,
    "n": 184
  },
  "13": {
    "mean": 4.840625,
    "std": 2.3685141530490617,
    "p10": 2.040000000000001,
    "p90": 8.0,
    "n": 192
  },
  "14": {
    "mean": 3.538860103626943,
    "std": 2.4576819926919082,
    "p10": 1.0,
    "p90": 6.0,
    "n": 193
  },
  "15": {
    "mean": 2.6378947368421053,
    "std": 2.4557535916998585,
    "p10": 0.0,
    "p90": 6.0,
    "n": 190
  },
  "16": {
    "mean": 2.9577464788732395,
    "std": 3.6061135970801734,
    "p10": 0.0,
    "p90": 9.0,
    "n": 213
  },
  "17": {
    "mean": 3.4229665071770334,
    "std": 4.095617827421881,
    "p10": 0.0,
    "p90": 10.0,
    "n": 209
  },
  "18": {
    "mean": 3.3492227979274616,
    "std": 4.096099760379077,
    "p10": 0.0,
    "p90": 10.0,
    "n": 193
  },
  "19": {
    "mean": 3.2175824175824177,
    "std": 4.1041306077726105,
    "p10": 0.0,
    "p90": 9.900000000000006,
    "n": 182
  },
  "20": {
    "mean": 3.2811428571428576,
    "std": 3.784608705558237,
    "p10": 0.0,
    "p90": 9.0,
    "n": 175
  },
  "21": {
    "mean": 3.6132530120481925,
    "std": 3.1442982002285604,
    "p10": 1.0,
    "p90": 7.899999999999999,
    "n": 166
  },
  "22": {
    "mean": 5.052272727272728,
    "std": 3.368763309252557,
    "p10": 2.0,
    "p90": 9.0,
    "n": 176
  },
  "23": {
    "mean": 6.786127167630058,
    "std": 3.6389740321950903,
    "p10": 4.0,
    "p90": 13.0,
    "n": 173
  }
}