{
  "0": {
    "mean": 8.855629139072848,
    "std": 3.5517626752846643,
    "p10": 5.0,
    "p90": 15.0,
    "n": 151
  },
  "1": {
    "mean": 8.897902097902097,
    "std": 2.9536196111295525,
    "p10": 5.0,
    "p90": 13.0,
    "n": 143
  },
  "2": {
    "mean": 9.115862068965518,
    "std": 2.676094684165845,
    "p10": 6.0,
    "p90": 12.599999999999994,
    "n": 145
  },
  "3": {
    "mean": 9.454545454545455,
    "std": 2.8022306826840064,
    "p10": 6.0,
    "p90": 13.0,
    "n": 143
  },
  "4": {
    "mean": 9.740425531914893,
    "std": 2.8226375386811595,
    "p10": 6.0,
    "p90": 13.0,
    "n": 141
  },
  "5": {
    "mean": 10.180152671755724,
    "std": 2.834062586772354,
    "p10": 7.0,
    "p90": 13.0,
    "n": 131
  },
  "6": {
    "mean": 10.12063492063492,
    "std": 2.771174984307341,
    "p10": 6.0,
    "p90": 13.0,
    "n": 126
  },
  "7": {
    "mean": 10.407874015748032,
    "std": 2.61174412013914,
    "p10": 7.0,
    "p90": 14.0,
    "n": 127
  },
  "8": {
    "mean": 10.538686131386862,
    "std": 2.6032289953503365,
    "p10": 7.0,
    "p90": 14.0,
    "n": 137
  },
  "9": {
    "mean": 10.607142857142858,
    "std": 2.6132380987464527,
    "p10": 7.0,
    "p90": 14.0,
    "n": 140
  },
  "10": {
    "mean": 10.459574468085108,
    "std": 2.599752150917586,
    "p10": 7.0,
    "p90": 14.0,
    "n": 141
  },
  "11": {
    "mean": 9.42344827586207,
    "std": 2.4113739108506236,
    "p10": 6.4,
    "p90": 12.0,
    "n": 145
  },
  "12": {
    "mean": 6.659999999999999,
    "std": 2.1666463922724644,
    "p10": 4.0,
    "p90": 9.0,
    "n": 130
  },
  "13": {
    "mean": 4.640310077519379,
    "std": 2.116804762631825,
    "p10": 2.0,
    "p90": 7.0,
    "n": 129
  },
  "14": {
    "mean": 3.0841379310344825,
    "std": 1.8694427222982846,
    "p10": 1.0,
    "p90": 6.0,
    "n": 145
  },
  "15": {
    "mean": 2.5948717948717945,
    "std": 2.518980717358738,
    "p10": 0.0,
    "p90": 6.0,
    "n": 156
  },
  "16": {
    "mean": 3.0211764705882356,
    "std": 3.5771164254657104,
    "p10": 0.0,
    "p90": 9.04,
    "n": 170
  },
  "17": {
    "mean": 2.4402298850574713,
    "std": 3.1730060789266066,
    "p10": 0.0,
    "p90": 8.0,
    "n": 174
  },
  "18": {
    "mean": 4.33948717948718,
    "std": 4.112820005234039,
    "p10": 0.0,
    "p90": 10.359999999999992,
    "n": 195
  },
  "19": {
    "mean": 4.866321243523316,
    "std": 4.211511436974276,
    "p10": 0.0,
    "p90": 10.800000000000011,
    "n": 193
  },
  "20": {
    "mean": 4.906410256410256,
    "std": 3.8856838894419004,
    "p10": 1.0,
    "p90": 11.0,
    "n": 156
  },
  "21": {
    "mean": 6.300000000000001,
    "std": 3.8834380269409357,
    "p10": 2.0,
    "p90": 12.0,
    "n": 166
  },
  "22": {
    "mean": 7.355421686746988,
    "std": 3.753713410285492,
    "p10": 3.0,
    "p90": 13.0,
    "n": 166
  },
  "23": {
    "mean": 8.268831168831168,
    "std": 3.663519495716208,
    "p10": 4.0,
    "p90": 13.0,
    "n": 154
  }
}