{
  "0": {
    "mean": 6.954074074074073,
    "std": 4.109976267552552,
    "p10": 1.0,
    "p90": 12.0,
    "n": 135
  },
  "1": {
    "mean": 7.393984962406015,
    "std": 4.297845820494477,
    "p10": 1.0,
    "p90": 12.799999999999997,
    "n": 133
  },
  "2": {
    "mean": 8.313235294117646,
    "std": 4.384734610382464,
    "p10": 2.0,
    "p90": 14.0,
    "n": 136
  },
  "3": {
    "mean": 9.094202898550725,
    "std": 4.52259159790616,
    "p10": 3.0,
    "p90": 15.0,
    "n": 138
  },
  "4": {
    "mean": 9.57810218978102,
    "std": 4.849237589081696,
    "p10": 3.0,
    "p90": 16.0,
    "n": 137
  },
  "5": {
    "mean": 10.247826086956522,
    "std": 4.912047120950551,
    "p10": 3.700000000000001,
    "p90": 17.0,
    "n": 138
  },
  "6": {
    "mean": 10.884444444444446,
    "std": 4.897789124539531,
    "p10": 4.4,
    "p90": 17.480000000000004,
    "n": 135
  },
  "7": {
    "mean": 10.73116883116883,
    "std": 5.05195903864753,
    "p10": 4.0,
    "p90": 17.560000000000013,
    "n": 154
  },
  "8": {
    "mean": 11.349668874172185,
    "std": 4.987623003291053,
    "p10": 5.0,
    "p90": 18.799999999999997,
    "n": 151
  },
  "9": {
    "mean": 11.78169014084507,
    "std": 4.935953201013675,
    "p10": 6.0,
    "p90": 18.900000000000006,
    "n": 142
  },
  "10": {
    "mean": 12.185401459854015,
    "std": 5.00967505324602,
    "p10": 6.0,
    "p90": 19.0,
    "n": 137
  },
  "11": {
    "mean": 12.172027972027971,
    "std": 4.840882319682524,
    "p10": 6.0,
    "p90": 18.799999999999997,
    "n": 143
  },
  "12": {
    "mean": 11.180689655172413,
    "std": 4.72236546999318,
    "p10": 5.0,
    "p90": 17.0,
    "n": 145
  },
  "13": {
    "mean": 8.662337662337663,
    "std": 4.252520635402019,
    "p10": 4.0,
    "p90": 14.940000000000003,
    "n": 154
  },
  "14": {
    "mean": 5.98896551724138,
    "std": 3.5951958152778785,
    "p10": 2.0,
    "p90": 10.0,
    "n": 145
  },
  "15": {
    "mean": 4.024675324675324,
    "std": 3.576782643228896,
    "p10": 1.0,
    "p90": 8.700000000000017,
    "n": 154
  },
  "16": {
    "mean": 3.1875862068965515,
    "std": 3.7022681253564893,
    "p10": 0.0,
    "p90": 8.0,
    "n": 145
  },
  "17": {
    "mean": 2.2479999999999998,
    "std": 3.260393190765381,
    "p10": 0.0,
    "p90": 6.0,
    "n": 150
  },
  "18": {
    "mean": 1.9536231884057969,
    "std": 3.440869848865346,
    "p10": 0.0,
    "p90": 6.299999999999997,
    "n": 138
  },
  "19": {
    "mean": 2.066666666666667,
    "std": 3.1637876412309938,
    "p10": 0.0,
    "p90": 6.6000000000000085,
    "n": 135
  },
  "20": {
    "mean": 2.4984848484848485,
    "std": 3.142566288502325,
    "p10": 0.0,
    "p90": 7.0,
    "n": 132
  },
  "21": {
    "mean": 3.72112676056338,
    "std": 2.8429290406053216,
    "p10": 1.0,
    "p90": 8.0,
    "n": 142
  },
  "22": {
    "mean": 5.076119402985075,
    "std": 2.947744877925323,
    "p10": 3.0,
    "p90": 8.0,
    "n": 134
  },
  "23": {
    "mean": 6.392592592592592,
    "std": 3.0447809427768306,
    "p10": 3.239999999999998,
    "p90": 9.92,
    "n": 135
  }
}