{
  "0": {
    "mean": 7.814285714285715,
    "std": 2.7324825244566053,
    "p10": 5.0,
    "p90": 12.0,
    "n": 112
  },
  "1": {
    "mean": 8.174545454545456,
    "std": 2.7410717907663624,
    "p10": 5.0,
    "p90": 13.0,
    "n": 110
  },
  "2": {
    "mean": 8.771929824561404,
    "std": 2.8996035362783994,
    "p10": 6.0,
    "p90": 12.700000000000003,
    "n": 114
  },
  "3": {
    "mean": 9.136936936936937,
    "std": 2.50628039960445,
    "p10": 7.0,
    "p90": 13.0,
    "n": 111
  },
  "4": {
    "mean": 9.414678899082569,
    "std": 2.5347520036511644,
    "p10": 7.0,
    "p90": 13.0,
    "n": 109
  },
  "5": {
    "mean": 9.893203883495145,
    "std": 2.6749111085073722,
    "p10": 7.0,
    "p90": 13.0,
    "n": 103
  },
  "6": {
    "mean": 10.504424778761061,
    "std": 2.7792724311451362,
    "p10": 7.0,
    "p90": 14.0,
    "n": 113
  },
  "7": {
    "mean": 10.769090909090908,
    "std": 2.840233400880328,
    "p10": 7.0,
    "p90": 14.0,
    "n": 110
  },
  "8": {
    "mean": 10.964285714285714,
    "std": 3.0871094133905483,
    "p10": 8.0,
    "p90": 15.0,
    "n": 112
  },
  "9": {
    "mean": 11.26923076923077,
    "std": 2.979642153632592,
    "p10": 8.0,
    "p90": 15.0,
    "n": 104
  },
  "10": {
    "mean": 11.093103448275862,
    "std": 3.141910915016696,
    "p10": 7.0,
    "p90": 16.0,
    "n": 116
  },
  "11": {
    "mean": 9.455172413793104,
    "std": 3.2021282278207255,
    "p10": 6.0,
    "p90": 15.0,
    "n": 116
  },
  "12": {
    "mean": 7.0139130434782615,
    "std": 2.883312147468716,
    "p10": 4.0,
    "p90": 12.0,
    "n": 115
  },
  "13": {
    "mean": 4.898305084745763,
    "std": 2.350303964733197,
    "p10": 2.0,
    "p90": 8.0,
    "n": 118
  },
  "14": {
    "mean": 3.2872727272727276,
    "std": 2.0477828283520227,
    "p10": 1.0,
    "p90": 6.0,
    "n": 110
  },
  "15": {
    "mean": 2.0500000000000003,
    "std": 1.494194372372586,
    "p10": 0.0,
    "p90": 4.0,
    "n": 108
  },
  "16": {
    "mean": 1.5321739130434782,
    "std": 1.5845497354850626,
    "p10": 0.0,
    "p90": 3.0,
    "n": 115
  },
  "17": {
    "mean": 1.8299999999999998,
    "std": 3.024677217308907,
    "p10": 0.0,
    "p90": 5.0,
    "n": 120
  },
  "18": {
    "mean": 2.4153846153846157,
    "std": 3.364229055114784,
    "p10": 0.0,
    "p90": 8.0,
    "n": 117
  },
  "19": {
    "mean": 3.264,
    "std": 3.6020245203442616,
    "p10": 0.0,
    "p90": 9.0,
    "n": 125
  },
  "20": {
    "mean": 3.674576271186441,
    "std": 3.6920609314424127,
    "p10": 1.0,
    "p90": 8.0,
    "n": 118
  },
  "21": {
    "mean": 4.454237288135594,
    "std": 3.549952306596601,
    "p10": 1.0,
    "p90": 8.299999999999997,
    "n": 118
  },
  "22": {
    "mean": 5.159649122807018,
    "std": 2.7945813338580607,
    "p10": 3.0,
    "p90": 8.0,
    "n": 114
  },
  "23": {
    "mean": 6.655555555555555,
    "std": 2.436917515672852,
    "p10": 5.0,
    "p90": 9.0,
    "n": 108
  }
}