{
  "0": {
    "mean": 7.04223602484472,
    "std": 4.019975742332795,
    "p10": 1.0,
    "p90": 12.0,
    "n": 161
  },
  "1": {
    "mean": 7.541614906832297,
    "std": 4.163570568127361,
    "p10": 1.0,
    "p90": 13.0,
    "n": 161
  },
  "2": {
    "mean": 8.370909090909091,
    "std": 4.260782851774758,
    "p10": 2.0,
    "p90": 14.0,
    "n": 165
  },
  "3": {
    "mean": 9.155151515151514,
    "std": 4.466261137011174,
    "p10": 3.0,
    "p90": 15.0,
    "n": 165
  },
  "4": {
    "mean": 9.667484662576689,
    "std": 4.783315697936038,
    "p10": 3.0,
    "p90": 16.0,
    "n": 163
  },
  "5": {
    "mean": 10.362424242424243,
    "std": 4.919924046547767,
    "p10": 3.0,
    "p90": 17.0,
    "n": 165
  },
  "6": {
    "mean": 10.957317073170731,
    "std": 4.966329092960315,
    "p10": 4.300000000000001,
    "p90": 18.0,
    "n": 164
  },
  "7": {
    "mean": 10.97888888888889,
    "std": 5.096454994124682,
    "p10": 4.0,
    "p90": 18.0,
    "n": 180
  },
  "8": {
    "mean": 11.5875,
    "std": 5.022652970009262,
    "p10": 5.0,
    "p90": 19.0,
    "n": 176
  },
  "9": {
    "mean": 11.932544378698225,
    "std": 5.072469464057188,
    "p10": 6.0,
    "p90": 19.0,
    "n": 169
  },
  "10": {
    "mean": 12.162650602409638,
    "std": 5.123711033021743,
    "p10": 6.0,
    "p90": 19.0,
    "n": 166
  },
  "11": {
    "mean": 12.211363636363636,
    "std": 5.016075456670581,
    "p10": 6.0,
    "p90": 19.0,
    "n": 176
  },
  "12": {
    "mean": 11.18742857142857,
    "std": 4.739084459120056,
    "p10": 5.0,
    "p90": 17.0,
    "n": 175
  },
  "13": {
    "mean": 8.678918918918919,
    "std": 4.2368003358408854,
    "p10": 4.0,
    "p90": 14.479999999999993,
    "n": 185
  },
  "14": {
    "mean": 5.984180790960451,
    "std": 3.566348165821193,
    "p10": 2.0,
    "p90": 10.0,
    "n": 177
  },
  "15": {
    "mean": 3.9497382198952877,
    "std": 3.4151962931263826,
    "p10": 1.0,
    "p90": 8.0,
    "n": 191
  },
  "16": {
    "mean": 3.146285714285714,
    "std": 3.4565405981130817,
    "p10": 0.0,
    "p90": 7.0,
    "n": 175
  },
  "17": {
    "mean": 2.2010928961748633,
    "std": 3.0279647005185866,
    "p10": 0.0,
    "p90": 5.0,
    "n": 183
  },
  "18": {
    "mean": 1.8084337349397586,
    "std": 3.1819454624310204,
    "p10": 0.0,
    "p90": 4.0,
    "n": 166
  },
  "19": {
    "mean": 1.9724999999999997,
    "std": 2.9593886416074984,
    "p10": 0.0,
    "p90": 6.0,
    "n": 160
  },
  "20": {
    "mean": 2.3672955974842766,
    "std": 2.968857276123789,
    "p10": 0.0,
    "p90": 7.0,
    "n": 159
  },
  "21": {
    "mean": 3.625,
    "std": 2.786381552423972,
    "p10": 1.0,
    "p90": 8.0,
    "n": 168
  },
  "22": {
    "mean": 5.061635220125786,
    "std": 2.9364535301018986,
    "p10": 3.0,
    "p90": 8.0,
    "n": 159
  },
  "23": {
    "mean": 6.349382716049382,
    "std": 3.137694032278533,
    "p10": 3.0,
    "p90": 9.720000000000002,
    "n": 162
  }
}