{
  "0": {
    "mean": 6.153719008264463,
    "std": 2.7439339557866567,
    "p10": 3.0,
    "p90": 10.0,
    "n": 121
  },
  "1": {
    "mean": 6.56,
    "std": 2.9956958370947966,
    "p10": 3.0,
    "p90": 10.0,
    "n": 125
  },
  "2": {
    "mean": 7.347107438016529,
    "std": 3.0283954602001497,
    "p10": 4.0,
    "p90": 11.0,
    "n": 121
  },
  "3": {
    "mean": 7.888888888888889,
    "std": 3.263230846194544,
    "p10": 4.5,
    "p90": 12.0,
    "n": 126
  },
  "4": {
    "mean": 8.314705882352941,
    "std": 3.3679651931817305,
    "p10": 5.0,
    "p90": 13.0,
    "n": 136
  },
  "5": {
    "mean": 8.886153846153846,
    "std": 3.6589436745264603,
    "p10": 5.0,
    "p90": 14.0,
    "n": 130
  },
  "6": {
    "mean": 9.532824427480918,
    "std": 3.6159144549975535,
    "p10": 6.0,
    "p90": 15.0,
    "n": 131
  },
  "7": {
    "mean": 9.70597014925373,
    "std": 3.7086925161778206,
    "p10": 6.0,
    "p90": 15.0,
    "n": 134
  },
  "8": {
    "mean": 10.216417910447761,
    "std": 3.807554699074423,
    "p10": 6.0,
    "p90": 15.0,
    "n": 134
  },
  "9": {
    "mean": 10.368181818181817,
    "std": 3.8923553610591806,
    "p10": 6.0,
    "p90": 15.900000000000006,
    "n": 132
  },
  "10": {
    "mean": 10.539705882352942,
    "std": 3.9370844526029805,
    "p10": 5.0,
    "p90": 16.0,
    "n": 136
  },
  "11": {
    "mean": 10.514492753623188,
    "std": 3.9350113054983256,
    "p10": 6.0,
    "p90": 16.0,
    "n": 138
  },
  "12": {
    "mean": 8.573426573426573,
    "std": 3.6510648851570573,
    "p10": 4.0,
    "p90": 13.0,
    "n": 143
  },
  "13": {
    "mean": 6.451470588235294,
    "std": 3.295518512434001,
    "p10": 3.0,
    "p90": 11.0,
    "n": 136
  },
  "14": {
    "mean": 4.656164383561643,
    "std": 3.162778625648765,
    "p10": 1.0,
    "p90": 8.0,
    "n": 146
  },
  "15": {
    "mean": 2.7614285714285716,
    "std": 2.201228751503121,
    "p10": 0.0,
    "p90": 6.0,
    "n": 140
  },
  "16": {
    "mean": 1.6555555555555554,
    "std": 1.8166587155789309,
    "p10": 0.0,
    "p90": 4.0,
    "n": 126
  },
  "17": {
    "mean": 1.4307692307692308,
    "std": 1.730790300010897,
    "p10": 0.0,
    "p90": 3.0,
    "n": 130
  },
  "18": {
    "mean": 1.0976,
    "std": 1.3623073406256692,
    "p10": 0.0,
    "p90": 3.0,
    "n": 125
  },
  "19": {
    "mean": 1.72,
    "std": 2.065831289028385,
    "p10": 0.0,
    "p90": 4.0,
    "n": 130
  },
  "20": {
    "mean": 2.472131147540984,
    "std": 1.7678610269920396,
    "p10": 1.0,
    "p90": 5.0,
    "n": 122
  },
  "21": {
    "mean": 3.757142857142857,
    "std": 1.763924196622001,
    "p10": 2.0,
    "p90": 5.0,
    "n": 126
  },
  "22": {
    "mean": 4.991869918699187,
    "std": 1.7716156142288602,
    "p10": 3.0,
    "p90": 7.0,
    "n": 123
  },
  "23": {
    "mean": 5.766929133858269,
    "std": 2.242980412277103,
    "p10": 3.0,
    "p90": 9.0,
    "n": 127
  }
}