{
  "0": {
    "mean": 7.673255813953488,
    "std": 3.3238434885709816,
    "p10": 4.0,
    "p90": 12.0,
    "n": 172
  },
  "1": {
    "mean": 7.751764705882353,
    "std": 2.991313331509699,
    "p10": 5.0,
    "p90": 12.0,
    "n": 170
  },
  "2": {
    "mean": 8.374117647058823,
    "std": 2.7815602850223105,
    "p10": 5.0,
    "p90": 12.0,
    "n": 170
  },
  "3": {
    "mean": 8.47151515151515,
    "std": 2.681276681272808,
    "p10": 5.239999999999999,
    "p90": 12.0,
    "n": 165
  },
  "4": {
    "mean": 8.661249999999999,
    "std": 2.7330722570514245,
    "p10": 5.96,
    "p90": 12.099999999999994,
    "n": 160
  },
  "5": {
    "mean": 8.991194968553458,
    "std": 2.5860723272947803,
    "p10": 6.0,
    "p90": 12.0,
    "n": 159
  },
  "6": {
    "mean": 9.224852071005918,
    "std": 2.660396968792097,
    "p10": 6.0,
    "p90": 12.200000000000017,
    "n": 169
  },
  "7": {
    "mean": 9.642105263157895,
    "std": 2.4799630477622556,
    "p10": 7.0,
    "p90": 13.0,
    "n": 171
  },
  "8": {
    "mean": 9.797575757575757,
    "std": 2.4707052295075673,
    "p10": 7.0,
    "p90": 13.0,
    "n": 165
  },
  "9": {
    "mean": 9.817391304347826,
    "std": 2.5418882060731773,
    "p10": 7.0,
    "p90": 13.0,
    "n": 161
  },
  "10": {
    "mean": 9.895180722891565,
    "std": 2.4969024987679056,
    "p10": 7.0,
    "p90": 13.0,
    "n": 166
  },
  "11": {
    "mean": 8.713953488372091,
    "std": 2.5062337621097197,
    "p10": 6.0,
    "p90": 12.0,
    "n": 172
  },
  "12": {
    "mean": 6.476923076923076,
    "std": 2.341143391796491,
    "p10": 4.0,
    "p90": 9.200000000000017,
    "n": 169
  },
  "13": {
    "mean": 4.754545454545454,
    "std": 2.061727934990956,
    "p10": 3.0,
    "p90": 7.600000000000001,
    "n": 176
  },
  "14": {
    "mean": 3.3259459459459464,
    "std": 1.951748741317947,
    "p10": 1.0,
    "p90": 6.0,
    "n": 185
  },
  "15": {
    "mean": 2.5204301075268822,
    "std": 2.298321791492827,
    "p10": 0.0,
    "p90": 6.0,
    "n": 186
  },
  "16": {
    "mean": 2.7177570093457946,
    "std": 3.4112163260789328,
    "p10": 0.0,
    "p90": 9.0,
    "n": 214
  },
  "17": {
    "mean": 3.669444444444444,
    "std": 4.4524768823203225,
    "p10": 0.0,
    "p90": 11.300000000000004,
    "n": 216
  },
  "18": {
    "mean": 3.792488262910798,
    "std": 4.704147097128043,
    "p10": 0.0,
    "p90": 10.160000000000004,
    "n": 213
  },
  "19": {
    "mean": 4.160194174757282,
    "std": 4.405956938904204,
    "p10": 0.0,
    "p90": 12.0,
    "n": 206
  },
  "20": {
    "mean": 4.801960784313725,
    "std": 4.609221435856601,
    "p10": 0.7199999999999963,
    "p90": 12.0,
    "n": 204
  },
  "21": {
    "mean": 5.618367346938776,
    "std": 4.527077439285447,
    "p10": 2.0,
    "p90": 13.0,
    "n": 196
  },
  "22": {
    "mean": 6.346892655367232,
    "std": 3.7273717212855138,
    "p10": 3.0,
    "p90": 12.0,
    "n": 177
  },
  "23": {
    "mean": 7.101190476190476,
    "std": 3.206430441951052,
    "p10": 4.0,
    "p90": 12.0,
    "n": 168
  }
}