{
  "0": {
    "mean": 6.096932515337424,
    "std": 2.6485827403452484,
    "p10": 3.0,
    "p90": 9.0,
    "n": 163
  },
  "1": {
    "mean": 6.423312883435583,
    "std": 2.678251930177529,
    "p10": 3.1999999999999993,
    "p90": 10.0,
    "n": 163
  },
  "2": {
    "mean": 6.9676646706586824,
    "std": 2.6521477875255846,
    "p10": 4.0,
    "p90": 10.0,
    "n": 167
  },
  "3": {
    "mean": 7.188819875776398,
    "std": 2.8172014879313267,
    "p10": 4.0,
    "p90": 11.0,
    "n": 161
  },
  "4": {
    "mean": 7.812422360248447,
    "std": 2.8035414604562026,
    "p10": 4.0,
    "p90": 11.0,
    "n": 161
  },
  "5": {
    "mean": 8.456804733727811,
    "std": 2.8366801044910863,
    "p10": 5.0,
    "p90": 12.0,
    "n": 169
  },
  "6": {
    "mean": 8.729559748427674,
    "std": 2.8610999358509863,
    "p10": 5.319999999999993,
    "p90": 13.0,
    "n": 159
  },
  "7": {
    "mean": 9.080487804878048,
    "std": 2.992236950706866,
    "p10": 5.399999999999996,
    "p90": 13.0,
    "n": 164
  },
  "8": {
    "mean": 9.339240506329114,
    "std": 3.129698209806089,
    "p10": 5.400000000000006,
    "p90": 13.0,
    "n": 158
  },
  "9": {
    "mean": 9.457142857142857,
    "std": 3.251186596569671,
    "p10": 5.0,
    "p90": 14.0,
    "n": 161
  },
  "10": {
    "mean": 9.225000000000001,
    "std": 3.317396533500184,
    "p10": 5.0,
    "p90": 13.300000000000011,
    "n": 168
  },
  "11": {
    "mean": 8.887116564417177,
    "std": 3.0959182055912855,
    "p10": 5.0,
    "p90": 13.0,
    "n": 163
  },
  "12": {
    "mean": 6.625988700564973,
    "std": 2.7595294106157677,
    "p10": 4.0,
    "p90": 10.0,
    "n": 177
  },
  "13": {
    "mean": 4.585964912280702,
    "std": 2.3205049092936108,
    "p10": 2.0,
    "p90": 8.0,
    "n": 171
  },
  "14": {
    "mean": 3.5,
    "std": 2.1939136589339934,
    "p10": 1.0,
    "p90": 7.0,
    "n": 176
  },
  "15": {
    "mean": 2.414857142857143,
    "std": 1.9647487795723062,
    "p10": 0.0,
    "p90": 5.0,
    "n": 175
  },
  "16": {
    "mean": 1.6411428571428575,
    "std": 1.9597439596846629,
    "p10": 0.0,
    "p90": 4.0,
    "n": 175
  },
  "17": {
    "mean": 1.8176470588235294,
    "std": 2.306444609913876,
    "p10": 0.0,
    "p90": 5.0,
    "n": 170
  },
  "18": {
    "mean": 2.1325714285714286,
    "std": 2.9438854836012713,
    "p10": 0.0,
    "p90": 7.0,
    "n": 175
  },
  "19": {
    "mean": 2.5250000000000004,
    "std": 2.837531819442258,
    "p10": 0.0,
    "p90": 7.0,
    "n": 168
  },
  "20": {
    "mean": 2.9614457831325303,
    "std": 2.884349885273816,
    "p10": 0.20000000000000284,
    "p90": 6.0,
    "n": 166
  },
  "21": {
    "mean": 4.221301775147929,
    "std": 2.6329452474836685,
    "p10": 2.0,
    "p90": 8.0,
    "n": 169
  },
  "22": {
    "mean": 5.1974842767295595,
    "std": 2.411994019492516,
    "p10": 3.0,
    "p90": 7.840000000000001,
    "n": 159
  },
  "23": {
    "mean": 5.738853503184713,
    "std": 2.2418699178143875,
    "p10": 3.0,
    "p90": 8.400000000000006,
    "n": 157
  }
}