{
  "0": {
    "mean": 6.11055900621118,
    "std": 2.652819313590544,
    "p10": 3.0,
    "p90": 9.0,
    "n": 161
  },
  "1": {
    "mean": 6.428571428571429,
    "std": 2.685224119403921,
    "p10": 3.0,
    "p90": 10.0,
    "n": 161
  },
  "2": {
    "mean": 6.967272727272727,
    "std": 2.6591114332029586,
    "p10": 4.0,
    "p90": 10.0,
    "n": 165
  },
  "3": {
    "mean": 7.191194968553458,
    "std": 2.825950801075825,
    "p10": 4.0,
    "p90": 11.0,
    "n": 159
  },
  "4": {
    "mean": 7.80377358490566,
    "std": 2.8151013829901426,
    "p10": 4.0,
    "p90": 11.0,
    "n": 159
  },
  "5": {
    "mean": 8.444311377245509,
    "std": 2.8466341314548593,
    "p10": 5.0,
    "p90": 12.0,
    "n": 167
  },
  "6": {
    "mean": 8.719745222929935,
    "std": 2.8506283493213562,
    "p10": 5.239999999999996,
    "p90": 12.520000000000007,
    "n": 157
  },
  "7": {
    "mean": 9.050617283950617,
    "std": 2.973030887843595,
    "p10": 5.399999999999993,
    "p90": 13.0,
    "n": 162
  },
  "8": {
    "mean": 9.298717948717949,
    "std": 3.1036708168374876,
    "p10": 5.400000000000006,
    "p90": 13.0,
    "n": 156
  },
  "9": {
    "mean": 9.418867924528303,
    "std": 3.229593574996838,
    "p10": 5.0,
    "p90": 14.0,
    "n": 159
  },
  "10": {
    "mean": 9.203614457831325,
    "std": 3.315233737657854,
    "p10": 5.0,
    "p90": 13.0,
    "n": 166
  },
  "11": {
    "mean": 8.873291925465837,
    "std": 3.104648888440832,
    "p10": 5.0,
    "p90": 13.0,
    "n": 161
  },
  "12": {
    "mean": 6.610285714285714,
    "std": 2.7630791229599767,
    "p10": 4.0,
    "p90": 10.0,
    "n": 175
  },
  "13": {
    "mean": 4.5928994082840235,
    "std": 2.3231642513241706,
    "p10": 2.0,
    "p90": 8.0,
    "n": 169
  },
  "14": {
    "mean": 3.5114942528735633,
    "std": 2.2032516845598713,
    "p10": 1.0,
    "p90": 7.0,
    "n": 174
  },
  "15": {
    "mean": 2.425433526011561,
    "std": 1.972909686409881,
    "p10": 0.0,
    "p90": 5.0,
    "n": 173
  },
  "16": {
    "mean": 1.6543352601156072,
    "std": 1.966476675390317,
    "p10": 0.0,
    "p90": 4.0,
    "n": 173
  },
  "17": {
    "mean": 1.8273809523809523,
    "std": 2.3158837730796105,
    "p10": 0.0,
    "p90": 5.0,
    "n": 168
  },
  "18": {
    "mean": 2.139884393063584,
    "std": 2.95966567652326,
    "p10": 0.0,
    "p90": 7.0,
    "n": 173
  },
  "19": {
    "mean": 2.543373493975904,
    "std": 2.849675910167704,
    "p10": 0.0,
    "p90": 7.0,
    "n": 166
  },
  "20": {
    "mean": 2.9914634146341466,
    "std": 2.88846664565656,
    "p10": 0.4000000000000057,
    "p90": 6.0,
    "n": 164
  },
  "21": {
    "mean": 4.253892215568863,
    "std": 2.6310872850526152,
    "p10": 2.0,
    "p90": 8.0,
    "n": 167
  },
  "22": {
    "mean": 5.22547770700637,
    "std": 2.411800701321997,
    "p10": 3.0,
    "p90": 7.879999999999999,
    "n": 157
  },
  "23": {
    "mean": 5.7612903225806456,
    "std": 2.244658510943233,
    "p10": 3.4000000000000004,
    "p90": 8.599999999999994,
    "n": 155
  }
}