{
  "0": {
    "mean": 6.21038961038961,
    "std": 3.3231839373105054,
    "p10": 1.0,
    "p90": 10.0,
    "n": 154
  },
  "1": {
    "mean": 6.545569620253165,
    "std": 3.126761311272404,
    "p10": 2.0,
    "p90": 10.0,
    "n": 158
  },
  "2": {
    "mean": 7.305660377358492,
    "std": 3.194442271857521,
    "p10": 3.0,
    "p90": 11.0,
    "n": 159
  },
  "3": {
    "mean": 7.797590361445782,
    "std": 3.1119700825707857,
    "p10": 4.0,
    "p90": 12.0,
    "n": 166
  },
  "4": {
    "mean": 8.481212121212122,
    "std": 3.3516575418590966,
    "p10": 4.879999999999999,
    "p90": 13.0,
    "n": 165
  },
  "5": {
    "mean": 9.135403726708073,
    "std": 3.6195719694787156,
    "p10": 5.0,
    "p90": 14.0,
    "n": 161
  },
  "6": {
    "mean": 9.8275,
    "std": 3.718827670823564,
    "p10": 5.0,
    "p90": 15.0,
    "n": 160
  },
  "7": {
    "mean": 10.143902439024389,
    "std": 3.9767760645683934,
    "p10": 5.0,
    "p90": 16.0,
    "n": 164
  },
  "8": {
    "mean": 10.653749999999999,
    "std": 4.038289810203692,
    "p10": 6.0,
    "p90": 16.0,
    "n": 160
  },
  "9": {
    "mean": 10.754761904761905,
    "std": 4.0956645622467995,
    "p10": 6.0,
    "p90": 16.30000000000001,
    "n": 168
  },
  "10": {
    "mean": 10.917365269461076,
    "std": 4.232760670755549,
    "p10": 6.0,
    "p90": 16.400000000000006,
    "n": 167
  },
  "11": {
    "mean": 10.646783625730993,
    "std": 4.34740337036621,
    "p10": 6.0,
    "p90": 17.0,
    "n": 171
  },
  "12": {
    "mean": 9.461271676300578,
    "std": 3.8164504087272633,
    "p10": 5.199999999999999,
    "p90": 15.0,
    "n": 173
  },
  "13": {
    "mean": 7.182857142857143,
    "std": 3.51815371792121,
    "p10": 3.0,
    "p90": 12.0,
    "n": 175
  },
  "14": {
    "mean": 4.882872928176796,
    "std": 3.202843273368687,
    "p10": 2.0,
    "p90": 9.0,
    "n": 181
  },
  "15": {
    "mean": 3.3521739130434782,
    "std": 2.6927743127940795,
    "p10": 1.0,
    "p90": 7.0,
    "n": 184
  },
  "16": {
    "mean": 2.082558139534884,
    "std": 2.382376417416198,
    "p10": 0.0,
    "p90": 4.900000000000006,
    "n": 172
  },
  "17": {
    "mean": 1.3546012269938652,
    "std": 2.0511123887677414,
    "p10": 0.0,
    "p90": 3.0,
    "n": 163
  },
  "18": {
    "mean": 1.3018867924528301,
    "std": 2.106994731182194,
    "p10": 0.0,
    "p90": 3.0,
    "n": 159
  },
  "19": {
    "mean": 1.5496774193548386,
    "std": 2.1455594188792237,
    "p10": 0.0,
    "p90": 3.6799999999999966,
    "n": 155
  },
  "20": {
    "mean": 2.3617283950617285,
    "std": 2.1985352493291392,
    "p10": 1.0,
    "p90": 4.0,
    "n": 162
  },
  "21": {
    "mean": 3.375,
    "std": 2.039576969333709,
    "p10": 2.0,
    "p90": 5.0,
    "n": 160
  },
  "22": {
    "mean": 4.822368421052632,
    "std": 2.1959082167703663,
    "p10": 3.0,
    "p90": 7.0,
    "n": 152
  },
  "23": {
    "mean": 5.740127388535032,
    "std": 2.330562270459355,
    "p10": 4.0,
    "p90": 8.0,
    "n": 157
  }
}