{
  "0": {
    "mean": 7.4125,
    "std": 3.1871351067501434,
    "p10": 4.0,
    "p90": 12.0,
    "n": 160
  },
  "1": {
    "mean": 7.926708074534161,
    "std": 3.3589945996528328,
    "p10": 4.0,
    "p90": 13.0,
    "n": 161
  },
  "2": {
    "mean": 7.968862275449101,
    "std": 3.30738320089224,
    "p10": 4.799999999999997,
    "p90": 12.0,
    "n": 167
  },
  "3": {
    "mean": 8.12125,
    "std": 2.8671285462338316,
    "p10": 5.0,
    "p90": 12.0,
    "n": 160
  },
  "4": {
    "mean": 8.98860759493671,
    "std": 3.030313403386604,
    "p10": 6.0,
    "p90": 13.0,
    "n": 158
  },
  "5": {
    "mean": 9.32469135802469,
    "std": 2.9639670773855546,
    "p10": 6.0,
    "p90": 13.0,
    "n": 162
  },
  "6": {
    "mean": 9.385526315789473,
    "std": 2.773775200017126,
    "p10": 6.0,
    "p90": 12.900000000000006,
    "n": 152
  },
  "7": {
    "mean": 9.720000000000002,
    "std": 2.7652106496805855,
    "p10": 6.0,
    "p90": 13.0,
    "n": 160
  },
  "8": {
    "mean": 9.59748427672956,
    "std": 2.718058449030512,
    "p10": 6.0,
    "p90": 13.0,
    "n": 159
  },
  "9": {
    "mean": 9.627672955974845,
    "std": 2.8835173657695155,
    "p10": 6.639999999999998,
    "p90": 13.0,
    "n": 159
  },
  "10": {
    "mean": 9.461538461538462,
    "std": 2.7516228977511767,
    "p10": 6.639999999999998,
    "p90": 13.0,
    "n": 169
  },
  "11": {
    "mean": 7.552486187845304,
    "std": 2.476322745541448,
    "p10": 5.0,
    "p90": 10.0,
    "n": 181
  },
  "12": {
    "mean": 6.053107344632769,
    "std": 2.620483984357717,
    "p10": 3.0,
    "p90": 9.400000000000006,
    "n": 177
  },
  "13": {
    "mean": 4.370786516853933,
    "std": 2.3858434767206322,
    "p10": 2.0,
    "p90": 7.300000000000011,
    "n": 178
  },
  "14": {
    "mean": 3.3561497326203202,
    "std": 2.429036301458604,
    "p10": 1.0,
    "p90": 7.0,
    "n": 187
  },
  "15": {
    "mean": 3.023414634146341,
    "std": 2.9788532549440334,
    "p10": 0.0,
    "p90": 8.0,
    "n": 205
  },
  "16": {
    "mean": 3.004524886877828,
    "std": 3.148011980970273,
    "p10": 0.0,
    "p90": 8.0,
    "n": 221
  },
  "17": {
    "mean": 3.6663461538461535,
    "std": 3.956676265251487,
    "p10": 0.0,
    "p90": 10.0,
    "n": 208
  },
  "18": {
    "mean": 3.4645833333333336,
    "std": 4.031082874966933,
    "p10": 0.0,
    "p90": 9.0,
    "n": 192
  },
  "19": {
    "mean": 4.205291005291005,
    "std": 4.894653351446138,
    "p10": 0.0,
    "p90": 11.0,
    "n": 189
  },
  "20": {
    "mean": 4.8,
    "std": 4.3649344853301635,
    "p10": 1.0,
    "p90": 12.0,
    "n": 197
  },
  "21": {
    "mean": 5.03932584269663,
    "std": 4.079218878852697,
    "p10": 1.0,
    "p90": 11.0,
    "n": 178
  },
  "22": {
    "mean": 6.542541436464089,
    "std": 4.6434915209589755,
    "p10": 2.0,
    "p90": 13.0,
    "n": 181
  },
  "23": {
    "mean": 6.792814371257486,
    "std": 3.408415680823893,
    "p10": 3.919999999999999,
    "p90": 13.0,
    "n": 167
  }
}