{
  "0": {
    "mean": 8.924719101123594,
    "std": 3.513003476154684,
    "p10": 5.0,
    "p90": 14.300000000000011,
    "n": 178
  },
  "1": {
    "mean": 8.991812865497076,
    "std": 2.9883189628281315,
    "p10": 5.0,
    "p90": 13.0,
    "n": 171
  },
  "2": {
    "mean": 9.156470588235294,
    "std": 2.706334758409168,
    "p10": 6.0,
    "p90": 13.0,
    "n": 170
  },
  "3": {
    "mean": 9.502994011976048,
    "std": 2.8168046741393136,
    "p10": 6.0,
    "p90": 13.0,
    "n": 167
  },
  "4": {
    "mean": 9.713939393939393,
    "std": 2.8661373890464272,
    "p10": 6.0,
    "p90": 13.240000000000002,
    "n": 165
  },
  "5": {
    "mean": 10.155844155844155,
    "std": 2.8554039356428325,
    "p10": 6.0,
    "p90": 14.0,
    "n": 154
  },
  "6": {
    "mean": 10.110666666666667,
    "std": 2.8451335271779494,
    "p10": 6.0,
    "p90": 14.0,
    "n": 150
  },
  "7": {
    "mean": 10.454666666666666,
    "std": 2.678264154528408,
    "p10": 7.0,
    "p90": 14.0,
    "n": 150
  },
  "8": {
    "mean": 10.57888198757764,
    "std": 2.6547695271409197,
    "p10": 7.0,
    "p90": 14.0,
    "n": 161
  },
  "9": {
    "mean": 10.650909090909092,
    "std": 2.6596950627940408,
    "p10": 7.0,
    "p90": 14.0,
    "n": 165
  },
  "10": {
    "mean": 10.523076923076923,
    "std": 2.6908132953581503,
    "p10": 7.0,
    "p90": 14.0,
    "n": 169
  },
  "11": {
    "mean": 9.487058823529411,
    "std": 2.4475462043758904,
    "p10": 6.719999999999999,
    "p90": 12.079999999999995,
    "n": 170
  },
  "12": {
    "mean": 6.912658227848102,
    "std": 2.368308116499433,
    "p10": 4.0,
    "p90": 10.0,
    "n": 158
  },
  "13": {
    "mean": 4.796052631578948,
    "std": 2.2412709727675746,
    "p10": 2.0,
    "p90": 8.0,
    "n": 152
  },
  "14": {
    "mean": 3.1602339181286547,
    "std": 1.9307566189012617,
    "p10": 1.0,
    "p90": 6.0,
    "n": 171
  },
  "15": {
    "mean": 2.9572916666666664,
    "std": 2.999065990439145,
    "p10": 0.0,
    "p90": 7.900000000000006,
    "n": 192
  },
  "16": {
    "mean": 3.276923076923077,
    "std": 3.722791295234087,
    "p10": 0.0,
    "p90": 9.58000000000001,
    "n": 208
  },
  "17": {
    "mean": 3.0289719626168226,
    "std": 3.6681220162326635,
    "p10": 0.0,
    "p90": 9.0,
    "n": 214
  },
  "18": {
    "mean": 4.7278969957081545,
    "std": 4.348002251097768,
    "p10": 0.0,
    "p90": 11.0,
    "n": 233
  },
  "19": {
    "mean": 5.208810572687225,
    "std": 4.387866606651098,
    "p10": 0.0,
    "p90": 12.0,
    "n": 227
  },
  "20": {
    "mean": 5.3265957446808505,
    "std": 4.192268808275231,
    "p10": 1.0,
    "p90": 12.0,
    "n": 188
  },
  "21": {
    "mean": 6.5648241206030145,
    "std": 4.08710324973088,
    "p10": 2.0,
    "p90": 13.0,
    "n": 199
  },
  "22": {
    "mean": 7.515897435897435,
    "std": 3.819524392822296,
    "p10": 3.0,
    "p90": 13.0,
    "n": 195
  },
  "23": {
    "mean": 8.374585635359116,
    "std": 3.6645471858536722,
    "p10": 4.0,
    "p90": 13.0,
    "n": 181
  }
}