{
  "0": {
    "mean": 6.0039735099337745,
    "std": 2.838259579265715,
    "p10": 3.0,
    "p90": 10.0,
    "n": 151
  },
  "1": {
    "mean": 6.3896103896103895,
    "std": 3.0706531810549222,
    "p10": 3.0,
    "p90": 10.0,
    "n": 154
  },
  "2": {
    "mean": 7.129801324503311,
    "std": 3.158835116557723,
    "p10": 3.0,
    "p90": 11.0,
    "n": 151
  },
  "3": {
    "mean": 7.687341772151898,
    "std": 3.3248290828580194,
    "p10": 3.0,
    "p90": 12.0,
    "n": 158
  },
  "4": {
    "mean": 8.165476190476191,
    "std": 3.411147419563184,
    "p10": 4.0,
    "p90": 13.0,
    "n": 168
  },
  "5": {
    "mean": 8.73167701863354,
    "std": 3.77267183770747,
    "p10": 4.0,
    "p90": 14.0,
    "n": 161
  },
  "6": {
    "mean": 9.32760736196319,
    "std": 3.7297484167556316,
    "p10": 5.0,
    "p90": 14.0,
    "n": 163
  },
  "7": {
    "mean": 9.664242424242424,
    "std": 3.8001275895645534,
    "p10": 5.0,
    "p90": 15.0,
    "n": 165
  },
  "8": {
    "mean": 9.913294797687861,
    "std": 3.9145668788048016,
    "p10": 5.119999999999998,
    "p90": 15.0,
    "n": 173
  },
  "9": {
    "mean": 10.174545454545456,
    "std": 4.046447622199225,
    "p10": 5.599999999999994,
    "p90": 16.0,
    "n": 165
  },
  "10": {
    "mean": 10.31791907514451,
    "std": 3.994818192203736,
    "p10": 5.0,
    "p90": 16.0,
    "n": 173
  },
  "11": {
    "mean": 10.366473988439306,
    "std": 4.0127743325280845,
    "p10": 5.199999999999999,
    "p90": 16.0,
    "n": 173
  },
  "12": {
    "mean": 8.45524861878453,
    "std": 3.6971516918148954,
    "p10": 4.0,
    "p90": 13.0,
    "n": 181
  },
  "13": {
    "mean": 6.443786982248521,
    "std": 3.2837587133781088,
    "p10": 3.0,
    "p90": 11.0,
    "n": 169
  },
  "14": {
    "mean": 4.5909604519774,
    "std": 3.08123493609001,
    "p10": 1.0,
    "p90": 8.0,
    "n": 177
  },
  "15": {
    "mean": 2.724571428571428,
    "std": 2.2286075530733895,
    "p10": 0.0,
    "p90": 6.0,
    "n": 175
  },
  "16": {
    "mean": 1.6554838709677422,
    "std": 1.734079415768695,
    "p10": 0.0,
    "p90": 4.0,
    "n": 155
  },
  "17": {
    "mean": 1.4382716049382713,
    "std": 1.6502262522262043,
    "p10": 0.0,
    "p90": 3.0,
    "n": 162
  },
  "18": {
    "mean": 1.3070063694267515,
    "std": 1.8717232786954507,
    "p10": 0.0,
    "p90": 3.0,
    "n": 157
  },
  "19": {
    "mean": 1.7180124223602486,
    "std": 2.0629435340902367,
    "p10": 0.0,
    "p90": 4.0,
    "n": 161
  },
  "20": {
    "mean": 2.454901960784314,
    "std": 1.7875645434232643,
    "p10": 1.0,
    "p90": 5.0,
    "n": 153
  },
  "21": {
    "mean": 3.650000000000001,
    "std": 1.8408448270887359,
    "p10": 2.0,
    "p90": 6.0,
    "n": 156
  },
  "22": {
    "mean": 4.869281045751634,
    "std": 1.9148066085443758,
    "p10": 3.0,
    "p90": 7.0,
    "n": 153
  },
  "23": {
    "mean": 5.639490445859872,
    "std": 2.223699791862923,
    "p10": 3.0,
    "p90": 9.0,
    "n": 157
  }
}