{
  "0": {
    "mean": 7.324528301886792,
    "std": 2.8857291157101392,
    "p10": 4.0,
    "p90": 11.0,
    "n": 159
  },
  "1": {
    "mean": 7.951898734177216,
    "std": 2.938384701175171,
    "p10": 4.0,
    "p90": 12.0,
    "n": 158
  },
  "2": {
    "mean": 8.46875,
    "std": 3.0141007712283767,
    "p10": 5.0,
    "p90": 13.0,
    "n": 160
  },
  "3": {
    "mean": 9.072611464968153,
    "std": 3.150592363207034,
    "p10": 5.0,
    "p90": 13.0,
    "n": 157
  },
  "4": {
    "mean": 9.48433734939759,
    "std": 3.49900356128274,
    "p10": 5.0,
    "p90": 14.0,
    "n": 166
  },
  "5": {
    "mean": 10.104705882352942,
    "std": 3.7895654270642543,
    "p10": 5.719999999999999,
    "p90": 15.220000000000002,
    "n": 170
  },
  "6": {
    "mean": 10.535757575757575,
    "std": 3.9245312212703576,
    "p10": 6.0,
    "p90": 16.0,
    "n": 165
  },
  "7": {
    "mean": 10.918787878787878,
    "std": 4.166410221228759,
    "p10": 6.0,
    "p90": 16.0,
    "n": 165
  },
  "8": {
    "mean": 11.572455089820359,
    "std": 4.178828807367463,
    "p10": 7.0,
    "p90": 17.0,
    "n": 167
  },
  "9": {
    "mean": 11.692215568862276,
    "std": 4.225667324671016,
    "p10": 7.0,
    "p90": 17.0,
    "n": 167
  },
  "10": {
    "mean": 11.55593220338983,
    "std": 4.27105497877762,
    "p10": 6.600000000000001,
    "p90": 17.0,
    "n": 177
  },
  "11": {
    "mean": 11.252571428571429,
    "std": 4.217639710675158,
    "p10": 7.0,
    "p90": 17.0,
    "n": 175
  },
  "12": {
    "mean": 9.148538011695907,
    "std": 3.7913424089340606,
    "p10": 5.0,
    "p90": 15.0,
    "n": 171
  },
  "13": {
    "mean": 6.633155080213903,
    "std": 3.299718494430619,
    "p10": 3.0,
    "p90": 12.0,
    "n": 187
  },
  "14": {
    "mean": 4.601069518716578,
    "std": 2.8077080789197963,
    "p10": 2.0,
    "p90": 9.0,
    "n": 187
  },
  "15": {
    "mean": 3.1901639344262294,
    "std": 2.530454390722601,
    "p10": 1.0,
    "p90": 6.0,
    "n": 183
  },
  "16": {
    "mean": 2.2944444444444443,
    "std": 2.260116233284869,
    "p10": 0.0,
    "p90": 5.0,
    "n": 180
  },
  "17": {
    "mean": 1.7555555555555555,
    "std": 2.297392795347416,
    "p10": 0.0,
    "p90": 4.0,
    "n": 180
  },
  "18": {
    "mean": 1.9088757396449705,
    "std": 3.0572286376391262,
    "p10": 0.0,
    "p90": 5.0,
    "n": 169
  },
  "19": {
    "mean": 1.8162500000000001,
    "std": 2.451232202011083,
    "p10": 0.0,
    "p90": 5.0,
    "n": 160
  },
  "20": {
    "mean": 2.7849056603773588,
    "std": 3.111395728145115,
    "p10": 0.0,
    "p90": 6.0,
    "n": 159
  },
  "21": {
    "mean": 3.6920245398773,
    "std": 3.1583122073971865,
    "p10": 1.0,
    "p90": 7.0,
    "n": 163
  },
  "22": {
    "mean": 4.900653594771241,
    "std": 2.588550110634638,
    "p10": 3.0,
    "p90": 7.0,
    "n": 153
  },
  "23": {
    "mean": 6.546341463414635,
    "std": 2.8196590805521464,
    "p10": 4.0,
    "p90": 9.0,
    "n": 164
  }
}