{
  "0": {
    "mean": 5.5529761904761905,
    "std": 5.651653624740327,
    "p10": 0.0,
    "p90": 13.0,
    "n": 168
  },
  "1": {
    "mean": 6.358333333333333,
    "std": 5.829169029702801,
    "p10": 0.0,
    "p90": 14.370000000000012,
    "n": 168
  },
  "2": {
    "mean": 6.831609195402299,
    "std": 5.81910156813419,
    "p10": 1.0,
    "p90": 15.0,
    "n": 174
  },
  "3": {
    "mean": 7.393413173652695,
    "std": 5.694630082282983,
    "p10": 1.0,
    "p90": 15.360000000000005,
    "n": 167
  },
  "4": {
    "mean": 7.750000000000001,
    "std": 5.831251775370324,
    "p10": 2.0,
    "p90": 16.700000000000017,
    "n": 184
  },
  "5": {
    "mean": 8.700595238095238,
    "std": 6.263901875783039,
    "p10": 2.0,
    "p90": 18.0,
    "n": 168
  },
  "6": {
    "mean": 9.18735632183908,
    "std": 6.292353458421679,
    "p10": 2.0,
    "p90": 19.0,
    "n": 174
  },
  "7": {
    "mean": 9.377272727272727,
    "std": 6.463421955638,
    "p10": 2.1500000000000004,
    "p90": 19.5,
    "n": 176
  },
  "8": {
    "mean": 10.030177514792898,
    "std": 6.697039188841018,
    "p10": 2.1999999999999993,
    "p90": 20.0,
    "n": 169
  },
  "9": {
    "mean": 10.266129032258064,
    "std": 6.473921328456536,
    "p10": 3.0,
    "p90": 20.0,
    "n": 186
  },
  "10": {
    "mean": 10.387027027027028,
    "std": 6.72210373420375,
    "p10": 2.4399999999999995,
    "p90": 20.0,
    "n": 185
  },
  "11": {
    "mean": 10.33186813186813,
    "std": 6.871654953114964,
    "p10": 2.0,
    "p90": 20.0,
    "n": 182
  },
  "12": {
    "mean": 10.880225988700566,
    "std": 6.493222336581066,
    "p10": 3.8999999999999986,
    "p90": 20.460000000000004,
    "n": 177
  },
  "13": {
    "mean": 10.394054054054054,
    "std": 6.2854401541852996,
    "p10": 3.0,
    "p90": 19.0,
    "n": 185
  },
  "14": {
    "mean": 8.787434554973823,
    "std": 5.429388762210778,
    "p10": 3.0,
    "p90": 16.0,
    "n": 191
  },
  "15": {
    "mean": 7.24848484848485,
    "std": 4.763106174942925,
    "p10": 2.0,
    "p90": 13.300000000000011,
    "n": 198
  },
  "16": {
    "mean": 5.970157068062827,
    "std": 3.9215463486580737,
    "p10": 2.0,
    "p90": 11.0,
    "n": 191
  },
  "17": {
    "mean": 4.267777777777778,
    "std": 3.361674488902192,
    "p10": 1.0,
    "p90": 8.099999999999994,
    "n": 180
  },
  "18": {
    "mean": 3.669021739130435,
    "std": 4.331403578665173,
    "p10": 0.0,
    "p90": 9.97,
    "n": 184
  },
  "19": {
    "mean": 2.5331491712707184,
    "std": 4.088303848903311,
    "p10": 0.0,
    "p90": 7.0,
    "n": 181
  },
  "20": {
    "mean": 2.618435754189944,
    "std": 4.285505464930638,
    "p10": 0.0,
    "p90": 8.200000000000017,
    "n": 179
  },
  "21": {
    "mean": 3.1871508379888267,
    "std": 4.275840443654552,
    "p10": 0.0,
    "p90": 8.280000000000017,
    "n": 179
  },
  "22": {
    "mean": 4.749411764705882,
    "std": 4.65071410256167,
    "p10": 1.0,
    "p90": 12.0,
    "n": 170
  },
  "23": {
    "mean": 5.623255813953489,
    "std": 4.609985967900012,
    "p10": 1.1800000000000024,
    "p90": 10.910000000000005,
    "n": 172
  }
}