{
  "0": {
    "mean": 6.33,
    "std": 5.442004026204783,
    "p10": 0.0,
    "p90": 14.0,
    "n": 180
  },
  "1": {
    "mean": 7.354761904761904,
    "std": 4.668749586073581,
    "p10": 2.0,
    "p90": 13.300000000000011,
    "n": 168
  },
  "2": {
    "mean": 8.902272727272727,
    "std": 4.557642931484332,
    "p10": 4.0,
    "p90": 15.0,
    "n": 176
  },
  "3": {
    "mean": 9.970760233918128,
    "std": 4.208376661436928,
    "p10": 5.0,
    "p90": 15.0,
    "n": 171
  },
  "4": {
    "mean": 11.029411764705882,
    "std": 4.246357952993308,
    "p10": 6.0,
    "p90": 16.0,
    "n": 170
  },
  "5": {
    "mean": 11.728342245989303,
    "std": 4.323255311034553,
    "p10": 6.0,
    "p90": 17.0,
    "n": 187
  },
  "6": {
    "mean": 12.94491017964072,
    "std": 4.192745580634711,
    "p10": 7.0,
    "p90": 17.400000000000006,
    "n": 167
  },
  "7": {
    "mean": 13.565116279069766,
    "std": 4.3354318115094435,
    "p10": 8.0,
    "p90": 19.0,
    "n": 172
  },
  "8": {
    "mean": 14.097701149425287,
    "std": 4.557493404254718,
    "p10": 8.3,
    "p90": 20.0,
    "n": 174
  },
  "9": {
    "mean": 14.627027027027028,
    "std": 4.34114845608208,
    "p10": 10.0,
    "p90": 20.0,
    "n": 185
  },
  "10": {
    "mean": 15.223529411764707,
    "std": 4.748863174989934,
    "p10": 10.0,
    "p90": 21.0,
    "n": 187
  },
  "11": {
    "mean": 15.498412698412697,
    "std": 4.549988031203292,
    "p10": 10.0,
    "p90": 21.0,
    "n": 189
  },
  "12": {
    "mean": 14.729591836734693,
    "std": 3.854180791833487,
    "p10": 10.0,
    "p90": 19.0,
    "n": 196
  },
  "13": {
    "mean": 12.633695652173913,
    "std": 3.318561054087714,
    "p10": 9.0,
    "p90": 17.0,
    "n": 184
  },
  "14": {
    "mean": 10.61311475409836,
    "std": 3.4155820418431375,
    "p10": 7.0,
    "p90": 15.0,
    "n": 183
  },
  "15": {
    "mean": 8.590954773869345,
    "std": 3.715775622631465,
    "p10": 5.0,
    "p90": 13.0,
    "n": 199
  },
  "16": {
    "mean": 6.138636363636365,
    "std": 3.3445711001794898,
    "p10": 3.0,
    "p90": 11.0,
    "n": 176
  },
  "17": {
    "mean": 4.366279069767442,
    "std": 3.246162303311776,
    "p10": 1.0,
    "p90": 8.900000000000006,
    "n": 172
  },
  "18": {
    "mean": 3.5717647058823534,
    "std": 3.3039553761727833,
    "p10": 0.9000000000000021,
    "p90": 8.099999999999994,
    "n": 170
  },
  "19": {
    "mean": 3.005649717514124,
    "std": 3.5475618630348897,
    "p10": 0.0,
    "p90": 9.0,
    "n": 177
  },
  "20": {
    "mean": 2.215568862275449,
    "std": 3.493746151975884,
    "p10": 0.0,
    "p90": 9.0,
    "n": 167
  },
  "21": {
    "mean": 2.4512500000000004,
    "std": 3.6439143287432176,
    "p10": 0.0,
    "p90": 9.0,
    "n": 160
  },
  "22": {
    "mean": 2.890909090909091,
    "std": 3.865132096026464,
    "p10": 0.0,
    "p90": 10.0,
    "n": 165
  },
  "23": {
    "mean": 4.178571428571429,
    "std": 4.137344788515821,
    "p10": 1.0,
    "p90": 10.300000000000011,
    "n": 168
  }
}