{
  "0": {
    "mean": 6.547058823529412,
    "std": 6.037965578109905,
    "p10": 0.0,
    "p90": 15.0,
    "n": 136
  },
  "1": {
    "mean": 7.685925925925925,
    "std": 6.005447315326198,
    "p10": 1.0,
    "p90": 17.0,
    "n": 135
  },
  "2": {
    "mean": 8.47463768115942,
    "std": 6.1538909606328005,
    "p10": 1.0,
    "p90": 17.0,
    "n": 138
  },
  "3": {
    "mean": 9.684671532846714,
    "std": 6.37438452058832,
    "p10": 2.2399999999999998,
    "p90": 19.0,
    "n": 137
  },
  "4": {
    "mean": 10.376642335766423,
    "std": 6.572819060943361,
    "p10": 2.0,
    "p90": 19.460000000000004,
    "n": 137
  },
  "5": {
    "mean": 11.421276595744681,
    "std": 6.582344442420394,
    "p10": 3.6000000000000014,
    "p90": 21.0,
    "n": 141
  },
  "6": {
    "mean": 12.155474452554744,
    "std": 6.97239219337521,
    "p10": 3.0,
    "p90": 21.94,
    "n": 137
  },
  "7": {
    "mean": 12.913513513513513,
    "std": 6.84492610782504,
    "p10": 5.0,
    "p90": 23.0,
    "n": 148
  },
  "8": {
    "mean": 13.489864864864865,
    "std": 7.032033021608217,
    "p10": 6.0,
    "p90": 23.0,
    "n": 148
  },
  "9": {
    "mean": 13.837762237762236,
    "std": 7.343597424026568,
    "p10": 6.0,
    "p90": 24.0,
    "n": 143
  },
  "10": {
    "mean": 14.51891891891892,
    "std": 6.932231250891022,
    "p10": 6.0,
    "p90": 24.0,
    "n": 148
  },
  "11": {
    "mean": 14.979999999999999,
    "std": 7.100827416576184,
    "p10": 6.0,
    "p90": 24.599999999999994,
    "n": 145
  },
  "12": {
    "mean": 14.817763157894738,
    "std": 6.9191556922216435,
    "p10": 6.100000000000001,
    "p90": 24.0,
    "n": 152
  },
  "13": {
    "mean": 13.740131578947368,
    "std": 5.908566683001302,
    "p10": 6.100000000000001,
    "p90": 21.0,
    "n": 152
  },
  "14": {
    "mean": 11.445806451612903,
    "std": 4.9266336694486546,
    "p10": 5.0,
    "p90": 17.0,
    "n": 155
  },
  "15": {
    "mean": 9.06578947368421,
    "std": 4.043457724025463,
    "p10": 4.0,
    "p90": 14.0,
    "n": 152
  },
  "16": {
    "mean": 6.66986301369863,
    "std": 3.8108080392667154,
    "p10": 2.8999999999999986,
    "p90": 11.5,
    "n": 146
  },
  "17": {
    "mean": 5.062337662337662,
    "std": 4.172083975149163,
    "p10": 1.7999999999999972,
    "p90": 10.0,
    "n": 154
  },
  "18": {
    "mean": 3.9986394557823126,
    "std": 4.835570065904143,
    "p10": 1.0,
    "p90": 11.0,
    "n": 147
  },
  "19": {
    "mean": 3.2397350993377483,
    "std": 5.319198930543321,
    "p10": 0.0,
    "p90": 11.0,
    "n": 151
  },
  "20": {
    "mean": 2.499300699300699,
    "std": 4.648845025478371,
    "p10": 0.0,
    "p90": 8.0,
    "n": 143
  },
  "21": {
    "mean": 3.464335664335664,
    "std": 6.017701652816521,
    "p10": 0.0,
    "p90": 8.799999999999997,
    "n": 143
  },
  "22": {
    "mean": 4.322857142857143,
    "std": 5.114042493656757,
    "p10": 1.0,
    "p90": 10.0,
    "n": 140
  },
  "23": {
    "mean": 6.063309352517985,
    "std": 4.473175182708785,
    "p10": 2.0,
    "p90": 10.0,
    "n": 139
  }
}