{
  "0": {
    "mean": 6.48102564102564,
    "std": 6.61388721534298,
    "p10": 0.0,
    "p90": 15.0,
    "n": 195
  },
  "1": {
    "mean": 7.506349206349206,
    "std": 6.880373096078152,
    "p10": 1.0,
    "p90": 16.0,
    "n": 189
  },
  "2": {
    "mean": 8.672067039106144,
    "std": 7.239871008533205,
    "p10": 1.0,
    "p90": 18.0,
    "n": 179
  },
  "3": {
    "mean": 9.860233918128655,
    "std": 7.138573589039825,
    "p10": 2.0,
    "p90": 19.0,
    "n": 171
  },
  "4": {
    "mean": 10.882022471910112,
    "std": 7.339992792338599,
    "p10": 2.170000000000002,
    "p90": 20.0,
    "n": 178
  },
  "5": {
    "mean": 11.495428571428572,
    "std": 7.458727951876149,
    "p10": 3.0,
    "p90": 21.06,
    "n": 175
  },
  "6": {
    "mean": 11.654054054054054,
    "std": 7.514659390679782,
    "p10": 2.880000000000001,
    "p90": 22.0,
    "n": 185
  },
  "7": {
    "mean": 11.897395833333334,
    "std": 7.659661352238574,
    "p10": 2.060000000000001,
    "p90": 23.0,
    "n": 192
  },
  "8": {
    "mean": 12.761658031088082,
    "std": 7.763166325880281,
    "p10": 3.0,
    "p90": 23.80000000000001,
    "n": 193
  },
  "9": {
    "mean": 13.090526315789473,
    "std": 7.951114842256622,
    "p10": 3.0,
    "p90": 25.0,
    "n": 190
  },
  "10": {
    "mean": 13.696907216494845,
    "std": 7.836905564744601,
    "p10": 3.0,
    "p90": 24.970000000000002,
    "n": 194
  },
  "11": {
    "mean": 14.105699481865285,
    "std": 7.977214860466766,
    "p10": 3.1000000000000014,
    "p90": 25.0,
    "n": 193
  },
  "12": {
    "mean": 13.81953488372093,
    "std": 7.733836914980541,
    "p10": 3.4600000000000026,
    "p90": 24.0,
    "n": 215
  },
  "13": {
    "mean": 13.346354166666666,
    "std": 7.061924098899764,
    "p10": 4.0,
    "p90": 23.0,
    "n": 192
  },
  "14": {
    "mean": 11.601522842639595,
    "std": 6.257236440570232,
    "p10": 4.0,
    "p90": 20.0,
    "n": 197
  },
  "15": {
    "mean": 9.683505154639176,
    "std": 5.695397294704986,
    "p10": 3.0300000000000007,
    "p90": 17.0,
    "n": 194
  },
  "16": {
    "mean": 8.251295336787564,
    "std": 5.893977406431942,
    "p10": 3.0,
    "p90": 14.0,
    "n": 193
  },
  "17": {
    "mean": 6.925773195876288,
    "std": 6.569655133266511,
    "p10": 2.0,
    "p90": 12.630000000000015,
    "n": 194
  },
  "18": {
    "mean": 5.091542288557214,
    "std": 5.8762214142638225,
    "p10": 1.0,
    "p90": 12.0,
    "n": 201
  },
  "19": {
    "mean": 3.8801020408163267,
    "std": 5.123866928134119,
    "p10": 0.0,
    "p90": 11.0,
    "n": 196
  },
  "20": {
    "mean": 3.6758241758241756,
    "std": 5.591209372323501,
    "p10": 0.0,
    "p90": 11.000000000000002,
    "n": 182
  },
  "21": {
    "mean": 3.7285714285714286,
    "std": 5.611910640186162,
    "p10": 0.0,
    "p90": 12.0,
    "n": 189
  },
  "22": {
    "mean": 3.8473684210526318,
    "std": 5.610729368223163,
    "p10": 0.0,
    "p90": 12.189999999999994,
    "n": 190
  },
  "23": {
    "mean": 5.682938388625592,
    "std": 6.367625923072584,
    "p10": 1.0,
    "p90": 14.0,
    "n": 211
  }
}