{
  "0": {
    "mean": 5.192913385826771,
    "std": 5.798565519138336,
    "p10": 0.0,
    "p90": 14.400000000000006,
    "n": 127
  },
  "1": {
    "mean": 5.5703125,
    "std": 6.024273202479302,
    "p10": 0.0,
    "p90": 14.0,
    "n": 128
  },
  "2": {
    "mean": 6.198496240601504,
    "std": 6.110795030386378,
    "p10": 0.0,
    "p90": 15.0,
    "n": 133
  },
  "3": {
    "mean": 6.333088235294118,
    "std": 6.10876789598129,
    "p10": 0.8999999999999986,
    "p90": 15.5,
    "n": 136
  },
  "4": {
    "mean": 6.657258064516129,
    "std": 6.401107289718496,
    "p10": 0.8999999999999986,
    "p90": 16.0,
    "n": 124
  },
  "5": {
    "mean": 6.946969696969697,
    "std": 6.153847420550057,
    "p10": 1.0,
    "p90": 16.900000000000006,
    "n": 132
  },
  "6": {
    "mean": 7.5414814814814815,
    "std": 6.203650648684463,
    "p10": 1.0,
    "p90": 17.0,
    "n": 135
  },
  "7": {
    "mean": 7.986029411764707,
    "std": 6.514373541344216,
    "p10": 1.0,
    "p90": 17.9,
    "n": 136
  },
  "8": {
    "mean": 8.283582089552239,
    "std": 6.3938668219489605,
    "p10": 2.0,
    "p90": 18.0,
    "n": 134
  },
  "9": {
    "mean": 9.071428571428571,
    "std": 6.912446138203632,
    "p10": 1.9799999999999998,
    "p90": 20.0,
    "n": 140
  },
  "10": {
    "mean": 8.49655172413793,
    "std": 6.467326145422419,
    "p10": 2.0,
    "p90": 18.599999999999994,
    "n": 145
  },
  "11": {
    "mean": 8.69212598425197,
    "std": 6.465937689633595,
    "p10": 2.4400000000000013,
    "p90": 18.360000000000003,
    "n": 127
  },
  "12": {
    "mean": 8.511363636363637,
    "std": 6.0578842416374865,
    "p10": 2.0100000000000002,
    "p90": 17.910000000000004,
    "n": 132
  },
  "13": {
    "mean": 9.043795620437956,
    "std": 5.908840103580953,
    "p10": 3.0,
    "p90": 18.0,
    "n": 137
  },
  "14": {
    "mean": 8.090196078431374,
    "std": 5.169250743654635,
    "p10": 2.3999999999999986,
    "p90": 15.0,
    "n": 153
  },
  "15": {
    "mean": 6.805882352941176,
    "std": 4.61309970133848,
    "p10": 1.7999999999999972,
    "p90": 13.0,
    "n": 153
  },
  "16": {
    "mean": 5.912101910828026,
    "std": 3.8922564531695385,
    "p10": 1.7999999999999972,
    "p90": 11.0,
    "n": 157
  },
  "17": {
    "mean": 4.340816326530612,
    "std": 3.352748925351249,
    "p10": 1.0,
    "p90": 9.360000000000005,
    "n": 147
  },
  "18": {
    "mean": 3.33469387755102,
    "std": 3.3241468791466384,
    "p10": 0.0,
    "p90": 7.8999999999999995,
    "n": 147
  },
  "19": {
    "mean": 2.6295302013422814,
    "std": 3.175231495193413,
    "p10": 0.0,
    "p90": 5.920000000000001,
    "n": 149
  },
  "20": {
    "mean": 3.0095588235294115,
    "std": 4.40689491216713,
    "p10": 0.0,
    "p90": 8.5,
    "n": 136
  },
  "21": {
    "mean": 2.5802919708029197,
    "std": 4.003286139426738,
    "p10": 0.0,
    "p90": 7.360000000000005,
    "n": 137
  },
  "22": {
    "mean": 3.133333333333333,
    "std": 4.448316963698047,
    "p10": 0.0,
    "p90": 9.0,
    "n": 141
  },
  "23": {
    "mean": 4.893382352941177,
    "std": 5.761381035646618,
    "p10": 0.0,
    "p90": 10.55,
    "n": 136
  }
}