{
  "0": {
    "mean": 6.606593406593407,
    "std": 6.279032937431413,
    "p10": 0.0,
    "p90": 16.0,
    "n": 182
  },
  "1": {
    "mean": 9.629834254143647,
    "std": 6.866391133237158,
    "p10": 2.0,
    "p90": 19.0,
    "n": 181
  },
  "2": {
    "mean": 10.272,
    "std": 6.252802957681156,
    "p10": 3.0,
    "p90": 19.0,
    "n": 175
  },
  "3": {
    "mean": 11.62840909090909,
    "std": 6.058938122215076,
    "p10": 4.5,
    "p90": 20.0,
    "n": 176
  },
  "4": {
    "mean": 12.887640449438202,
    "std": 5.982570167870648,
    "p10": 5.699999999999999,
    "p90": 21.30000000000001,
    "n": 178
  },
  "5": {
    "mean": 13.600000000000001,
    "std": 6.311392264499507,
    "p10": 5.0,
    "p90": 22.30000000000001,
    "n": 178
  },
  "6": {
    "mean": 14.635632183908047,
    "std": 6.47648439943061,
    "p10": 6.0,
    "p90": 23.700000000000017,
    "n": 174
  },
  "7": {
    "mean": 15.63820224719101,
    "std": 6.63634072503454,
    "p10": 7.0,
    "p90": 25.0,
    "n": 178
  },
  "8": {
    "mean": 16.751136363636363,
    "std": 6.975688301001364,
    "p10": 6.0,
    "p90": 25.5,
    "n": 176
  },
  "9": {
    "mean": 18.153293413173653,
    "std": 6.81415769645708,
    "p10": 8.600000000000001,
    "p90": 26.400000000000006,
    "n": 167
  },
  "10": {
    "mean": 18.859302325581396,
    "std": 6.885799913305384,
    "p10": 9.0,
    "p90": 27.0,
    "n": 172
  },
  "11": {
    "mean": 18.203389830508474,
    "std": 6.772654729138586,
    "p10": 8.0,
    "p90": 26.88,
    "n": 177
  },
  "12": {
    "mean": 16.035955056179777,
    "std": 5.895861752609046,
    "p10": 7.699999999999999,
    "p90": 23.30000000000001,
    "n": 178
  },
  "13": {
    "mean": 14.042391304347827,
    "std": 5.111622537003127,
    "p10": 8.0,
    "p90": 19.700000000000017,
    "n": 184
  },
  "14": {
    "mean": 11.632085561497325,
    "std": 5.176314692818771,
    "p10": 5.840000000000001,
    "p90": 17.0,
    "n": 187
  },
  "15": {
    "mean": 9.057309941520467,
    "std": 4.444612311931286,
    "p10": 4.0,
    "p90": 14.0,
    "n": 171
  },
  "16": {
    "mean": 7.032954545454545,
    "std": 3.782855205594512,
    "p10": 3.0,
    "p90": 12.0,
    "n": 176
  },
  "17": {
    "mean": 5.715294117647059,
    "std": 3.7887877526824383,
    "p10": 2.0,
    "p90": 12.0,
    "n": 170
  },
  "18": {
    "mean": 4.293975903614458,
    "std": 3.836265526171858,
    "p10": 1.0,
    "p90": 9.0,
    "n": 166
  },
  "19": {
    "mean": 3.6674285714285713,
    "std": 3.5278565851499546,
    "p10": 0.40000000000000213,
    "p90": 9.0,
    "n": 175
  },
  "20": {
    "mean": 2.434355828220859,
    "std": 3.335080659955193,
    "p10": 0.0,
    "p90": 7.960000000000002,
    "n": 163
  },
  "21": {
    "mean": 2.8137142857142856,
    "std": 3.5507220293050863,
    "p10": 0.0,
    "p90": 7.919999999999998,
    "n": 175
  },
  "22": {
    "mean": 3.378823529411765,
    "std": 4.070680100124497,
    "p10": 0.0,
    "p90": 10.0,
    "n": 170
  },
  "23": {
    "mean": 4.080701754385965,
    "std": 4.066307991423492,
    "p10": 1.0,
    "p90": 10.0,
    "n": 171
  }
}