{
  "0": {
    "mean": 4.796059113300492,
    "std": 5.667353463797456,
    "p10": 0.0,
    "p90": 13.800000000000011,
    "n": 203
  },
  "1": {
    "mean": 5.180487804878049,
    "std": 5.606553392000343,
    "p10": 0.0,
    "p90": 13.0,
    "n": 205
  },
  "2": {
    "mean": 5.629906542056076,
    "std": 5.528232531361361,
    "p10": 0.060000000000001,
    "p90": 13.0,
    "n": 214
  },
  "3": {
    "mean": 6.366666666666665,
    "std": 5.766388239906618,
    "p10": 0.9000000000000004,
    "p90": 15.0,
    "n": 201
  },
  "4": {
    "mean": 6.84319248826291,
    "std": 5.611940869786587,
    "p10": 1.0,
    "p90": 15.820000000000011,
    "n": 213
  },
  "5": {
    "mean": 7.429767441860466,
    "std": 5.563671167633096,
    "p10": 1.0400000000000007,
    "p90": 16.0,
    "n": 215
  },
  "6": {
    "mean": 7.641743119266056,
    "std": 5.878026776976358,
    "p10": 1.0,
    "p90": 16.0,
    "n": 218
  },
  "7": {
    "mean": 7.614932126696833,
    "std": 5.65682239905613,
    "p10": 1.0,
    "p90": 15.0,
    "n": 221
  },
  "8": {
    "mean": 8.081739130434784,
    "std": 5.7811481401286295,
    "p10": 1.0,
    "p90": 15.0,
    "n": 230
  },
  "9": {
    "mean": 8.377828054298643,
    "std": 5.876247007876116,
    "p10": 2.0,
    "p90": 17.0,
    "n": 221
  },
  "10": {
    "mean": 9.118627450980393,
    "std": 5.940944682674001,
    "p10": 2.3000000000000007,
    "p90": 16.0,
    "n": 204
  },
  "11": {
    "mean": 8.927638190954774,
    "std": 5.864539038241568,
    "p10": 3.0,
    "p90": 16.0,
    "n": 199
  },
  "12": {
    "mean": 9.020398009950249,
    "std": 5.751506919129625,
    "p10": 3.0,
    "p90": 16.0,
    "n": 201
  },
  "13": {
    "mean": 9.27056074766355,
    "std": 6.317984068417764,
    "p10": 3.0,
    "p90": 17.0,
    "n": 214
  },
  "14": {
    "mean": 9.182627118644069,
    "std": 7.350848488059755,
    "p10": 3.0,
    "p90": 16.0,
    "n": 236
  },
  "15": {
    "mean": 7.826609442060086,
    "std": 6.3431999367294205,
    "p10": 3.0,
    "p90": 13.64000000000001,
    "n": 233
  },
  "16": {
    "mean": 6.860087719298245,
    "std": 5.7662800743074545,
    "p10": 2.0,
    "p90": 12.899999999999999,
    "n": 228
  },
  "17": {
    "mean": 5.756828193832599,
    "std": 6.1996349151358565,
    "p10": 1.0,
    "p90": 11.040000000000001,
    "n": 227
  },
  "18": {
    "mean": 4.937946428571428,
    "std": 5.985508454509153,
    "p10": 1.0,
    "p90": 11.0,
    "n": 224
  },
  "19": {
    "mean": 4.297309417040359,
    "std": 5.805836759322632,
    "p10": 0.0,
    "p90": 11.98,
    "n": 223
  },
  "20": {
    "mean": 4.406018518518518,
    "std": 6.846694050628461,
    "p10": 0.0,
    "p90": 15.5,
    "n": 216
  },
  "21": {
    "mean": 4.307179487179487,
    "std": 6.305916853600712,
    "p10": 0.0,
    "p90": 13.0,
    "n": 195
  },
  "22": {
    "mean": 5.224137931034483,
    "std": 6.984194222054249,
    "p10": 0.0,
    "p90": 15.0,
    "n": 203
  },
  "23": {
    "mean": 5.1186868686868685,
    "std": 7.078695016740711,
    "p10": 0.0,
    "p90": 15.300000000000011,
    "n": 198
  }
}