{
  "0": {
    "mean": 6.286896551724137,
    "std": 5.91564844727306,
    "p10": 0.0,
    "p90": 15.0,
    "n": 145
  },
  "1": {
    "mean": 7.790070921985817,
    "std": 5.5349965152207234,
    "p10": 2.0,
    "p90": 15.0,
    "n": 141
  },
  "2": {
    "mean": 9.615714285714287,
    "std": 5.3508322680631215,
    "p10": 3.0,
    "p90": 18.10000000000001,
    "n": 140
  },
  "3": {
    "mean": 10.767883211678832,
    "std": 5.193108191838732,
    "p10": 5.0,
    "p90": 18.400000000000006,
    "n": 137
  },
  "4": {
    "mean": 12.543478260869565,
    "std": 5.374934479610695,
    "p10": 6.0,
    "p90": 20.0,
    "n": 138
  },
  "5": {
    "mean": 13.524999999999999,
    "std": 5.2318484078036676,
    "p10": 8.0,
    "p90": 20.0,
    "n": 144
  },
  "6": {
    "mean": 14.527007299270073,
    "std": 5.270331829736583,
    "p10": 8.0,
    "p90": 21.0,
    "n": 137
  },
  "7": {
    "mean": 15.514285714285714,
    "std": 5.332659774818998,
    "p10": 9.0,
    "p90": 22.0,
    "n": 147
  },
  "8": {
    "mean": 16.348148148148148,
    "std": 5.343483293623329,
    "p10": 10.0,
    "p90": 23.0,
    "n": 135
  },
  "9": {
    "mean": 16.993589743589745,
    "std": 5.140373771864724,
    "p10": 11.0,
    "p90": 23.0,
    "n": 156
  },
  "10": {
    "mean": 17.14966887417219,
    "std": 5.49463828560395,
    "p10": 10.0,
    "p90": 24.0,
    "n": 151
  },
  "11": {
    "mean": 16.02368421052632,
    "std": 5.2491782623014345,
    "p10": 9.0,
    "p90": 22.0,
    "n": 152
  },
  "12": {
    "mean": 14.702739726027396,
    "std": 4.92936234535363,
    "p10": 8.7,
    "p90": 21.0,
    "n": 146
  },
  "13": {
    "mean": 12.648000000000001,
    "std": 4.456722845711849,
    "p10": 8.0,
    "p90": 19.0,
    "n": 150
  },
  "14": {
    "mean": 10.527777777777779,
    "std": 4.334258463197183,
    "p10": 6.0,
    "p90": 16.700000000000017,
    "n": 144
  },
  "15": {
    "mean": 8.6,
    "std": 4.2325318948750725,
    "p10": 4.0,
    "p90": 14.0,
    "n": 142
  },
  "16": {
    "mean": 7.066206896551724,
    "std": 4.241793067691866,
    "p10": 2.0800000000000014,
    "p90": 11.599999999999994,
    "n": 145
  },
  "17": {
    "mean": 6.092307692307693,
    "std": 5.389022186817462,
    "p10": 2.0,
    "p90": 12.599999999999994,
    "n": 143
  },
  "18": {
    "mean": 4.9223684210526315,
    "std": 5.5633640469590135,
    "p10": 1.0,
    "p90": 9.0,
    "n": 152
  },
  "19": {
    "mean": 3.971621621621621,
    "std": 5.021261469014491,
    "p10": 0.0,
    "p90": 9.0,
    "n": 148
  },
  "20": {
    "mean": 3.13986013986014,
    "std": 4.69623972832895,
    "p10": 0.0,
    "p90": 8.0,
    "n": 143
  },
  "21": {
    "mean": 2.864748201438849,
    "std": 4.2835185203753845,
    "p10": 0.0,
    "p90": 10.0,
    "n": 139
  },
  "22": {
    "mean": 3.591608391608391,
    "std": 4.846423053030262,
    "p10": 0.0,
    "p90": 10.0,
    "n": 143
  },
  "23": {
    "mean": 5.194701986754966,
    "std": 5.395847639058144,
    "p10": 0.0,
    "p90": 13.0,
    "n": 151
  }
}