{
  "0": {
    "mean": 5.523270440251572,
    "std": 4.194197241707708,
    "p10": 0.0,
    "p90": 11.200000000000017,
    "n": 159
  },
  "1": {
    "mean": 7.317721518987341,
    "std": 4.134868338500204,
    "p10": 2.0,
    "p90": 13.0,
    "n": 158
  },
  "2": {
    "mean": 8.919298245614034,
    "std": 4.1264472083703545,
    "p10": 4.0,
    "p90": 15.0,
    "n": 171
  },
  "3": {
    "mean": 10.590243902439024,
    "std": 4.401550472948539,
    "p10": 5.0,
    "p90": 17.0,
    "n": 164
  },
  "4": {
    "mean": 11.57615894039735,
    "std": 4.084828982291613,
    "p10": 6.0,
    "p90": 17.0,
    "n": 151
  },
  "5": {
    "mean": 12.794771241830064,
    "std": 3.9295739498816595,
    "p10": 8.0,
    "p90": 18.0,
    "n": 153
  },
  "6": {
    "mean": 14.659756097560974,
    "std": 4.355276322116329,
    "p10": 9.0,
    "p90": 20.0,
    "n": 164
  },
  "7": {
    "mean": 15.084415584415584,
    "std": 3.736328103290958,
    "p10": 10.0,
    "p90": 20.0,
    "n": 154
  },
  "8": {
    "mean": 15.719736842105263,
    "std": 3.7905605916755203,
    "p10": 11.0,
    "p90": 21.0,
    "n": 152
  },
  "9": {
    "mean": 16.460256410256413,
    "std": 3.931505161773975,
    "p10": 11.5,
    "p90": 21.0,
    "n": 156
  },
  "10": {
    "mean": 16.876623376623378,
    "std": 3.7596549731801803,
    "p10": 12.0,
    "p90": 22.0,
    "n": 154
  },
  "11": {
    "mean": 16.2496644295302,
    "std": 3.793444276805207,
    "p10": 11.0,
    "p90": 21.0,
    "n": 149
  },
  "12": {
    "mean": 14.286549707602338,
    "std": 3.4539653803976096,
    "p10": 10.0,
    "p90": 19.0,
    "n": 171
  },
  "13": {
    "mean": 12.189944134078212,
    "std": 3.4130795177690016,
    "p10": 8.0,
    "p90": 16.0,
    "n": 179
  },
  "14": {
    "mean": 9.50609756097561,
    "std": 2.796792534533263,
    "p10": 6.0,
    "p90": 14.0,
    "n": 164
  },
  "15": {
    "mean": 7.610778443113772,
    "std": 3.192857804012093,
    "p10": 4.0,
    "p90": 12.0,
    "n": 167
  },
  "16": {
    "mean": 5.436842105263158,
    "std": 2.8475081289507447,
    "p10": 2.1000000000000014,
    "p90": 9.0,
    "n": 152
  },
  "17": {
    "mean": 4.306666666666666,
    "std": 3.1933263743835116,
    "p10": 1.0,
    "p90": 8.0,
    "n": 165
  },
  "18": {
    "mean": 3.860493827160494,
    "std": 3.776888824894616,
    "p10": 1.0,
    "p90": 10.0,
    "n": 162
  },
  "19": {
    "mean": 3.2988372093023255,
    "std": 4.322469355596333,
    "p10": 0.0,
    "p90": 10.900000000000006,
    "n": 172
  },
  "20": {
    "mean": 2.9445086705202312,
    "std": 4.239094958281935,
    "p10": 0.0,
    "p90": 10.0,
    "n": 173
  },
  "21": {
    "mean": 3.1404761904761904,
    "std": 4.780727753775265,
    "p10": 0.0,
    "p90": 12.0,
    "n": 168
  },
  "22": {
    "mean": 3.7337662337662336,
    "std": 5.030680001583238,
    "p10": 0.0,
    "p90": 14.0,
    "n": 154
  },
  "23": {
    "mean": 4.808860759493671,
    "std": 5.305367787089296,
    "p10": 1.0,
    "p90": 15.0,
    "n": 158
  }
}