{
  "0": {
    "mean": 7.246153846153846,
    "std": 5.041012477454634,
    "p10": 0.0,
    "p90": 15.0,
    "n": 130
  },
  "1": {
    "mean": 8.905511811023622,
    "std": 5.710520882013043,
    "p10": 2.0,
    "p90": 16.0,
    "n": 127
  },
  "2": {
    "mean": 9.944360902255639,
    "std": 5.937724969056478,
    "p10": 3.0,
    "p90": 18.0,
    "n": 133
  },
  "3": {
    "mean": 10.946153846153846,
    "std": 5.68734694958775,
    "p10": 4.0,
    "p90": 19.0,
    "n": 130
  },
  "4": {
    "mean": 12.214516129032257,
    "std": 5.461360108572781,
    "p10": 5.0,
    "p90": 19.0,
    "n": 124
  },
  "5": {
    "mean": 12.977952755905513,
    "std": 5.797220370961958,
    "p10": 6.0,
    "p90": 21.0,
    "n": 127
  },
  "6": {
    "mean": 13.866666666666665,
    "std": 5.870329209450046,
    "p10": 7.0,
    "p90": 21.0,
    "n": 123
  },
  "7": {
    "mean": 14.770491803278688,
    "std": 6.098078392961925,
    "p10": 7.0,
    "p90": 23.0,
    "n": 122
  },
  "8": {
    "mean": 15.57709923664122,
    "std": 5.966658192186311,
    "p10": 8.0,
    "p90": 24.0,
    "n": 131
  },
  "9": {
    "mean": 16.006106870229008,
    "std": 5.984592470222575,
    "p10": 9.0,
    "p90": 24.0,
    "n": 131
  },
  "10": {
    "mean": 16.63088235294118,
    "std": 6.006065017418982,
    "p10": 9.0,
    "p90": 25.0,
    "n": 136
  },
  "11": {
    "mean": 17.52,
    "std": 5.864175607496385,
    "p10": 10.0,
    "p90": 25.0,
    "n": 145
  },
  "12": {
    "mean": 16.106382978723403,
    "std": 5.408593859589934,
    "p10": 10.0,
    "p90": 24.0,
    "n": 141
  },
  "13": {
    "mean": 14.541428571428572,
    "std": 4.870849802715811,
    "p10": 8.0,
    "p90": 21.0,
    "n": 140
  },
  "14": {
    "mean": 11.708724832214765,
    "std": 3.867150862766115,
    "p10": 6.0,
    "p90": 17.0,
    "n": 149
  },
  "15": {
    "mean": 9.022222222222222,
    "std": 3.8019371862458766,
    "p10": 4.4,
    "p90": 14.0,
    "n": 135
  },
  "16": {
    "mean": 6.907462686567165,
    "std": 3.719217050472056,
    "p10": 3.0,
    "p90": 11.0,
    "n": 134
  },
  "17": {
    "mean": 4.902985074626866,
    "std": 3.9828002447083954,
    "p10": 1.0,
    "p90": 10.0,
    "n": 134
  },
  "18": {
    "mean": 3.1904761904761907,
    "std": 3.4286190472883638,
    "p10": 0.0,
    "p90": 7.5,
    "n": 126
  },
  "19": {
    "mean": 2.4612903225806453,
    "std": 3.5570315036951183,
    "p10": 0.0,
    "p90": 6.760000000000003,
    "n": 124
  },
  "20": {
    "mean": 2.792125984251969,
    "std": 4.758177694047272,
    "p10": 0.0,
    "p90": 8.400000000000006,
    "n": 127
  },
  "21": {
    "mean": 2.753968253968254,
    "std": 4.232609611927865,
    "p10": 0.0,
    "p90": 7.5,
    "n": 126
  },
  "22": {
    "mean": 3.452238805970149,
    "std": 3.4403994438902537,
    "p10": 1.0,
    "p90": 7.0,
    "n": 134
  },
  "23": {
    "mean": 5.48,
    "std": 4.065194515839667,
    "p10": 2.0,
    "p90": 9.600000000000009,
    "n": 125
  }
}