{
  "0": {
    "mean": 6.195906432748538,
    "std": 6.885110590979434,
    "p10": 0.0,
    "p90": 14.0,
    "n": 171
  },
  "1": {
    "mean": 7.125698324022347,
    "std": 6.890891964454511,
    "p10": 0.8999999999999986,
    "p90": 16.0,
    "n": 179
  },
  "2": {
    "mean": 8.564814814814815,
    "std": 7.063918222114643,
    "p10": 1.0,
    "p90": 18.0,
    "n": 162
  },
  "3": {
    "mean": 8.865,
    "std": 7.149175965181729,
    "p10": 1.0,
    "p90": 18.0,
    "n": 160
  },
  "4": {
    "mean": 9.519018404907975,
    "std": 7.1179442182923065,
    "p10": 2.0,
    "p90": 18.0,
    "n": 163
  },
  "5": {
    "mean": 10.486451612903226,
    "std": 7.438990622593442,
    "p10": 2.0,
    "p90": 19.0,
    "n": 155
  },
  "6": {
    "mean": 10.526785714285714,
    "std": 7.511990201812701,
    "p10": 2.799999999999997,
    "p90": 19.30000000000001,
    "n": 168
  },
  "7": {
    "mean": 11.346625766871165,
    "std": 7.608663695789706,
    "p10": 3.0,
    "p90": 20.82000000000001,
    "n": 163
  },
  "8": {
    "mean": 12.630625,
    "std": 7.570482208207073,
    "p10": 3.9000000000000004,
    "p90": 21.099999999999994,
    "n": 160
  },
  "9": {
    "mean": 12.940372670807454,
    "std": 7.417465696600725,
    "p10": 4.0,
    "p90": 21.1,
    "n": 161
  },
  "10": {
    "mean": 13.051923076923078,
    "std": 7.60038599320176,
    "p10": 3.0,
    "p90": 23.0,
    "n": 156
  },
  "11": {
    "mean": 12.462285714285718,
    "std": 7.641970876901812,
    "p10": 3.0,
    "p90": 22.0,
    "n": 175
  },
  "12": {
    "mean": 13.087951807228919,
    "std": 7.3414868874687444,
    "p10": 4.0,
    "p90": 23.0,
    "n": 166
  },
  "13": {
    "mean": 12.701176470588234,
    "std": 6.812727283958823,
    "p10": 4.090000000000002,
    "p90": 21.099999999999994,
    "n": 170
  },
  "14": {
    "mean": 11.893258426966293,
    "std": 5.7910957903157,
    "p10": 4.9399999999999995,
    "p90": 19.1,
    "n": 178
  },
  "15": {
    "mean": 9.913812154696133,
    "std": 5.10065108568028,
    "p10": 4.0,
    "p90": 16.0,
    "n": 181
  },
  "16": {
    "mean": 8.322099447513812,
    "std": 4.788430270633781,
    "p10": 3.0,
    "p90": 15.0,
    "n": 181
  },
  "17": {
    "mean": 6.697826086956522,
    "std": 4.45399012517571,
    "p10": 2.0,
    "p90": 12.700000000000017,
    "n": 184
  },
  "18": {
    "mean": 5.74888888888889,
    "std": 4.954919556240487,
    "p10": 1.0,
    "p90": 14.999999999999993,
    "n": 180
  },
  "19": {
    "mean": 4.268604651162791,
    "std": 4.90585666530964,
    "p10": 0.0,
    "p90": 11.810000000000011,
    "n": 172
  },
  "20": {
    "mean": 4.374863387978142,
    "std": 5.643387831568762,
    "p10": 0.0,
    "p90": 13.440000000000019,
    "n": 183
  },
  "21": {
    "mean": 4.512865497076023,
    "std": 6.326346262634038,
    "p10": 0.0,
    "p90": 14.100000000000001,
    "n": 171
  },
  "22": {
    "mean": 4.874691358024691,
    "std": 6.615756758057857,
    "p10": 0.0,
    "p90": 13.090000000000002,
    "n": 162
  },
  "23": {
    "mean": 6.86144578313253,
    "std": 8.059939564030898,
    "p10": 0.09999999999999964,
    "p90": 17.7,
    "n": 166
  }
}