{
  "0": {
    "mean": 5.7153284671532845,
    "std": 4.548672891639885,
    "p10": 0.0,
    "p90": 13.0,
    "n": 137
  },
  "1": {
    "mean": 6.902290076335878,
    "std": 3.9817558100156103,
    "p10": 2.0,
    "p90": 12.0,
    "n": 131
  },
  "2": {
    "mean": 8.734285714285713,
    "std": 4.205952811726579,
    "p10": 3.9000000000000004,
    "p90": 14.0,
    "n": 140
  },
  "3": {
    "mean": 9.779104477611941,
    "std": 3.9210454840833546,
    "p10": 5.0,
    "p90": 15.0,
    "n": 134
  },
  "4": {
    "mean": 10.74074074074074,
    "std": 3.94968912996046,
    "p10": 5.520000000000002,
    "p90": 15.600000000000009,
    "n": 135
  },
  "5": {
    "mean": 11.608275862068966,
    "std": 3.9721164147417083,
    "p10": 6.0,
    "p90": 16.0,
    "n": 145
  },
  "6": {
    "mean": 12.783076923076923,
    "std": 3.8874901422949044,
    "p10": 8.0,
    "p90": 17.0,
    "n": 130
  },
  "7": {
    "mean": 13.297709923664122,
    "std": 4.094451511099738,
    "p10": 8.0,
    "p90": 18.0,
    "n": 131
  },
  "8": {
    "mean": 13.830882352941176,
    "std": 4.49617969039037,
    "p10": 8.0,
    "p90": 19.0,
    "n": 136
  },
  "9": {
    "mean": 14.340540540540541,
    "std": 4.284600455861956,
    "p10": 9.700000000000001,
    "p90": 20.0,
    "n": 148
  },
  "10": {
    "mean": 14.758904109589043,
    "std": 4.67898708804074,
    "p10": 9.700000000000003,
    "p90": 21.0,
    "n": 146
  },
  "11": {
    "mean": 14.99463087248322,
    "std": 4.475153405718749,
    "p10": 10.0,
    "p90": 20.200000000000017,
    "n": 149
  },
  "12": {
    "mean": 14.3,
    "std": 3.5231735236647608,
    "p10": 10.0,
    "p90": 19.0,
    "n": 150
  },
  "13": {
    "mean": 12.326027397260274,
    "std": 3.1956016064006514,
    "p10": 9.0,
    "p90": 16.5,
    "n": 146
  },
  "14": {
    "mean": 10.306382978723404,
    "std": 3.451505111975631,
    "p10": 7.0,
    "p90": 14.0,
    "n": 141
  },
  "15": {
    "mean": 8.358227848101265,
    "std": 3.6850570208773727,
    "p10": 4.700000000000001,
    "p90": 13.0,
    "n": 158
  },
  "16": {
    "mean": 6.079710144927536,
    "std": 3.4726493266708807,
    "p10": 2.0,
    "p90": 11.0,
    "n": 138
  },
  "17": {
    "mean": 4.2781954887218046,
    "std": 3.287610773473388,
    "p10": 1.0,
    "p90": 8.0,
    "n": 133
  },
  "18": {
    "mean": 3.6014814814814815,
    "std": 3.2364063630889373,
    "p10": 1.0,
    "p90": 8.0,
    "n": 135
  },
  "19": {
    "mean": 2.934306569343066,
    "std": 3.548413853528418,
    "p10": 0.0,
    "p90": 9.0,
    "n": 137
  },
  "20": {
    "mean": 2.1515151515151514,
    "std": 3.3826789340345393,
    "p10": 0.0,
    "p90": 8.900000000000006,
    "n": 132
  },
  "21": {
    "mean": 1.9152542372881356,
    "std": 2.8452277369275554,
    "p10": 0.0,
    "p90": 6.0,
    "n": 118
  },
  "22": {
    "mean": 2.751937984496124,
    "std": 3.6806737828995417,
    "p10": 0.0,
    "p90": 9.0,
    "n": 129
  },
  "23": {
    "mean": 3.984732824427481,
    "std": 3.910507999312045,
    "p10": 1.0,
    "p90": 10.0,
    "n": 131
  }
}