{
  "0": {
    "mean": 6.371929824561403,
    "std": 5.833183604152395,
    "p10": 0.0,
    "p90": 15.0,
    "n": 171
  },
  "1": {
    "mean": 7.843902439024391,
    "std": 5.354479749629881,
    "p10": 2.0,
    "p90": 15.0,
    "n": 164
  },
  "2": {
    "mean": 9.570552147239264,
    "std": 5.254756017586607,
    "p10": 3.0,
    "p90": 17.80000000000001,
    "n": 163
  },
  "3": {
    "mean": 10.874683544303798,
    "std": 5.135488325863255,
    "p10": 5.0,
    "p90": 18.30000000000001,
    "n": 158
  },
  "4": {
    "mean": 12.65625,
    "std": 5.2400092119079815,
    "p10": 6.0,
    "p90": 20.0,
    "n": 160
  },
  "5": {
    "mean": 13.708433734939758,
    "std": 5.123095769085201,
    "p10": 8.0,
    "p90": 20.6,
    "n": 166
  },
  "6": {
    "mean": 14.675,
    "std": 5.237011486351363,
    "p10": 8.0,
    "p90": 21.099999999999994,
    "n": 160
  },
  "7": {
    "mean": 15.611695906432749,
    "std": 5.280227606606687,
    "p10": 9.0,
    "p90": 22.0,
    "n": 171
  },
  "8": {
    "mean": 16.548387096774192,
    "std": 5.279110447974201,
    "p10": 10.0,
    "p90": 23.599999999999994,
    "n": 155
  },
  "9": {
    "mean": 17.258426966292134,
    "std": 5.107185787116761,
    "p10": 11.0,
    "p90": 24.0,
    "n": 178
  },
  "10": {
    "mean": 17.413872832369943,
    "std": 5.487515802383514,
    "p10": 10.0,
    "p90": 24.80000000000001,
    "n": 173
  },
  "11": {
    "mean": 16.315606936416188,
    "std": 5.195306390942266,
    "p10": 9.0,
    "p90": 23.0,
    "n": 173
  },
  "12": {
    "mean": 15.013017751479289,
    "std": 4.877750360264859,
    "p10": 9.0,
    "p90": 22.0,
    "n": 169
  },
  "13": {
    "mean": 12.863218390804597,
    "std": 4.368717353662468,
    "p10": 8.0,
    "p90": 18.0,
    "n": 174
  },
  "14": {
    "mean": 10.694610778443113,
    "std": 4.235467819355828,
    "p10": 6.0,
    "p90": 16.400000000000006,
    "n": 167
  },
  "15": {
    "mean": 8.716363636363637,
    "std": 4.110787280082034,
    "p10": 4.0,
    "p90": 14.0,
    "n": 165
  },
  "16": {
    "mean": 7.041916167664671,
    "std": 4.111156278315995,
    "p10": 2.120000000000002,
    "p90": 12.0,
    "n": 167
  },
  "17": {
    "mean": 5.905389221556886,
    "std": 5.082823158762917,
    "p10": 2.0,
    "p90": 10.400000000000006,
    "n": 167
  },
  "18": {
    "mean": 4.719540229885058,
    "std": 5.279381621707295,
    "p10": 1.0,
    "p90": 8.700000000000017,
    "n": 174
  },
  "19": {
    "mean": 3.728235294117647,
    "std": 4.782787475832855,
    "p10": 0.0,
    "p90": 8.0,
    "n": 170
  },
  "20": {
    "mean": 3.006060606060606,
    "std": 4.547549554158151,
    "p10": 0.0,
    "p90": 8.0,
    "n": 165
  },
  "21": {
    "mean": 2.696341463414634,
    "std": 4.047659177253288,
    "p10": 0.0,
    "p90": 8.0,
    "n": 164
  },
  "22": {
    "mean": 3.456470588235294,
    "std": 4.6491698580448,
    "p10": 0.0,
    "p90": 10.0,
    "n": 170
  },
  "23": {
    "mean": 4.9906976744186045,
    "std": 5.2404104099573985,
    "p10": 0.0,
    "p90": 13.0,
    "n": 172
  }
}