{
  "0": {
    "mean": 7.0,
    "std": 5.153428288940451,
    "p10": 0.0,
    "p90": 14.300000000000011,
    "n": 148
  },
  "1": {
    "mean": 8.687074829931973,
    "std": 5.646920267549448,
    "p10": 2.0,
    "p90": 16.0,
    "n": 147
  },
  "2": {
    "mean": 9.69281045751634,
    "std": 5.799728947558935,
    "p10": 3.0,
    "p90": 18.0,
    "n": 153
  },
  "3": {
    "mean": 10.85234899328859,
    "std": 5.543898324657252,
    "p10": 4.0,
    "p90": 18.200000000000017,
    "n": 149
  },
  "4": {
    "mean": 12.045833333333333,
    "std": 5.351986429472588,
    "p10": 5.0,
    "p90": 19.0,
    "n": 144
  },
  "5": {
    "mean": 12.773793103448277,
    "std": 5.604574281206667,
    "p10": 6.0,
    "p90": 21.0,
    "n": 145
  },
  "6": {
    "mean": 13.670833333333333,
    "std": 5.774187497712666,
    "p10": 6.300000000000001,
    "p90": 21.700000000000017,
    "n": 144
  },
  "7": {
    "mean": 14.591549295774648,
    "std": 6.048450865002295,
    "p10": 7.0,
    "p90": 22.900000000000006,
    "n": 142
  },
  "8": {
    "mean": 15.393288590604026,
    "std": 5.821507936320214,
    "p10": 7.0,
    "p90": 23.0,
    "n": 149
  },
  "9": {
    "mean": 15.992105263157896,
    "std": 5.999994771695179,
    "p10": 8.0,
    "p90": 24.0,
    "n": 152
  },
  "10": {
    "mean": 16.684415584415586,
    "std": 6.004389787068261,
    "p10": 9.0,
    "p90": 24.700000000000017,
    "n": 154
  },
  "11": {
    "mean": 17.490243902439026,
    "std": 5.894129548146253,
    "p10": 10.0,
    "p90": 25.0,
    "n": 164
  },
  "12": {
    "mean": 16.133333333333333,
    "std": 5.3982080736577815,
    "p10": 9.400000000000002,
    "p90": 23.0,
    "n": 165
  },
  "13": {
    "mean": 14.601242236024845,
    "std": 4.99352064651834,
    "p10": 8.0,
    "p90": 21.0,
    "n": 161
  },
  "14": {
    "mean": 11.620359281437125,
    "std": 4.010446282923077,
    "p10": 6.0,
    "p90": 17.0,
    "n": 167
  },
  "15": {
    "mean": 8.939869281045752,
    "std": 3.923014748843323,
    "p10": 4.0,
    "p90": 14.0,
    "n": 153
  },
  "16": {
    "mean": 7.219230769230769,
    "std": 4.3762867657500975,
    "p10": 3.0,
    "p90": 11.0,
    "n": 156
  },
  "17": {
    "mean": 5.076433121019108,
    "std": 4.193311831821714,
    "p10": 1.6000000000000014,
    "p90": 10.0,
    "n": 157
  },
  "18": {
    "mean": 3.272108843537415,
    "std": 3.5025584056989287,
    "p10": 0.0,
    "p90": 7.400000000000006,
    "n": 147
  },
  "19": {
    "mean": 2.4909090909090907,
    "std": 3.6916141950259034,
    "p10": 0.0,
    "p90": 6.839999999999998,
    "n": 143
  },
  "20": {
    "mean": 2.7627586206896555,
    "std": 4.8131755633709705,
    "p10": 0.0,
    "p90": 8.599999999999994,
    "n": 145
  },
  "21": {
    "mean": 2.6986301369863015,
    "std": 4.3173584884082015,
    "p10": 0.0,
    "p90": 7.0,
    "n": 146
  },
  "22": {
    "mean": 3.252054794520548,
    "std": 3.6982049546546283,
    "p10": 0.0,
    "p90": 7.0,
    "n": 146
  },
  "23": {
    "mean": 5.072222222222222,
    "std": 4.179711979310564,
    "p10": 2.0,
    "p90": 9.0,
    "n": 144
  }
}