{
  "0": {
    "mean": 5.498947368421054,
    "std": 6.446614217163927,
    "p10": 0.0,
    "p90": 15.01,
    "n": 190
  },
  "1": {
    "mean": 5.954687500000001,
    "std": 6.486367412157397,
    "p10": 0.0,
    "p90": 15.800000000000011,
    "n": 192
  },
  "2": {
    "mean": 6.457213930348259,
    "std": 6.464438119357704,
    "p10": 0.0,
    "p90": 15.100000000000001,
    "n": 201
  },
  "3": {
    "mean": 6.8399014778325125,
    "std": 6.369134575259819,
    "p10": 0.9200000000000006,
    "p90": 16.0,
    "n": 203
  },
  "4": {
    "mean": 7.2204999999999995,
    "std": 6.551054213371515,
    "p10": 0.9000000000000004,
    "p90": 17.14,
    "n": 200
  },
  "5": {
    "mean": 7.674752475247525,
    "std": 6.550872957521832,
    "p10": 1.0100000000000002,
    "p90": 17.090000000000003,
    "n": 202
  },
  "6": {
    "mean": 8.385221674876847,
    "std": 6.944538300210618,
    "p10": 1.2400000000000024,
    "p90": 17.74000000000001,
    "n": 203
  },
  "7": {
    "mean": 8.985645933014354,
    "std": 7.109107423214474,
    "p10": 1.9600000000000002,
    "p90": 18.0,
    "n": 209
  },
  "8": {
    "mean": 9.171875,
    "std": 6.929135741232009,
    "p10": 2.0,
    "p90": 18.900000000000006,
    "n": 192
  },
  "9": {
    "mean": 9.743939393939394,
    "std": 7.336636294524606,
    "p10": 1.9000000000000004,
    "p90": 20.0,
    "n": 198
  },
  "10": {
    "mean": 9.854106280193237,
    "std": 7.312628393914508,
    "p10": 2.0,
    "p90": 20.0,
    "n": 207
  },
  "11": {
    "mean": 10.227225130890051,
    "std": 7.315174721559564,
    "p10": 2.6000000000000014,
    "p90": 20.0,
    "n": 191
  },
  "12": {
    "mean": 10.091625615763549,
    "std": 6.778634081993094,
    "p10": 3.0,
    "p90": 18.9,
    "n": 203
  },
  "13": {
    "mean": 10.520689655172413,
    "std": 6.6459073624702265,
    "p10": 3.0,
    "p90": 18.98,
    "n": 203
  },
  "14": {
    "mean": 9.449321266968324,
    "std": 6.149660891681914,
    "p10": 3.0,
    "p90": 18.0,
    "n": 221
  },
  "15": {
    "mean": 8.089351851851852,
    "std": 5.462261866134679,
    "p10": 2.0,
    "p90": 16.0,
    "n": 216
  },
  "16": {
    "mean": 6.882159624413145,
    "std": 4.697124876610724,
    "p10": 2.0,
    "p90": 12.98,
    "n": 213
  },
  "17": {
    "mean": 5.203465346534653,
    "std": 4.28635900313638,
    "p10": 1.0,
    "p90": 11.0,
    "n": 202
  },
  "18": {
    "mean": 4.30576923076923,
    "std": 4.400742733163701,
    "p10": 0.0,
    "p90": 11.0,
    "n": 208
  },
  "19": {
    "mean": 3.5497652582159627,
    "std": 4.53054231013039,
    "p10": 0.0,
    "p90": 9.0,
    "n": 213
  },
  "20": {
    "mean": 3.596482412060301,
    "std": 5.32566092910165,
    "p10": 0.0,
    "p90": 12.200000000000017,
    "n": 199
  },
  "21": {
    "mean": 3.260406091370558,
    "std": 5.136946587459484,
    "p10": 0.0,
    "p90": 10.400000000000006,
    "n": 197
  },
  "22": {
    "mean": 4.107373271889401,
    "std": 5.540945317615107,
    "p10": 0.0,
    "p90": 14.100000000000001,
    "n": 217
  },
  "23": {
    "mean": 5.3415,
    "std": 6.098136114449372,
    "p10": 0.0,
    "p90": 16.0,
    "n": 200
  }
}