{
  "0": {
    "mean": 6.301388888888889,
    "std": 5.617355549738985,
    "p10": 0.0,
    "p90": 14.700000000000017,
    "n": 144
  },
  "1": {
    "mean": 7.384507042253521,
    "std": 5.512902927808495,
    "p10": 1.0,
    "p90": 15.0,
    "n": 142
  },
  "2": {
    "mean": 8.133561643835616,
    "std": 5.635310809251206,
    "p10": 1.0,
    "p90": 15.5,
    "n": 146
  },
  "3": {
    "mean": 9.191724137931034,
    "std": 5.774074041305917,
    "p10": 2.1599999999999997,
    "p90": 17.0,
    "n": 145
  },
  "4": {
    "mean": 9.877551020408163,
    "std": 6.074906796944064,
    "p10": 2.0,
    "p90": 18.400000000000006,
    "n": 147
  },
  "5": {
    "mean": 10.85430463576159,
    "std": 6.138400824311794,
    "p10": 3.6000000000000014,
    "p90": 19.0,
    "n": 151
  },
  "6": {
    "mean": 11.54625850340136,
    "std": 6.424794353180769,
    "p10": 3.0,
    "p90": 20.0,
    "n": 147
  },
  "7": {
    "mean": 12.419607843137253,
    "std": 6.452743794447459,
    "p10": 5.0,
    "p90": 21.0,
    "n": 153
  },
  "8": {
    "mean": 13.213207547169812,
    "std": 6.681564597406042,
    "p10": 5.800000000000001,
    "p90": 22.040000000000003,
    "n": 159
  },
  "9": {
    "mean": 13.501960784313724,
    "std": 6.915205124904457,
    "p10": 5.839999999999998,
    "p90": 23.0,
    "n": 153
  },
  "10": {
    "mean": 14.055696202531646,
    "std": 6.55091274498979,
    "p10": 6.0,
    "p90": 23.03,
    "n": 158
  },
  "11": {
    "mean": 14.418831168831169,
    "std": 6.6660467307888975,
    "p10": 6.0,
    "p90": 23.070000000000004,
    "n": 154
  },
  "12": {
    "mean": 14.40674846625767,
    "std": 6.709934856764205,
    "p10": 6.199999999999999,
    "p90": 23.0,
    "n": 163
  },
  "13": {
    "mean": 13.363354037267081,
    "std": 5.7388989519004605,
    "p10": 7.0,
    "p90": 21.0,
    "n": 161
  },
  "14": {
    "mean": 11.102424242424243,
    "std": 4.787788729307287,
    "p10": 4.879999999999999,
    "p90": 17.0,
    "n": 165
  },
  "15": {
    "mean": 8.830188679245284,
    "std": 3.9505288016006253,
    "p10": 4.0,
    "p90": 14.0,
    "n": 159
  },
  "16": {
    "mean": 6.524675324675324,
    "std": 3.697593488515909,
    "p10": 2.859999999999998,
    "p90": 11.0,
    "n": 154
  },
  "17": {
    "mean": 5.018072289156627,
    "std": 4.058411230513087,
    "p10": 1.7999999999999972,
    "p90": 9.0,
    "n": 166
  },
  "18": {
    "mean": 4.005228758169935,
    "std": 4.7702999857351065,
    "p10": 1.0,
    "p90": 10.800000000000011,
    "n": 153
  },
  "19": {
    "mean": 3.4184049079754604,
    "std": 5.2752770597628045,
    "p10": 0.0,
    "p90": 11.800000000000011,
    "n": 163
  },
  "20": {
    "mean": 2.6293333333333333,
    "std": 4.647371295179382,
    "p10": 0.0,
    "p90": 8.099999999999994,
    "n": 150
  },
  "21": {
    "mean": 3.5655629139072844,
    "std": 5.994297805499444,
    "p10": 0.0,
    "p90": 11.0,
    "n": 151
  },
  "22": {
    "mean": 4.2918918918918925,
    "std": 5.001571365509798,
    "p10": 1.0,
    "p90": 10.0,
    "n": 148
  },
  "23": {
    "mean": 5.94496644295302,
    "std": 4.414647551687798,
    "p10": 2.0,
    "p90": 10.0,
    "n": 149
  }
}