{
  "0": {
    "mean": 4.966129032258064,
    "std": 5.812584954521604,
    "p10": 0.0,
    "p90": 14.0,
    "n": 186
  },
  "1": {
    "mean": 5.376719576719577,
    "std": 5.724461122151987,
    "p10": 0.0,
    "p90": 14.0,
    "n": 189
  },
  "2": {
    "mean": 5.792964824120604,
    "std": 5.6292661266828565,
    "p10": 1.0,
    "p90": 14.280000000000017,
    "n": 199
  },
  "3": {
    "mean": 6.6510869565217385,
    "std": 5.847917654051922,
    "p10": 1.0,
    "p90": 15.100000000000001,
    "n": 184
  },
  "4": {
    "mean": 7.160416666666667,
    "std": 5.7180613850754005,
    "p10": 1.0,
    "p90": 16.0,
    "n": 192
  },
  "5": {
    "mean": 7.684102564102563,
    "std": 5.67582171622531,
    "p10": 1.1000000000000014,
    "p90": 16.0,
    "n": 195
  },
  "6": {
    "mean": 7.945177664974619,
    "std": 6.023435489471529,
    "p10": 1.0,
    "p90": 16.1,
    "n": 197
  },
  "7": {
    "mean": 7.944949494949494,
    "std": 5.779848569800259,
    "p10": 1.0,
    "p90": 15.0,
    "n": 198
  },
  "8": {
    "mean": 8.27047619047619,
    "std": 5.929061082700774,
    "p10": 1.0,
    "p90": 15.0,
    "n": 210
  },
  "9": {
    "mean": 8.620792079207922,
    "std": 5.998570589793286,
    "p10": 2.0,
    "p90": 17.090000000000003,
    "n": 202
  },
  "10": {
    "mean": 9.279781420765028,
    "std": 6.023030520863836,
    "p10": 3.0,
    "p90": 17.060000000000002,
    "n": 183
  },
  "11": {
    "mean": 9.283240223463686,
    "std": 5.982957876133376,
    "p10": 3.0,
    "p90": 16.200000000000017,
    "n": 179
  },
  "12": {
    "mean": 9.296721311475409,
    "std": 5.854798929922193,
    "p10": 3.1000000000000014,
    "p90": 16.82000000000001,
    "n": 183
  },
  "13": {
    "mean": 9.466494845360824,
    "std": 6.50136383320324,
    "p10": 3.0,
    "p90": 17.070000000000004,
    "n": 194
  },
  "14": {
    "mean": 9.42,
    "std": 7.575027836844693,
    "p10": 3.0,
    "p90": 16.959999999999997,
    "n": 215
  },
  "15": {
    "mean": 7.938888888888889,
    "std": 6.506087787186208,
    "p10": 3.0,
    "p90": 14.0,
    "n": 216
  },
  "16": {
    "mean": 7.01,
    "std": 5.8833106749183,
    "p10": 2.0,
    "p90": 12.909999999999998,
    "n": 210
  },
  "17": {
    "mean": 5.788725490196079,
    "std": 6.382675160932713,
    "p10": 1.0,
    "p90": 11.070000000000002,
    "n": 204
  },
  "18": {
    "mean": 5.03019801980198,
    "std": 6.194181908277468,
    "p10": 0.8999999999999986,
    "p90": 11.0,
    "n": 202
  },
  "19": {
    "mean": 4.429353233830846,
    "std": 6.00989884104566,
    "p10": 0.0,
    "p90": 13.0,
    "n": 201
  },
  "20": {
    "mean": 4.4590000000000005,
    "std": 6.997366266915494,
    "p10": 0.0,
    "p90": 16.0,
    "n": 200
  },
  "21": {
    "mean": 4.299435028248587,
    "std": 6.401442461514768,
    "p10": 0.0,
    "p90": 11.94,
    "n": 177
  },
  "22": {
    "mean": 5.290217391304347,
    "std": 7.145728362613859,
    "p10": 0.0,
    "p90": 15.700000000000017,
    "n": 184
  },
  "23": {
    "mean": 5.336111111111111,
    "std": 7.2654056232440976,
    "p10": 0.0,
    "p90": 16.099999999999994,
    "n": 180
  }
}