{
  "0": {
    "mean": 6.721739130434782,
    "std": 6.774902674468105,
    "p10": 0.0,
    "p90": 17.0,
    "n": 184
  },
  "1": {
    "mean": 7.82258064516129,
    "std": 6.624738714394836,
    "p10": 1.0,
    "p90": 18.0,
    "n": 186
  },
  "2": {
    "mean": 9.44840425531915,
    "std": 6.774578748976061,
    "p10": 2.0,
    "p90": 18.30000000000001,
    "n": 188
  },
  "3": {
    "mean": 10.463316582914572,
    "std": 6.3481016851756324,
    "p10": 3.8000000000000007,
    "p90": 18.040000000000003,
    "n": 199
  },
  "4": {
    "mean": 11.214285714285714,
    "std": 6.7218711455160935,
    "p10": 4.0,
    "p90": 21.0,
    "n": 182
  },
  "5": {
    "mean": 11.378835978835978,
    "std": 6.864282882349138,
    "p10": 3.8000000000000007,
    "p90": 21.0,
    "n": 189
  },
  "6": {
    "mean": 12.34917127071823,
    "std": 7.188506403237899,
    "p10": 4.0,
    "p90": 22.0,
    "n": 181
  },
  "7": {
    "mean": 13.592134831460672,
    "std": 7.358337823839049,
    "p10": 5.0,
    "p90": 23.0,
    "n": 178
  },
  "8": {
    "mean": 13.927624309392266,
    "std": 7.397252447306602,
    "p10": 5.0,
    "p90": 23.0,
    "n": 181
  },
  "9": {
    "mean": 14.352325581395348,
    "std": 7.79581124211051,
    "p10": 5.0,
    "p90": 24.0,
    "n": 172
  },
  "10": {
    "mean": 14.878409090909093,
    "std": 7.907305105152704,
    "p10": 5.0,
    "p90": 24.0,
    "n": 176
  },
  "11": {
    "mean": 14.997297297297298,
    "std": 7.804029285598674,
    "p10": 4.0,
    "p90": 24.599999999999994,
    "n": 185
  },
  "12": {
    "mean": 13.681725888324873,
    "std": 6.978331701247993,
    "p10": 4.0,
    "p90": 23.0,
    "n": 197
  },
  "13": {
    "mean": 12.064705882352941,
    "std": 5.795533307385055,
    "p10": 5.0,
    "p90": 19.700000000000017,
    "n": 204
  },
  "14": {
    "mean": 10.700000000000001,
    "std": 5.0725483012640415,
    "p10": 4.0,
    "p90": 16.900000000000006,
    "n": 202
  },
  "15": {
    "mean": 8.892746113989638,
    "std": 4.85376241765923,
    "p10": 3.0,
    "p90": 14.800000000000011,
    "n": 193
  },
  "16": {
    "mean": 7.3431372549019605,
    "std": 4.538787620589019,
    "p10": 2.0,
    "p90": 13.0,
    "n": 204
  },
  "17": {
    "mean": 5.883937823834197,
    "std": 4.560530515131691,
    "p10": 2.0,
    "p90": 12.0,
    "n": 193
  },
  "18": {
    "mean": 5.068783068783069,
    "std": 5.271645257788801,
    "p10": 1.0,
    "p90": 12.200000000000017,
    "n": 189
  },
  "19": {
    "mean": 4.733168316831684,
    "std": 5.918277521145796,
    "p10": 1.0,
    "p90": 11.0,
    "n": 202
  },
  "20": {
    "mean": 3.7906735751295333,
    "std": 5.021175582613448,
    "p10": 0.0,
    "p90": 10.0,
    "n": 193
  },
  "21": {
    "mean": 3.806077348066298,
    "std": 4.977584931424035,
    "p10": 0.0,
    "p90": 10.0,
    "n": 181
  },
  "22": {
    "mean": 3.748066298342542,
    "std": 4.693513149493565,
    "p10": 0.0,
    "p90": 9.0,
    "n": 181
  },
  "23": {
    "mean": 4.783707865168539,
    "std": 4.762626840583844,
    "p10": 0.6999999999999993,
    "p90": 10.0,
    "n": 178
  }
}