{
  "0": {
    "mean": 5.533333333333333,
    "std": 4.175784533544356,
    "p10": 0.0,
    "p90": 11.0,
    "n": 171
  },
  "1": {
    "mean": 7.382142857142856,
    "std": 4.149645702047768,
    "p10": 2.0,
    "p90": 13.0,
    "n": 168
  },
  "2": {
    "mean": 9.039344262295081,
    "std": 4.1287764739739865,
    "p10": 4.0,
    "p90": 15.0,
    "n": 183
  },
  "3": {
    "mean": 10.690285714285714,
    "std": 4.40718684592674,
    "p10": 5.0,
    "p90": 17.0,
    "n": 175
  },
  "4": {
    "mean": 11.664596273291925,
    "std": 4.129079951058833,
    "p10": 6.0,
    "p90": 17.0,
    "n": 161
  },
  "5": {
    "mean": 12.91165644171779,
    "std": 3.9994504659249444,
    "p10": 8.0,
    "p90": 18.0,
    "n": 163
  },
  "6": {
    "mean": 14.759770114942528,
    "std": 4.381251695672804,
    "p10": 9.0,
    "p90": 20.700000000000017,
    "n": 174
  },
  "7": {
    "mean": 15.168674698795181,
    "std": 3.830718825205033,
    "p10": 10.0,
    "p90": 20.5,
    "n": 166
  },
  "8": {
    "mean": 15.891358024691359,
    "std": 3.877509526989164,
    "p10": 11.0,
    "p90": 21.0,
    "n": 162
  },
  "9": {
    "mean": 16.613253012048194,
    "std": 3.9515327623544487,
    "p10": 12.0,
    "p90": 21.0,
    "n": 166
  },
  "10": {
    "mean": 17.048780487804876,
    "std": 3.7966806265130635,
    "p10": 12.0,
    "p90": 22.0,
    "n": 164
  },
  "11": {
    "mean": 16.353459119496854,
    "std": 3.8155043443559626,
    "p10": 11.0,
    "p90": 21.0,
    "n": 159
  },
  "12": {
    "mean": 14.431693989071038,
    "std": 3.492547933912713,
    "p10": 10.0,
    "p90": 19.0,
    "n": 183
  },
  "13": {
    "mean": 12.263157894736842,
    "std": 3.45403843483666,
    "p10": 8.0,
    "p90": 16.0,
    "n": 190
  },
  "14": {
    "mean": 9.563218390804598,
    "std": 2.8818794021343015,
    "p10": 6.0,
    "p90": 14.0,
    "n": 174
  },
  "15": {
    "mean": 8.32620320855615,
    "std": 4.396761763104187,
    "p10": 4.0,
    "p90": 13.0,
    "n": 187
  },
  "16": {
    "mean": 5.9664670658682635,
    "std": 4.034767737577709,
    "p10": 2.6000000000000014,
    "p90": 10.400000000000006,
    "n": 167
  },
  "17": {
    "mean": 4.311999999999999,
    "std": 3.291267442689877,
    "p10": 1.0,
    "p90": 8.0,
    "n": 175
  },
  "18": {
    "mean": 3.8569767441860465,
    "std": 3.8375504095262163,
    "p10": 1.0,
    "p90": 10.0,
    "n": 172
  },
  "19": {
    "mean": 3.2714285714285714,
    "std": 4.323181397469028,
    "p10": 0.0,
    "p90": 10.900000000000006,
    "n": 182
  },
  "20": {
    "mean": 2.887431693989071,
    "std": 4.21147118254507,
    "p10": 0.0,
    "p90": 10.0,
    "n": 183
  },
  "21": {
    "mean": 3.098876404494382,
    "std": 4.706300486276209,
    "p10": 0.0,
    "p90": 11.300000000000011,
    "n": 178
  },
  "22": {
    "mean": 3.6707317073170733,
    "std": 4.929079551822116,
    "p10": 0.0,
    "p90": 13.700000000000017,
    "n": 164
  },
  "23": {
    "mean": 4.689285714285714,
    "std": 5.221226089909382,
    "p10": 1.0,
    "p90": 15.0,
    "n": 168
  }
}