{
  "0": {
    "mean": 6.295138888888889,
    "std": 7.18478705429326,
    "p10": 0.0,
    "p90": 14.730000000000016,
    "n": 144
  },
  "1": {
    "mean": 7.289864864864866,
    "std": 7.189209032447623,
    "p10": 0.6299999999999999,
    "p90": 16.0,
    "n": 148
  },
  "2": {
    "mean": 8.697037037037036,
    "std": 7.29744323187914,
    "p10": 1.0,
    "p90": 18.0,
    "n": 135
  },
  "3": {
    "mean": 8.912121212121212,
    "std": 7.506994502360976,
    "p10": 0.9099999999999988,
    "p90": 18.0,
    "n": 132
  },
  "4": {
    "mean": 9.708148148148148,
    "std": 7.527541985010597,
    "p10": 2.0,
    "p90": 18.9,
    "n": 135
  },
  "5": {
    "mean": 10.661904761904763,
    "std": 7.895121097415613,
    "p10": 2.0,
    "p90": 20.45,
    "n": 126
  },
  "6": {
    "mean": 10.724264705882353,
    "std": 7.9995786585667705,
    "p10": 2.0,
    "p90": 20.5,
    "n": 136
  },
  "7": {
    "mean": 11.614503816793894,
    "std": 7.994508905275155,
    "p10": 3.0,
    "p90": 21.0,
    "n": 131
  },
  "8": {
    "mean": 13.086259541984733,
    "std": 7.8209458739265685,
    "p10": 3.0,
    "p90": 22.0,
    "n": 131
  },
  "9": {
    "mean": 13.364615384615385,
    "std": 7.720554078385881,
    "p10": 4.0,
    "p90": 22.0,
    "n": 130
  },
  "10": {
    "mean": 13.686065573770492,
    "std": 7.972549138403574,
    "p10": 3.0,
    "p90": 23.0,
    "n": 122
  },
  "11": {
    "mean": 12.96594202898551,
    "std": 8.013032235206236,
    "p10": 2.9399999999999995,
    "p90": 22.0,
    "n": 138
  },
  "12": {
    "mean": 13.56842105263158,
    "std": 7.634842067595713,
    "p10": 4.0,
    "p90": 23.0,
    "n": 133
  },
  "13": {
    "mean": 12.953956834532374,
    "std": 7.160360550664649,
    "p10": 4.0,
    "p90": 23.0,
    "n": 139
  },
  "14": {
    "mean": 12.328671328671328,
    "std": 6.1016001408268625,
    "p10": 4.799999999999999,
    "p90": 19.72,
    "n": 143
  },
  "15": {
    "mean": 10.131468531468533,
    "std": 5.477809518776896,
    "p10": 3.919999999999999,
    "p90": 17.0,
    "n": 143
  },
  "16": {
    "mean": 8.262676056338027,
    "std": 5.113750190895491,
    "p10": 3.0,
    "p90": 15.0,
    "n": 142
  },
  "17": {
    "mean": 6.410884353741497,
    "std": 4.476072294452414,
    "p10": 2.0,
    "p90": 12.0,
    "n": 147
  },
  "18": {
    "mean": 5.56595744680851,
    "std": 4.805842126103749,
    "p10": 1.0,
    "p90": 13.0,
    "n": 141
  },
  "19": {
    "mean": 4.3999999999999995,
    "std": 4.967542538644179,
    "p10": 0.0,
    "p90": 12.0,
    "n": 143
  },
  "20": {
    "mean": 4.1496688741721846,
    "std": 5.143693538981307,
    "p10": 0.0,
    "p90": 11.0,
    "n": 151
  },
  "21": {
    "mean": 4.397857142857142,
    "std": 6.112064586097309,
    "p10": 0.0,
    "p90": 12.090000000000007,
    "n": 140
  },
  "22": {
    "mean": 5.18029197080292,
    "std": 6.9280847813559285,
    "p10": 0.0,
    "p90": 13.460000000000006,
    "n": 137
  },
  "23": {
    "mean": 7.251798561151079,
    "std": 8.513930209445123,
    "p10": 0.0,
    "p90": 18.0,
    "n": 139
  }
}