{
  "0": {
    "mean": 6.6854054054054055,
    "std": 6.774516906647208,
    "p10": 0.0,
    "p90": 17.0,
    "n": 185
  },
  "1": {
    "mean": 7.7967914438502675,
    "std": 6.616311740514372,
    "p10": 1.0,
    "p90": 18.0,
    "n": 187
  },
  "2": {
    "mean": 9.419576719576721,
    "std": 6.768150367297461,
    "p10": 2.0,
    "p90": 18.200000000000017,
    "n": 189
  },
  "3": {
    "mean": 10.440999999999999,
    "std": 6.339991836147114,
    "p10": 3.900000000000002,
    "p90": 18.02,
    "n": 200
  },
  "4": {
    "mean": 11.19672131147541,
    "std": 6.707588794260945,
    "p10": 4.0,
    "p90": 21.0,
    "n": 183
  },
  "5": {
    "mean": 11.371578947368421,
    "std": 6.8468300803962565,
    "p10": 3.900000000000002,
    "p90": 21.0,
    "n": 190
  },
  "6": {
    "mean": 12.347252747252746,
    "std": 7.1686678707231435,
    "p10": 4.0,
    "p90": 21.900000000000006,
    "n": 182
  },
  "7": {
    "mean": 13.583240223463685,
    "std": 7.338604144541589,
    "p10": 5.0,
    "p90": 23.0,
    "n": 179
  },
  "8": {
    "mean": 13.92802197802198,
    "std": 7.376791696552162,
    "p10": 5.0,
    "p90": 23.0,
    "n": 182
  },
  "9": {
    "mean": 14.35028901734104,
    "std": 7.7731621194072575,
    "p10": 5.0,
    "p90": 24.0,
    "n": 173
  },
  "10": {
    "mean": 14.879096045197743,
    "std": 7.884814466949929,
    "p10": 5.0,
    "p90": 24.0,
    "n": 177
  },
  "11": {
    "mean": 14.991935483870968,
    "std": 7.783252256808362,
    "p10": 4.0,
    "p90": 24.5,
    "n": 186
  },
  "12": {
    "mean": 13.678282828282828,
    "std": 6.960766271547612,
    "p10": 4.0,
    "p90": 23.0,
    "n": 198
  },
  "13": {
    "mean": 12.054634146341462,
    "std": 5.783109321067391,
    "p10": 5.0,
    "p90": 19.599999999999994,
    "n": 205
  },
  "14": {
    "mean": 10.691625615763547,
    "std": 5.0613834857512625,
    "p10": 4.0,
    "p90": 16.80000000000001,
    "n": 203
  },
  "15": {
    "mean": 8.88298969072165,
    "std": 4.843078425135969,
    "p10": 3.0,
    "p90": 14.700000000000017,
    "n": 194
  },
  "16": {
    "mean": 7.336585365853659,
    "std": 4.528621186602562,
    "p10": 2.0,
    "p90": 13.0,
    "n": 205
  },
  "17": {
    "mean": 5.874226804123711,
    "std": 4.550710890215335,
    "p10": 2.0,
    "p90": 12.0,
    "n": 194
  },
  "18": {
    "mean": 5.063157894736842,
    "std": 5.25825232260348,
    "p10": 1.0,
    "p90": 12.099999999999994,
    "n": 190
  },
  "19": {
    "mean": 4.719704433497537,
    "std": 5.90672597920338,
    "p10": 1.0,
    "p90": 11.0,
    "n": 203
  },
  "20": {
    "mean": 3.771134020618556,
    "std": 5.015539763758412,
    "p10": 0.0,
    "p90": 10.0,
    "n": 194
  },
  "21": {
    "mean": 3.785164835164835,
    "std": 4.971826673358274,
    "p10": 0.0,
    "p90": 10.0,
    "n": 182
  },
  "22": {
    "mean": 3.727472527472528,
    "std": 4.688767957342806,
    "p10": 0.0,
    "p90": 9.0,
    "n": 182
  },
  "23": {
    "mean": 4.768156424581005,
    "std": 4.753785299319176,
    "p10": 0.8000000000000007,
    "p90": 10.0,
    "n": 179
  }
}