{
  "0": {
    "mean": 6.667549668874172,
    "std": 6.321260946666408,
    "p10": 0.0,
    "p90": 17.0,
    "n": 151
  },
  "1": {
    "mean": 9.818543046357615,
    "std": 6.963537453272916,
    "p10": 2.0,
    "p90": 19.0,
    "n": 151
  },
  "2": {
    "mean": 10.481690140845071,
    "std": 6.251928720483096,
    "p10": 3.0,
    "p90": 19.0,
    "n": 142
  },
  "3": {
    "mean": 11.709090909090909,
    "std": 6.1626648375624,
    "p10": 4.0,
    "p90": 20.599999999999994,
    "n": 143
  },
  "4": {
    "mean": 13.119718309859154,
    "std": 5.989923446823949,
    "p10": 5.100000000000001,
    "p90": 21.80000000000001,
    "n": 142
  },
  "5": {
    "mean": 13.732394366197184,
    "std": 6.380283784966432,
    "p10": 5.0,
    "p90": 22.0,
    "n": 142
  },
  "6": {
    "mean": 14.607142857142858,
    "std": 6.644883820401923,
    "p10": 6.0,
    "p90": 23.0,
    "n": 140
  },
  "7": {
    "mean": 15.73103448275862,
    "std": 6.717778208701347,
    "p10": 6.0,
    "p90": 25.0,
    "n": 145
  },
  "8": {
    "mean": 16.70340136054422,
    "std": 7.067322204769324,
    "p10": 6.0,
    "p90": 25.0,
    "n": 147
  },
  "9": {
    "mean": 18.28235294117647,
    "std": 6.943218192387618,
    "p10": 7.5,
    "p90": 26.5,
    "n": 136
  },
  "10": {
    "mean": 18.944444444444443,
    "std": 6.873255941811511,
    "p10": 9.0,
    "p90": 27.0,
    "n": 144
  },
  "11": {
    "mean": 18.28993288590604,
    "std": 6.802361920551421,
    "p10": 8.0,
    "p90": 26.160000000000014,
    "n": 149
  },
  "12": {
    "mean": 16.244594594594595,
    "std": 5.932124968107928,
    "p10": 7.700000000000001,
    "p90": 23.30000000000001,
    "n": 148
  },
  "13": {
    "mean": 14.478431372549018,
    "std": 4.972409947009049,
    "p10": 8.0,
    "p90": 19.80000000000001,
    "n": 153
  },
  "14": {
    "mean": 11.959493670886076,
    "std": 5.287107718048938,
    "p10": 6.0,
    "p90": 17.30000000000001,
    "n": 158
  },
  "15": {
    "mean": 9.460992907801419,
    "std": 4.45055009520726,
    "p10": 5.0,
    "p90": 15.0,
    "n": 141
  },
  "16": {
    "mean": 7.301369863013699,
    "std": 3.8441533985928666,
    "p10": 3.0,
    "p90": 12.5,
    "n": 146
  },
  "17": {
    "mean": 5.8929577464788725,
    "std": 3.9721485671279613,
    "p10": 2.0,
    "p90": 12.720000000000002,
    "n": 142
  },
  "18": {
    "mean": 4.374100719424461,
    "std": 4.045526033574967,
    "p10": 1.0,
    "p90": 9.200000000000003,
    "n": 139
  },
  "19": {
    "mean": 3.779166666666667,
    "std": 3.7129686725902187,
    "p10": 1.0,
    "p90": 10.0,
    "n": 144
  },
  "20": {
    "mean": 2.536764705882353,
    "std": 3.4873487504391547,
    "p10": 0.0,
    "p90": 8.0,
    "n": 136
  },
  "21": {
    "mean": 2.986206896551724,
    "std": 3.657158518456472,
    "p10": 0.0,
    "p90": 9.0,
    "n": 145
  },
  "22": {
    "mean": 3.5645390070921987,
    "std": 4.226466520659225,
    "p10": 0.0,
    "p90": 10.600000000000001,
    "n": 141
  },
  "23": {
    "mean": 4.195804195804196,
    "std": 4.1439906283180585,
    "p10": 1.0,
    "p90": 10.0,
    "n": 143
  }
}