{
  "0": {
    "mean": 6.59375,
    "std": 3.7083907493258494,
    "p10": 1.9000000000000004,
    "p90": 11.0,
    "n": 160
  },
  "1": {
    "mean": 8.059428571428572,
    "std": 3.9856221069788793,
    "p10": 2.0,
    "p90": 13.599999999999994,
    "n": 175
  },
  "2": {
    "mean": 8.872727272727273,
    "std": 4.255790368776542,
    "p10": 3.0,
    "p90": 14.599999999999994,
    "n": 165
  },
  "3": {
    "mean": 9.384146341463415,
    "std": 4.438260022523754,
    "p10": 3.0,
    "p90": 15.0,
    "n": 164
  },
  "4": {
    "mean": 9.963636363636363,
    "std": 4.466529876229979,
    "p10": 4.0,
    "p90": 16.0,
    "n": 165
  },
  "5": {
    "mean": 10.435151515151516,
    "std": 4.6085790368722455,
    "p10": 5.0,
    "p90": 17.0,
    "n": 165
  },
  "6": {
    "mean": 10.879329608938548,
    "std": 4.67363722825268,
    "p10": 5.0,
    "p90": 17.200000000000017,
    "n": 179
  },
  "7": {
    "mean": 11.287570621468927,
    "std": 4.913671012042481,
    "p10": 5.600000000000001,
    "p90": 18.400000000000006,
    "n": 177
  },
  "8": {
    "mean": 12.029411764705882,
    "std": 4.972619076536441,
    "p10": 6.0,
    "p90": 19.0,
    "n": 170
  },
  "9": {
    "mean": 12.201129943502824,
    "std": 4.984863323335646,
    "p10": 6.0,
    "p90": 19.0,
    "n": 177
  },
  "10": {
    "mean": 12.408235294117647,
    "std": 4.826178901009139,
    "p10": 6.0,
    "p90": 19.099999999999994,
    "n": 170
  },
  "11": {
    "mean": 11.927835051546392,
    "std": 4.805151429747711,
    "p10": 6.0,
    "p90": 18.700000000000017,
    "n": 194
  },
  "12": {
    "mean": 10.38162162162162,
    "std": 3.745821957683039,
    "p10": 5.0,
    "p90": 15.0,
    "n": 185
  },
  "13": {
    "mean": 8.547150259067356,
    "std": 3.490986110568135,
    "p10": 5.0,
    "p90": 13.0,
    "n": 193
  },
  "14": {
    "mean": 6.478918918918918,
    "std": 3.542112934718931,
    "p10": 3.0,
    "p90": 11.0,
    "n": 185
  },
  "15": {
    "mean": 5.494791666666667,
    "std": 3.686791757642867,
    "p10": 2.0,
    "p90": 11.0,
    "n": 192
  },
  "16": {
    "mean": 4.225842696629214,
    "std": 3.3595812252443245,
    "p10": 1.0,
    "p90": 9.0,
    "n": 178
  },
  "17": {
    "mean": 3.040909090909091,
    "std": 3.0916897409904256,
    "p10": 0.0,
    "p90": 7.5,
    "n": 176
  },
  "18": {
    "mean": 2.819883040935673,
    "std": 3.3897183621173297,
    "p10": 0.0,
    "p90": 9.0,
    "n": 171
  },
  "19": {
    "mean": 2.1879518072289157,
    "std": 3.1657024722986717,
    "p10": 0.0,
    "p90": 8.0,
    "n": 166
  },
  "20": {
    "mean": 2.3789473684210525,
    "std": 3.5649306655466417,
    "p10": 0.0,
    "p90": 8.0,
    "n": 171
  },
  "21": {
    "mean": 2.158709677419355,
    "std": 2.659039644448705,
    "p10": 0.0,
    "p90": 5.599999999999994,
    "n": 155
  },
  "22": {
    "mean": 3.124223602484472,
    "std": 2.814422152003753,
    "p10": 1.0,
    "p90": 6.0,
    "n": 161
  },
  "23": {
    "mean": 4.869090909090909,
    "std": 2.7159559737671066,
    "p10": 2.0,
    "p90": 8.0,
    "n": 165
  }
}