{
  "0": {
    "mean": 8.163694267515924,
    "std": 5.561499438864717,
    "p10": 0.0,
    "p90": 15.0,
    "n": 157
  },
  "1": {
    "mean": 9.11794871794872,
    "std": 5.758578309981718,
    "p10": 1.0,
    "p90": 16.0,
    "n": 156
  },
  "2": {
    "mean": 9.555681818181819,
    "std": 5.886980462090812,
    "p10": 1.1000000000000014,
    "p90": 17.0,
    "n": 176
  },
  "3": {
    "mean": 10.47979274611399,
    "std": 5.657743215289597,
    "p10": 3.0,
    "p90": 17.0,
    "n": 193
  },
  "4": {
    "mean": 11.083615819209038,
    "std": 5.817549119745997,
    "p10": 3.0,
    "p90": 19.0,
    "n": 177
  },
  "5": {
    "mean": 11.901142857142856,
    "std": 5.727419315861587,
    "p10": 5.0,
    "p90": 19.0,
    "n": 175
  },
  "6": {
    "mean": 12.258192090395479,
    "std": 5.737759016469189,
    "p10": 5.600000000000001,
    "p90": 20.0,
    "n": 177
  },
  "7": {
    "mean": 12.90655737704918,
    "std": 5.937380250335528,
    "p10": 6.0,
    "p90": 21.0,
    "n": 183
  },
  "8": {
    "mean": 13.604123711340206,
    "std": 6.293798535490441,
    "p10": 7.0,
    "p90": 22.0,
    "n": 194
  },
  "9": {
    "mean": 14.152173913043478,
    "std": 5.99014633976289,
    "p10": 7.0,
    "p90": 22.0,
    "n": 184
  },
  "10": {
    "mean": 14.323863636363637,
    "std": 6.247166110772502,
    "p10": 7.0,
    "p90": 23.0,
    "n": 176
  },
  "11": {
    "mean": 14.656043956043954,
    "std": 6.416255405960802,
    "p10": 7.0,
    "p90": 24.0,
    "n": 182
  },
  "12": {
    "mean": 14.298000000000002,
    "std": 6.419912177110302,
    "p10": 6.900000000000002,
    "p90": 24.0,
    "n": 200
  },
  "13": {
    "mean": 12.798557692307693,
    "std": 4.982854451959151,
    "p10": 7.0,
    "p90": 20.0,
    "n": 208
  },
  "14": {
    "mean": 11.088235294117647,
    "std": 4.330651303538173,
    "p10": 6.0,
    "p90": 16.0,
    "n": 204
  },
  "15": {
    "mean": 8.609625668449198,
    "std": 4.279007694357403,
    "p10": 4.359999999999998,
    "p90": 13.0,
    "n": 187
  },
  "16": {
    "mean": 6.747305389221558,
    "std": 4.847615416413793,
    "p10": 3.0,
    "p90": 12.0,
    "n": 167
  },
  "17": {
    "mean": 4.794478527607362,
    "std": 4.724865293445176,
    "p10": 1.0,
    "p90": 10.0,
    "n": 163
  },
  "18": {
    "mean": 3.3058823529411763,
    "std": 4.659490612410579,
    "p10": 0.0,
    "p90": 7.0,
    "n": 170
  },
  "19": {
    "mean": 2.5768750000000002,
    "std": 4.194698988833197,
    "p10": 0.0,
    "p90": 6.0,
    "n": 160
  },
  "20": {
    "mean": 2.7698113207547173,
    "std": 4.478991109232066,
    "p10": 0.0,
    "p90": 10.0,
    "n": 159
  },
  "21": {
    "mean": 3.2566265060240966,
    "std": 4.794130066656553,
    "p10": 0.0,
    "p90": 12.0,
    "n": 166
  },
  "22": {
    "mean": 4.287654320987654,
    "std": 5.366606726371911,
    "p10": 0.0,
    "p90": 11.0,
    "n": 162
  },
  "23": {
    "mean": 6.428220858895705,
    "std": 5.086165078935158,
    "p10": 2.0,
    "p90": 11.0,
    "n": 163
  }
}