{
  "0": {
    "mean": 7.6544444444444455,
    "std": 5.182171006217229,
    "p10": 0.0,
    "p90": 15.0,
    "n": 180
  },
  "1": {
    "mean": 8.388235294117647,
    "std": 5.261022283855179,
    "p10": 1.0,
    "p90": 16.0,
    "n": 187
  },
  "2": {
    "mean": 9.313227513227513,
    "std": 5.452433055973944,
    "p10": 2.0,
    "p90": 17.0,
    "n": 189
  },
  "3": {
    "mean": 10.041489361702128,
    "std": 5.3340378014470335,
    "p10": 3.6999999999999993,
    "p90": 17.0,
    "n": 188
  },
  "4": {
    "mean": 10.955801104972375,
    "std": 5.284130543870529,
    "p10": 4.0,
    "p90": 17.0,
    "n": 181
  },
  "5": {
    "mean": 11.80655737704918,
    "std": 5.398571306295984,
    "p10": 5.0,
    "p90": 18.80000000000001,
    "n": 183
  },
  "6": {
    "mean": 12.521348314606742,
    "std": 5.415409524557626,
    "p10": 5.699999999999999,
    "p90": 20.0,
    "n": 178
  },
  "7": {
    "mean": 12.84020618556701,
    "std": 5.4783825719764785,
    "p10": 6.0,
    "p90": 21.0,
    "n": 194
  },
  "8": {
    "mean": 13.684126984126985,
    "std": 5.565926153052705,
    "p10": 7.0,
    "p90": 21.200000000000017,
    "n": 189
  },
  "9": {
    "mean": 13.792417061611374,
    "std": 5.699919743502904,
    "p10": 7.0,
    "p90": 22.0,
    "n": 211
  },
  "10": {
    "mean": 14.14949494949495,
    "std": 5.8109536639647965,
    "p10": 7.0,
    "p90": 23.0,
    "n": 198
  },
  "11": {
    "mean": 14.291666666666666,
    "std": 6.183133055373606,
    "p10": 6.0,
    "p90": 22.900000000000006,
    "n": 192
  },
  "12": {
    "mean": 13.170535714285714,
    "std": 5.451591093583009,
    "p10": 6.0,
    "p90": 20.0,
    "n": 224
  },
  "13": {
    "mean": 10.91,
    "std": 4.459116346650401,
    "p10": 5.0,
    "p90": 17.0,
    "n": 200
  },
  "14": {
    "mean": 9.106280193236715,
    "std": 4.218625964447045,
    "p10": 5.0,
    "p90": 14.0,
    "n": 207
  },
  "15": {
    "mean": 7.2010000000000005,
    "std": 4.160136135190359,
    "p10": 3.0,
    "p90": 12.099999999999994,
    "n": 200
  },
  "16": {
    "mean": 5.147668393782383,
    "std": 4.242715233919343,
    "p10": 1.0,
    "p90": 10.0,
    "n": 193
  },
  "17": {
    "mean": 3.9318918918918917,
    "std": 3.58546419121848,
    "p10": 1.0,
    "p90": 8.0,
    "n": 185
  },
  "18": {
    "mean": 2.9681318681318682,
    "std": 3.456833383790457,
    "p10": 0.0,
    "p90": 7.0,
    "n": 182
  },
  "19": {
    "mean": 2.580681818181818,
    "std": 3.6532367786716193,
    "p10": 0.0,
    "p90": 8.0,
    "n": 176
  },
  "20": {
    "mean": 2.1666666666666665,
    "std": 3.3313367273839996,
    "p10": 0.0,
    "p90": 6.0,
    "n": 168
  },
  "21": {
    "mean": 2.5047058823529413,
    "std": 3.542820254651647,
    "p10": 0.0,
    "p90": 8.0,
    "n": 170
  },
  "22": {
    "mean": 3.435227272727273,
    "std": 3.3757298393165174,
    "p10": 0.0,
    "p90": 7.0,
    "n": 176
  },
  "23": {
    "mean": 5.0456521739130435,
    "std": 3.3082249889947706,
    "p10": 2.0,
    "p90": 8.0,
    "n": 184
  }
}