{
  "0": {
    "mean": 7.743373493975904,
    "std": 3.974271582462874,
    "p10": 3.5,
    "p90": 13.0,
    "n": 166
  },
  "1": {
    "mean": 9.013924050632912,
    "std": 3.453798211153475,
    "p10": 5.0,
    "p90": 14.300000000000011,
    "n": 158
  },
  "2": {
    "mean": 9.767295597484276,
    "std": 3.1935753713628605,
    "p10": 6.0,
    "p90": 14.0,
    "n": 159
  },
  "3": {
    "mean": 10.192356687898089,
    "std": 3.109776589412937,
    "p10": 6.0,
    "p90": 14.0,
    "n": 157
  },
  "4": {
    "mean": 10.81437908496732,
    "std": 3.018199583157186,
    "p10": 7.0,
    "p90": 15.0,
    "n": 153
  },
  "5": {
    "mean": 11.279470198675497,
    "std": 3.286585216315858,
    "p10": 7.0,
    "p90": 16.0,
    "n": 151
  },
  "6": {
    "mean": 11.704697986577182,
    "std": 3.409730423886468,
    "p10": 8.0,
    "p90": 16.0,
    "n": 149
  },
  "7": {
    "mean": 12.160264900662252,
    "std": 3.4309197886319764,
    "p10": 8.0,
    "p90": 17.0,
    "n": 151
  },
  "8": {
    "mean": 12.411464968152867,
    "std": 3.473359567661389,
    "p10": 8.0,
    "p90": 17.0,
    "n": 157
  },
  "9": {
    "mean": 12.437735849056603,
    "std": 3.5830239552590064,
    "p10": 8.0,
    "p90": 17.0,
    "n": 159
  },
  "10": {
    "mean": 12.560759493670886,
    "std": 3.5906076245898526,
    "p10": 8.0,
    "p90": 17.0,
    "n": 158
  },
  "11": {
    "mean": 11.32857142857143,
    "std": 3.181555053388466,
    "p10": 7.0,
    "p90": 16.0,
    "n": 168
  },
  "12": {
    "mean": 9.036363636363637,
    "std": 2.7972349350021455,
    "p10": 5.0,
    "p90": 12.599999999999994,
    "n": 165
  },
  "13": {
    "mean": 6.839285714285714,
    "std": 2.587418562212562,
    "p10": 4.0,
    "p90": 10.0,
    "n": 168
  },
  "14": {
    "mean": 5.508888888888889,
    "std": 2.5902543799689797,
    "p10": 2.0,
    "p90": 8.0,
    "n": 180
  },
  "15": {
    "mean": 4.6553191489361705,
    "std": 2.681511945658935,
    "p10": 1.0,
    "p90": 8.0,
    "n": 188
  },
  "16": {
    "mean": 4.12538860103627,
    "std": 3.5677122658286757,
    "p10": 1.0,
    "p90": 9.0,
    "n": 193
  },
  "17": {
    "mean": 3.7408163265306125,
    "std": 3.741515851717744,
    "p10": 0.0,
    "p90": 9.5,
    "n": 196
  },
  "18": {
    "mean": 3.5084905660377355,
    "std": 3.7942989892489756,
    "p10": 0.0,
    "p90": 9.0,
    "n": 212
  },
  "19": {
    "mean": 2.9116751269035532,
    "std": 3.7173772485725354,
    "p10": 0.0,
    "p90": 8.080000000000002,
    "n": 197
  },
  "20": {
    "mean": 3.564893617021277,
    "std": 4.2785175964166315,
    "p10": 0.0,
    "p90": 11.0,
    "n": 188
  },
  "21": {
    "mean": 4.101587301587302,
    "std": 4.602664309252598,
    "p10": 0.0,
    "p90": 12.0,
    "n": 189
  },
  "22": {
    "mean": 5.229946524064171,
    "std": 4.723854073630232,
    "p10": 1.0,
    "p90": 12.0,
    "n": 187
  },
  "23": {
    "mean": 6.531073446327683,
    "std": 4.682850176226448,
    "p10": 2.0,
    "p90": 14.0,
    "n": 177
  }
}