{
  "0": {
    "mean": 7.781443298969072,
    "std": 6.2566910073978645,
    "p10": 0.0,
    "p90": 17.0,
    "n": 194
  },
  "1": {
    "mean": 8.965217391304348,
    "std": 6.165024471033272,
    "p10": 1.0,
    "p90": 18.0,
    "n": 184
  },
  "2": {
    "mean": 9.53193717277487,
    "std": 6.0304294964638645,
    "p10": 2.0,
    "p90": 18.0,
    "n": 191
  },
  "3": {
    "mean": 9.483333333333333,
    "std": 6.491601368296817,
    "p10": 1.6200000000000006,
    "p90": 19.0,
    "n": 198
  },
  "4": {
    "mean": 9.850261780104713,
    "std": 6.685190816042572,
    "p10": 2.0,
    "p90": 20.0,
    "n": 191
  },
  "5": {
    "mean": 10.2935960591133,
    "std": 6.498233451826722,
    "p10": 3.0,
    "p90": 19.80000000000001,
    "n": 203
  },
  "6": {
    "mean": 11.178947368421053,
    "std": 6.528276221216108,
    "p10": 3.0,
    "p90": 20.0,
    "n": 190
  },
  "7": {
    "mean": 11.97122641509434,
    "std": 5.92073810609835,
    "p10": 4.460000000000006,
    "p90": 20.0,
    "n": 212
  },
  "8": {
    "mean": 12.862827225130891,
    "std": 5.859605731885859,
    "p10": 6.0,
    "p90": 21.0,
    "n": 191
  },
  "9": {
    "mean": 13.130964467005077,
    "std": 6.085052410667282,
    "p10": 6.0,
    "p90": 21.0,
    "n": 197
  },
  "10": {
    "mean": 12.844329896907217,
    "std": 6.238464489434953,
    "p10": 6.0,
    "p90": 21.0,
    "n": 194
  },
  "11": {
    "mean": 13.49468085106383,
    "std": 6.472465201138761,
    "p10": 6.0,
    "p90": 22.30000000000001,
    "n": 188
  },
  "12": {
    "mean": 13.243229166666667,
    "std": 6.225690397980039,
    "p10": 6.0,
    "p90": 21.0,
    "n": 192
  },
  "13": {
    "mean": 11.611320754716983,
    "std": 5.4023572308931325,
    "p10": 6.0,
    "p90": 19.0,
    "n": 212
  },
  "14": {
    "mean": 10.266350710900474,
    "std": 4.900044261241978,
    "p10": 4.600000000000001,
    "p90": 16.0,
    "n": 211
  },
  "15": {
    "mean": 8.50103092783505,
    "std": 5.580768139328605,
    "p10": 3.0,
    "p90": 13.700000000000017,
    "n": 194
  },
  "16": {
    "mean": 7.1330049261083746,
    "std": 5.859699949654045,
    "p10": 2.0,
    "p90": 14.0,
    "n": 203
  },
  "17": {
    "mean": 5.586868686868687,
    "std": 5.169063508632231,
    "p10": 1.0,
    "p90": 12.300000000000011,
    "n": 198
  },
  "18": {
    "mean": 5.026701570680628,
    "std": 5.547248640916991,
    "p10": 1.0,
    "p90": 12.0,
    "n": 191
  },
  "19": {
    "mean": 3.6679802955665024,
    "std": 4.991072163988864,
    "p10": 0.0,
    "p90": 9.0,
    "n": 203
  },
  "20": {
    "mean": 3.6010526315789475,
    "std": 5.391566896097909,
    "p10": 0.0,
    "p90": 10.400000000000006,
    "n": 190
  },
  "21": {
    "mean": 4.050746268656717,
    "std": 5.454467154571425,
    "p10": 0.0,
    "p90": 10.0,
    "n": 201
  },
  "22": {
    "mean": 5.038860103626943,
    "std": 5.57486852854266,
    "p10": 0.8399999999999983,
    "p90": 11.160000000000004,
    "n": 193
  },
  "23": {
    "mean": 6.910869565217391,
    "std": 6.139034945282242,
    "p10": 1.3000000000000007,
    "p90": 12.700000000000017,
    "n": 184
  }
}