{
  "0": {
    "mean": 7.02125,
    "std": 3.3278392615845203,
    "p10": 2.0,
    "p90": 11.0,
    "n": 160
  },
  "1": {
    "mean": 8.028930817610062,
    "std": 3.680041034305304,
    "p10": 3.0,
    "p90": 12.0,
    "n": 159
  },
  "2": {
    "mean": 8.760509554140128,
    "std": 3.895917619465862,
    "p10": 3.0,
    "p90": 13.0,
    "n": 157
  },
  "3": {
    "mean": 9.352500000000001,
    "std": 4.156104096129164,
    "p10": 3.0,
    "p90": 14.0,
    "n": 160
  },
  "4": {
    "mean": 10.256953642384106,
    "std": 3.9603621035417937,
    "p10": 5.0,
    "p90": 15.0,
    "n": 151
  },
  "5": {
    "mean": 10.96510067114094,
    "std": 4.164569446200806,
    "p10": 6.0,
    "p90": 16.0,
    "n": 149
  },
  "6": {
    "mean": 11.422818791946309,
    "std": 4.645982292280614,
    "p10": 4.800000000000001,
    "p90": 17.0,
    "n": 149
  },
  "7": {
    "mean": 11.77452229299363,
    "std": 4.6281594123338285,
    "p10": 4.600000000000001,
    "p90": 17.0,
    "n": 157
  },
  "8": {
    "mean": 12.061538461538461,
    "std": 4.585734704401937,
    "p10": 6.0,
    "p90": 18.0,
    "n": 156
  },
  "9": {
    "mean": 12.156962025316455,
    "std": 4.726148525374447,
    "p10": 4.700000000000001,
    "p90": 18.0,
    "n": 158
  },
  "10": {
    "mean": 12.323270440251571,
    "std": 4.5171290726866085,
    "p10": 6.0,
    "p90": 18.0,
    "n": 159
  },
  "11": {
    "mean": 12.375,
    "std": 4.508024486203676,
    "p10": 5.100000000000001,
    "p90": 18.0,
    "n": 152
  },
  "12": {
    "mean": 10.501265822784811,
    "std": 3.4494897128715496,
    "p10": 6.0,
    "p90": 15.0,
    "n": 158
  },
  "13": {
    "mean": 7.578048780487805,
    "std": 2.679438838339739,
    "p10": 4.0,
    "p90": 11.0,
    "n": 164
  },
  "14": {
    "mean": 5.885714285714286,
    "std": 2.415178691007208,
    "p10": 3.0,
    "p90": 9.0,
    "n": 168
  },
  "15": {
    "mean": 4.7708108108108105,
    "std": 2.1286380346341627,
    "p10": 2.0,
    "p90": 7.359999999999993,
    "n": 185
  },
  "16": {
    "mean": 4.018367346938776,
    "std": 2.3605452190184533,
    "p10": 1.0,
    "p90": 7.5,
    "n": 196
  },
  "17": {
    "mean": 2.7804597701149425,
    "std": 2.140354845004458,
    "p10": 0.0,
    "p90": 5.700000000000017,
    "n": 174
  },
  "18": {
    "mean": 2.3630057803468207,
    "std": 2.4164206147059133,
    "p10": 0.0,
    "p90": 5.320000000000009,
    "n": 173
  },
  "19": {
    "mean": 2.046327683615819,
    "std": 2.459836599564861,
    "p10": 0.0,
    "p90": 5.0,
    "n": 177
  },
  "20": {
    "mean": 1.8852071005917161,
    "std": 2.836888194743156,
    "p10": 0.0,
    "p90": 6.0,
    "n": 169
  },
  "21": {
    "mean": 2.382758620689655,
    "std": 2.8128403720688255,
    "p10": 0.0,
    "p90": 6.700000000000017,
    "n": 174
  },
  "22": {
    "mean": 3.7771084337349397,
    "std": 3.2342419954512596,
    "p10": 1.0,
    "p90": 7.5,
    "n": 166
  },
  "23": {
    "mean": 5.718072289156627,
    "std": 3.0690693319701285,
    "p10": 3.0,
    "p90": 9.5,
    "n": 166
  }
}