{
  "0": {
    "mean": 7.8698224852071,
    "std": 3.4560644548271933,
    "p10": 4.0,
    "p90": 12.200000000000017,
    "n": 169
  },
  "1": {
    "mean": 8.765116279069767,
    "std": 3.4504603453144105,
    "p10": 5.0,
    "p90": 13.0,
    "n": 172
  },
  "2": {
    "mean": 9.686624203821657,
    "std": 3.533522531365384,
    "p10": 5.120000000000002,
    "p90": 14.0,
    "n": 157
  },
  "3": {
    "mean": 10.402614379084966,
    "std": 3.7729638585533496,
    "p10": 6.0,
    "p90": 15.0,
    "n": 153
  },
  "4": {
    "mean": 10.86086956521739,
    "std": 3.8136625098624597,
    "p10": 6.0,
    "p90": 16.0,
    "n": 161
  },
  "5": {
    "mean": 11.438157894736841,
    "std": 3.818722337743991,
    "p10": 7.0,
    "p90": 16.0,
    "n": 152
  },
  "6": {
    "mean": 11.691025641025641,
    "std": 3.9064111372885266,
    "p10": 7.0,
    "p90": 17.0,
    "n": 156
  },
  "7": {
    "mean": 12.226143790849672,
    "std": 4.183406620551292,
    "p10": 7.0,
    "p90": 17.0,
    "n": 153
  },
  "8": {
    "mean": 12.612820512820512,
    "std": 4.295214410491358,
    "p10": 8.0,
    "p90": 18.0,
    "n": 156
  },
  "9": {
    "mean": 12.644303797468353,
    "std": 4.1578793846362245,
    "p10": 7.700000000000001,
    "p90": 18.0,
    "n": 158
  },
  "10": {
    "mean": 12.5475,
    "std": 4.161366944018188,
    "p10": 7.0,
    "p90": 18.0,
    "n": 160
  },
  "11": {
    "mean": 12.596178343949044,
    "std": 4.029027453914877,
    "p10": 8.0,
    "p90": 17.0,
    "n": 157
  },
  "12": {
    "mean": 9.603797468354431,
    "std": 3.4023949241477185,
    "p10": 5.0,
    "p90": 14.0,
    "n": 158
  },
  "13": {
    "mean": 7.63448275862069,
    "std": 2.854013605705258,
    "p10": 4.0,
    "p90": 11.0,
    "n": 174
  },
  "14": {
    "mean": 5.803296703296703,
    "std": 2.618968231300957,
    "p10": 2.0,
    "p90": 9.0,
    "n": 182
  },
  "15": {
    "mean": 4.575401069518716,
    "std": 2.5421255657504136,
    "p10": 1.0,
    "p90": 8.0,
    "n": 187
  },
  "16": {
    "mean": 4.029946524064171,
    "std": 2.6313170783882036,
    "p10": 1.0,
    "p90": 8.0,
    "n": 187
  },
  "17": {
    "mean": 3.5796954314720812,
    "std": 2.5970143588810046,
    "p10": 1.0,
    "p90": 7.0,
    "n": 197
  },
  "18": {
    "mean": 3.503738317757009,
    "std": 3.4414601452291866,
    "p10": 0.0,
    "p90": 9.0,
    "n": 214
  },
  "19": {
    "mean": 3.5867924528301884,
    "std": 4.1959826300405,
    "p10": 0.0,
    "p90": 10.599999999999994,
    "n": 212
  },
  "20": {
    "mean": 3.588405797101449,
    "std": 4.027558087130333,
    "p10": 0.0,
    "p90": 10.0,
    "n": 207
  },
  "21": {
    "mean": 2.924022346368715,
    "std": 3.220864828999944,
    "p10": 0.0,
    "p90": 9.0,
    "n": 179
  },
  "22": {
    "mean": 4.650261780104712,
    "std": 3.9031414385088885,
    "p10": 1.0,
    "p90": 10.0,
    "n": 191
  },
  "23": {
    "mean": 6.6207650273224035,
    "std": 4.216738683604088,
    "p10": 2.0,
    "p90": 11.640000000000008,
    "n": 183
  }
}