{
  "0": {
    "mean": 7.601282051282051,
    "std": 4.2533021278650756,
    "p10": 1.0,
    "p90": 13.0,
    "n": 156
  },
  "1": {
    "mean": 8.727272727272727,
    "std": 4.5375884402662905,
    "p10": 2.0,
    "p90": 14.0,
    "n": 154
  },
  "2": {
    "mean": 9.453246753246752,
    "std": 4.621633822969626,
    "p10": 2.0,
    "p90": 15.0,
    "n": 154
  },
  "3": {
    "mean": 9.926797385620915,
    "std": 4.911466263753943,
    "p10": 3.0,
    "p90": 16.80000000000001,
    "n": 153
  },
  "4": {
    "mean": 10.793589743589743,
    "std": 4.7544841921947345,
    "p10": 5.0,
    "p90": 17.0,
    "n": 156
  },
  "5": {
    "mean": 11.458441558441558,
    "std": 5.258242223488382,
    "p10": 5.0,
    "p90": 19.0,
    "n": 154
  },
  "6": {
    "mean": 12.405063291139241,
    "std": 5.248084848966903,
    "p10": 7.0,
    "p90": 20.0,
    "n": 158
  },
  "7": {
    "mean": 12.665432098765434,
    "std": 5.422237637014372,
    "p10": 7.0,
    "p90": 21.0,
    "n": 162
  },
  "8": {
    "mean": 13.172500000000003,
    "std": 5.191356507690171,
    "p10": 8.0,
    "p90": 21.0,
    "n": 160
  },
  "9": {
    "mean": 13.414371257485032,
    "std": 5.320366363971539,
    "p10": 8.0,
    "p90": 21.400000000000006,
    "n": 167
  },
  "10": {
    "mean": 13.558282208588958,
    "std": 5.077106884331709,
    "p10": 8.0,
    "p90": 21.0,
    "n": 163
  },
  "11": {
    "mean": 14.05680473372781,
    "std": 5.153786561352483,
    "p10": 8.0,
    "p90": 21.0,
    "n": 169
  },
  "12": {
    "mean": 12.283615819209038,
    "std": 4.39211747821886,
    "p10": 7.0,
    "p90": 18.400000000000006,
    "n": 177
  },
  "13": {
    "mean": 9.257668711656441,
    "std": 3.277436812878328,
    "p10": 6.0,
    "p90": 12.0,
    "n": 163
  },
  "14": {
    "mean": 6.984049079754602,
    "std": 2.7717251030647008,
    "p10": 4.0,
    "p90": 10.0,
    "n": 163
  },
  "15": {
    "mean": 5.00919540229885,
    "std": 2.4063323101830214,
    "p10": 2.0,
    "p90": 8.0,
    "n": 174
  },
  "16": {
    "mean": 3.6775757575757573,
    "std": 2.3857900341844,
    "p10": 1.0,
    "p90": 7.0,
    "n": 165
  },
  "17": {
    "mean": 2.7095238095238097,
    "std": 2.0939387318169946,
    "p10": 0.0,
    "p90": 5.120000000000006,
    "n": 168
  },
  "18": {
    "mean": 2.0323353293413176,
    "std": 2.213792185071594,
    "p10": 0.0,
    "p90": 5.0,
    "n": 167
  },
  "19": {
    "mean": 1.7260115606936417,
    "std": 2.5257890178429916,
    "p10": 0.0,
    "p90": 5.0,
    "n": 173
  },
  "20": {
    "mean": 1.3631901840490797,
    "std": 2.0531504564790395,
    "p10": 0.0,
    "p90": 4.0,
    "n": 163
  },
  "21": {
    "mean": 2.1679012345679016,
    "std": 2.3335429923224256,
    "p10": 0.0,
    "p90": 5.0,
    "n": 162
  },
  "22": {
    "mean": 4.057668711656443,
    "std": 2.4430019912142362,
    "p10": 2.0,
    "p90": 7.0,
    "n": 163
  },
  "23": {
    "mean": 6.730952380952381,
    "std": 2.547840517596828,
    "p10": 4.0,
    "p90": 10.300000000000011,
    "n": 168
  }
}