{
  "0": {
    "mean": 7.877837837837839,
    "std": 3.574972738673146,
    "p10": 3.0,
    "p90": 13.0,
    "n": 185
  },
  "1": {
    "mean": 8.711801242236024,
    "std": 2.890055771131146,
    "p10": 5.0,
    "p90": 12.0,
    "n": 161
  },
  "2": {
    "mean": 9.709302325581396,
    "std": 2.814940420130317,
    "p10": 6.0,
    "p90": 13.0,
    "n": 172
  },
  "3": {
    "mean": 10.242944785276073,
    "std": 2.7983012775865275,
    "p10": 7.0,
    "p90": 13.0,
    "n": 163
  },
  "4": {
    "mean": 10.806369426751592,
    "std": 2.7304944966035665,
    "p10": 7.0,
    "p90": 14.0,
    "n": 157
  },
  "5": {
    "mean": 11.364238410596027,
    "std": 2.9313101592032393,
    "p10": 7.400000000000006,
    "p90": 15.0,
    "n": 151
  },
  "6": {
    "mean": 11.584415584415584,
    "std": 2.9652922542235443,
    "p10": 8.0,
    "p90": 15.700000000000017,
    "n": 154
  },
  "7": {
    "mean": 12.055844155844156,
    "std": 3.041628111772558,
    "p10": 8.3,
    "p90": 16.0,
    "n": 154
  },
  "8": {
    "mean": 12.305128205128204,
    "std": 3.0636641539133365,
    "p10": 9.0,
    "p90": 16.0,
    "n": 156
  },
  "9": {
    "mean": 12.304402515723272,
    "std": 3.3191303175385767,
    "p10": 8.0,
    "p90": 16.200000000000017,
    "n": 159
  },
  "10": {
    "mean": 12.647133757961782,
    "std": 3.17200414907322,
    "p10": 9.0,
    "p90": 17.0,
    "n": 157
  },
  "11": {
    "mean": 11.85032258064516,
    "std": 3.1438741546793545,
    "p10": 8.0,
    "p90": 16.0,
    "n": 155
  },
  "12": {
    "mean": 8.812422360248448,
    "std": 2.913476397793004,
    "p10": 5.0,
    "p90": 13.0,
    "n": 161
  },
  "13": {
    "mean": 6.537037037037037,
    "std": 2.803500227674336,
    "p10": 3.0,
    "p90": 10.0,
    "n": 162
  },
  "14": {
    "mean": 4.892571428571429,
    "std": 3.164803150582609,
    "p10": 1.0,
    "p90": 8.0,
    "n": 175
  },
  "15": {
    "mean": 3.657458563535912,
    "std": 2.6164038413007815,
    "p10": 1.0,
    "p90": 7.0,
    "n": 181
  },
  "16": {
    "mean": 3.1657142857142855,
    "std": 2.970406785778791,
    "p10": 0.0,
    "p90": 8.0,
    "n": 210
  },
  "17": {
    "mean": 4.289626556016597,
    "std": 3.9303435316299233,
    "p10": 0.0,
    "p90": 10.0,
    "n": 241
  },
  "18": {
    "mean": 4.499200000000001,
    "std": 3.9941422168211274,
    "p10": 0.0,
    "p90": 11.0,
    "n": 250
  },
  "19": {
    "mean": 4.478151260504203,
    "std": 3.964880844621287,
    "p10": 0.0,
    "p90": 11.0,
    "n": 238
  },
  "20": {
    "mean": 4.4162393162393165,
    "std": 4.154638697459798,
    "p10": 0.0,
    "p90": 10.0,
    "n": 234
  },
  "21": {
    "mean": 4.833484162895926,
    "std": 4.24132923910898,
    "p10": 0.0,
    "p90": 11.0,
    "n": 221
  },
  "22": {
    "mean": 5.006796116504855,
    "std": 3.789195477668688,
    "p10": 1.0,
    "p90": 11.0,
    "n": 206
  },
  "23": {
    "mean": 6.126903553299492,
    "std": 3.6434365163693783,
    "p10": 2.0,
    "p90": 11.0,
    "n": 197
  }
}