{
  "0": {
    "mean": 7.6417989417989425,
    "std": 6.188853994712691,
    "p10": 0.0,
    "p90": 16.0,
    "n": 189
  },
  "1": {
    "mean": 8.150248756218906,
    "std": 6.245759556516002,
    "p10": 1.0,
    "p90": 16.0,
    "n": 201
  },
  "2": {
    "mean": 9.008,
    "std": 6.126205019398103,
    "p10": 2.0,
    "p90": 17.0,
    "n": 200
  },
  "3": {
    "mean": 9.279245283018868,
    "std": 5.946120117471511,
    "p10": 2.0,
    "p90": 16.900000000000006,
    "n": 212
  },
  "4": {
    "mean": 9.599103139013453,
    "std": 5.840692842952008,
    "p10": 2.0,
    "p90": 16.640000000000008,
    "n": 223
  },
  "5": {
    "mean": 10.287755102040817,
    "std": 6.2457742072067965,
    "p10": 3.0,
    "p90": 18.0,
    "n": 196
  },
  "6": {
    "mean": 10.817412935323384,
    "std": 6.22500966052518,
    "p10": 3.0,
    "p90": 19.0,
    "n": 201
  },
  "7": {
    "mean": 11.47908163265306,
    "std": 6.281068108862833,
    "p10": 4.0,
    "p90": 20.0,
    "n": 196
  },
  "8": {
    "mean": 11.663054187192119,
    "std": 6.232799264003779,
    "p10": 4.0,
    "p90": 20.0,
    "n": 203
  },
  "9": {
    "mean": 12.022926829268291,
    "std": 6.0760951743820835,
    "p10": 5.0,
    "p90": 19.0,
    "n": 205
  },
  "10": {
    "mean": 12.391509433962264,
    "std": 5.906396531362631,
    "p10": 5.0,
    "p90": 20.0,
    "n": 212
  },
  "11": {
    "mean": 12.458878504672896,
    "std": 6.255753457298565,
    "p10": 5.0,
    "p90": 20.0,
    "n": 214
  },
  "12": {
    "mean": 12.368691588785047,
    "std": 6.264963396153262,
    "p10": 5.0,
    "p90": 20.0,
    "n": 214
  },
  "13": {
    "mean": 11.556306306306306,
    "std": 5.5418547996752885,
    "p10": 5.0,
    "p90": 18.96,
    "n": 222
  },
  "14": {
    "mean": 9.493150684931507,
    "std": 4.135780173356352,
    "p10": 4.0,
    "p90": 14.200000000000017,
    "n": 219
  },
  "15": {
    "mean": 7.374336283185841,
    "std": 3.5650969445709055,
    "p10": 4.0,
    "p90": 11.0,
    "n": 226
  },
  "16": {
    "mean": 5.70392156862745,
    "std": 3.897995482551968,
    "p10": 2.0,
    "p90": 9.700000000000017,
    "n": 204
  },
  "17": {
    "mean": 4.092929292929293,
    "std": 4.095404197160807,
    "p10": 0.7399999999999969,
    "p90": 8.0,
    "n": 198
  },
  "18": {
    "mean": 3.2827411167512692,
    "std": 4.196415695905448,
    "p10": 0.0,
    "p90": 9.0,
    "n": 197
  },
  "19": {
    "mean": 2.47020202020202,
    "std": 3.928287489297924,
    "p10": 0.0,
    "p90": 5.0,
    "n": 198
  },
  "20": {
    "mean": 2.4878306878306877,
    "std": 3.845930434543913,
    "p10": 0.0,
    "p90": 7.040000000000004,
    "n": 189
  },
  "21": {
    "mean": 3.4224489795918367,
    "std": 3.974935074128557,
    "p10": 0.0,
    "p90": 8.0,
    "n": 196
  },
  "22": {
    "mean": 4.8097938144329895,
    "std": 3.717422495369704,
    "p10": 1.0,
    "p90": 8.0,
    "n": 194
  },
  "23": {
    "mean": 6.845405405405406,
    "std": 4.5476335189630985,
    "p10": 2.0,
    "p90": 11.599999999999994,
    "n": 185
  }
}