{
  "0": {
    "mean": 6.489041095890411,
    "std": 5.327924138525781,
    "p10": 0.0,
    "p90": 14.0,
    "n": 146
  },
  "1": {
    "mean": 7.503759398496242,
    "std": 5.504466588736899,
    "p10": 1.0,
    "p90": 15.799999999999997,
    "n": 133
  },
  "2": {
    "mean": 7.652857142857144,
    "std": 5.634355597672885,
    "p10": 1.0,
    "p90": 16.0,
    "n": 140
  },
  "3": {
    "mean": 8.655474452554746,
    "std": 5.716937164714896,
    "p10": 2.0,
    "p90": 18.0,
    "n": 137
  },
  "4": {
    "mean": 8.892413793103447,
    "std": 5.644368909199836,
    "p10": 2.0,
    "p90": 17.599999999999994,
    "n": 145
  },
  "5": {
    "mean": 9.150344827586206,
    "std": 5.861907683154333,
    "p10": 3.0,
    "p90": 18.599999999999994,
    "n": 145
  },
  "6": {
    "mean": 9.795652173913043,
    "std": 6.368327990641036,
    "p10": 2.0,
    "p90": 20.0,
    "n": 138
  },
  "7": {
    "mean": 10.386163522012579,
    "std": 6.584451170264508,
    "p10": 3.0,
    "p90": 21.0,
    "n": 159
  },
  "8": {
    "mean": 11.120279720279719,
    "std": 6.551900696599958,
    "p10": 3.0,
    "p90": 21.0,
    "n": 143
  },
  "9": {
    "mean": 11.208333333333334,
    "std": 6.592297900458653,
    "p10": 4.0,
    "p90": 21.0,
    "n": 144
  },
  "10": {
    "mean": 11.107142857142858,
    "std": 6.31045316250233,
    "p10": 4.0,
    "p90": 20.10000000000001,
    "n": 140
  },
  "11": {
    "mean": 11.513157894736842,
    "std": 6.371820040138514,
    "p10": 4.0,
    "p90": 20.0,
    "n": 152
  },
  "12": {
    "mean": 11.49625,
    "std": 6.166371444573606,
    "p10": 4.0,
    "p90": 21.0,
    "n": 160
  },
  "13": {
    "mean": 9.043708609271523,
    "std": 4.501904429000989,
    "p10": 4.0,
    "p90": 15.0,
    "n": 151
  },
  "14": {
    "mean": 7.29041095890411,
    "std": 3.6823592281471487,
    "p10": 3.0,
    "p90": 12.0,
    "n": 146
  },
  "15": {
    "mean": 5.881879194630872,
    "std": 3.4820010884406813,
    "p10": 2.0,
    "p90": 10.0,
    "n": 149
  },
  "16": {
    "mean": 4.714285714285714,
    "std": 3.4723074125870537,
    "p10": 1.0,
    "p90": 10.0,
    "n": 154
  },
  "17": {
    "mean": 3.435570469798658,
    "std": 3.0662741239893094,
    "p10": 0.0,
    "p90": 8.0,
    "n": 149
  },
  "18": {
    "mean": 2.4746478873239437,
    "std": 2.7693980353091567,
    "p10": 0.0,
    "p90": 7.0,
    "n": 142
  },
  "19": {
    "mean": 2.0040816326530613,
    "std": 2.5183675281795326,
    "p10": 0.0,
    "p90": 6.0,
    "n": 147
  },
  "20": {
    "mean": 1.9471428571428573,
    "std": 2.6447842755765714,
    "p10": 0.0,
    "p90": 6.0,
    "n": 140
  },
  "21": {
    "mean": 2.9158620689655175,
    "std": 3.0610155327854884,
    "p10": 0.0,
    "p90": 6.239999999999997,
    "n": 145
  },
  "22": {
    "mean": 4.201351351351351,
    "std": 2.779271829620726,
    "p10": 1.0,
    "p90": 7.0,
    "n": 148
  },
  "23": {
    "mean": 6.088732394366197,
    "std": 3.348379487198348,
    "p10": 2.080000000000001,
    "p90": 10.0,
    "n": 142
  }
}