{
  "0": {
    "mean": 6.815028901734104,
    "std": 3.805443564934846,
    "p10": 1.0,
    "p90": 12.0,
    "n": 173
  },
  "1": {
    "mean": 8.12183908045977,
    "std": 3.6355160493461565,
    "p10": 2.3000000000000007,
    "p90": 12.0,
    "n": 174
  },
  "2": {
    "mean": 9.226589595375723,
    "std": 3.6297204132361482,
    "p10": 4.199999999999999,
    "p90": 13.360000000000007,
    "n": 173
  },
  "3": {
    "mean": 9.544242424242423,
    "std": 3.7472974247652973,
    "p10": 4.0,
    "p90": 14.0,
    "n": 165
  },
  "4": {
    "mean": 9.990909090909092,
    "std": 3.9116422963437545,
    "p10": 5.0,
    "p90": 15.0,
    "n": 176
  },
  "5": {
    "mean": 10.830601092896174,
    "std": 4.140704294475099,
    "p10": 5.199999999999999,
    "p90": 16.0,
    "n": 183
  },
  "6": {
    "mean": 11.43012048192771,
    "std": 4.095266593305571,
    "p10": 6.5,
    "p90": 17.0,
    "n": 166
  },
  "7": {
    "mean": 11.51812865497076,
    "std": 4.037918655161774,
    "p10": 6.0,
    "p90": 16.0,
    "n": 171
  },
  "8": {
    "mean": 11.95028901734104,
    "std": 4.076544139989859,
    "p10": 7.0,
    "p90": 17.0,
    "n": 173
  },
  "9": {
    "mean": 12.127906976744185,
    "std": 3.91809869043918,
    "p10": 7.0,
    "p90": 17.0,
    "n": 172
  },
  "10": {
    "mean": 12.152747252747254,
    "std": 3.877141986046524,
    "p10": 6.100000000000001,
    "p90": 17.0,
    "n": 182
  },
  "11": {
    "mean": 11.778787878787877,
    "std": 4.11506512218851,
    "p10": 5.700000000000003,
    "p90": 17.0,
    "n": 198
  },
  "12": {
    "mean": 9.429319371727749,
    "std": 3.631670495369666,
    "p10": 4.0,
    "p90": 14.0,
    "n": 191
  },
  "13": {
    "mean": 7.592964824120603,
    "std": 3.139154932569532,
    "p10": 3.0,
    "p90": 12.0,
    "n": 199
  },
  "14": {
    "mean": 6.425125628140703,
    "std": 3.3790160332299024,
    "p10": 3.0,
    "p90": 11.200000000000017,
    "n": 199
  },
  "15": {
    "mean": 4.7643979057591626,
    "std": 2.9125480847705933,
    "p10": 2.0,
    "p90": 8.0,
    "n": 191
  },
  "16": {
    "mean": 3.863589743589744,
    "std": 3.0415096353209115,
    "p10": 1.0,
    "p90": 8.0,
    "n": 195
  },
  "17": {
    "mean": 3.135869565217391,
    "std": 3.1108511485025607,
    "p10": 0.0,
    "p90": 7.700000000000017,
    "n": 184
  },
  "18": {
    "mean": 3.098913043478261,
    "std": 3.5958079589493037,
    "p10": 0.0,
    "p90": 8.0,
    "n": 184
  },
  "19": {
    "mean": 2.7864583333333335,
    "std": 3.5362037737020837,
    "p10": 0.0,
    "p90": 8.0,
    "n": 192
  },
  "20": {
    "mean": 2.72192513368984,
    "std": 3.4289878337867252,
    "p10": 0.0,
    "p90": 9.0,
    "n": 187
  },
  "21": {
    "mean": 3.368648648648649,
    "std": 3.8460158395198847,
    "p10": 0.0,
    "p90": 10.0,
    "n": 185
  },
  "22": {
    "mean": 4.154255319148936,
    "std": 3.9312042457959464,
    "p10": 1.0,
    "p90": 10.0,
    "n": 188
  },
  "23": {
    "mean": 4.97456647398844,
    "std": 3.171501086608334,
    "p10": 2.0,
    "p90": 10.0,
    "n": 173
  }
}