{
  "0": {
    "mean": 6.523076923076923,
    "std": 3.809851336120516,
    "p10": 1.9000000000000004,
    "p90": 12.0,
    "n": 130
  },
  "1": {
    "mean": 8.00952380952381,
    "std": 4.107816360445236,
    "p10": 2.0,
    "p90": 14.0,
    "n": 147
  },
  "2": {
    "mean": 8.72992700729927,
    "std": 4.347926567435257,
    "p10": 3.0,
    "p90": 15.0,
    "n": 137
  },
  "3": {
    "mean": 9.198529411764707,
    "std": 4.5212581876208455,
    "p10": 3.0,
    "p90": 15.0,
    "n": 136
  },
  "4": {
    "mean": 9.83941605839416,
    "std": 4.566878159869515,
    "p10": 4.0,
    "p90": 16.0,
    "n": 137
  },
  "5": {
    "mean": 10.359398496240601,
    "std": 4.600115900944117,
    "p10": 5.0,
    "p90": 17.799999999999997,
    "n": 133
  },
  "6": {
    "mean": 10.743243243243244,
    "std": 4.709465965683032,
    "p10": 5.0,
    "p90": 18.30000000000001,
    "n": 148
  },
  "7": {
    "mean": 11.207534246575344,
    "std": 4.94783945348268,
    "p10": 6.0,
    "p90": 19.0,
    "n": 146
  },
  "8": {
    "mean": 11.970588235294118,
    "std": 5.049299440179925,
    "p10": 6.0,
    "p90": 20.0,
    "n": 136
  },
  "9": {
    "mean": 12.181560283687942,
    "std": 5.0779017437869145,
    "p10": 6.0,
    "p90": 20.0,
    "n": 141
  },
  "10": {
    "mean": 12.484444444444446,
    "std": 5.045315052610638,
    "p10": 6.080000000000001,
    "p90": 20.0,
    "n": 135
  },
  "11": {
    "mean": 11.814012738853503,
    "std": 5.053057700842314,
    "p10": 5.600000000000001,
    "p90": 20.0,
    "n": 157
  },
  "12": {
    "mean": 10.088111888111888,
    "std": 3.8213353891548145,
    "p10": 5.0,
    "p90": 15.0,
    "n": 143
  },
  "13": {
    "mean": 8.45897435897436,
    "std": 3.3532049530863475,
    "p10": 4.5,
    "p90": 13.0,
    "n": 156
  },
  "14": {
    "mean": 6.312751677852349,
    "std": 3.452795353838253,
    "p10": 2.0,
    "p90": 10.0,
    "n": 149
  },
  "15": {
    "mean": 5.483660130718954,
    "std": 3.622271341741617,
    "p10": 2.0,
    "p90": 11.0,
    "n": 153
  },
  "16": {
    "mean": 4.368707482993198,
    "std": 3.346288123931989,
    "p10": 1.0,
    "p90": 9.0,
    "n": 147
  },
  "17": {
    "mean": 3.1726027397260275,
    "std": 3.1146931115323286,
    "p10": 0.0,
    "p90": 8.0,
    "n": 146
  },
  "18": {
    "mean": 2.8942857142857146,
    "std": 3.4654672866588077,
    "p10": 0.0,
    "p90": 8.819999999999999,
    "n": 140
  },
  "19": {
    "mean": 2.2642335766423356,
    "std": 3.254945043953651,
    "p10": 0.0,
    "p90": 8.0,
    "n": 137
  },
  "20": {
    "mean": 2.565034965034965,
    "std": 3.7561078660743683,
    "p10": 0.0,
    "p90": 8.799999999999997,
    "n": 143
  },
  "21": {
    "mean": 2.1858267716535433,
    "std": 2.7651092693311563,
    "p10": 0.0,
    "p90": 6.0,
    "n": 127
  },
  "22": {
    "mean": 3.1363636363636362,
    "std": 3.02077470290164,
    "p10": 1.0,
    "p90": 6.0,
    "n": 132
  },
  "23": {
    "mean": 4.84963503649635,
    "std": 2.898354606435482,
    "p10": 2.0,
    "p90": 9.0,
    "n": 137
  }
}