{
  "0": {
    "mean": 6.7073170731707314,
    "std": 3.8409092893202343,
    "p10": 1.0,
    "p90": 12.0,
    "n": 164
  },
  "1": {
    "mean": 8.025454545454545,
    "std": 3.6759046430188613,
    "p10": 2.0,
    "p90": 12.0,
    "n": 165
  },
  "2": {
    "mean": 9.171951219512195,
    "std": 3.68807643980256,
    "p10": 4.0,
    "p90": 13.820000000000013,
    "n": 164
  },
  "3": {
    "mean": 9.53375796178344,
    "std": 3.79361058887392,
    "p10": 4.0,
    "p90": 14.0,
    "n": 157
  },
  "4": {
    "mean": 9.984523809523811,
    "std": 3.9553191366163594,
    "p10": 4.699999999999999,
    "p90": 15.0,
    "n": 168
  },
  "5": {
    "mean": 10.834285714285715,
    "std": 4.1804926603709545,
    "p10": 5.0,
    "p90": 16.0,
    "n": 175
  },
  "6": {
    "mean": 11.451898734177215,
    "std": 4.140597844752966,
    "p10": 6.0,
    "p90": 17.0,
    "n": 158
  },
  "7": {
    "mean": 11.519018404907975,
    "std": 4.0959261927191,
    "p10": 6.0,
    "p90": 16.0,
    "n": 163
  },
  "8": {
    "mean": 11.923636363636364,
    "std": 4.131820169821381,
    "p10": 6.400000000000002,
    "p90": 17.0,
    "n": 165
  },
  "9": {
    "mean": 12.098159509202453,
    "std": 3.9848086899357447,
    "p10": 7.0,
    "p90": 17.0,
    "n": 163
  },
  "10": {
    "mean": 12.169590643274853,
    "std": 3.971013999519836,
    "p10": 6.0,
    "p90": 17.0,
    "n": 171
  },
  "11": {
    "mean": 11.808648648648651,
    "std": 4.242324374527175,
    "p10": 5.0,
    "p90": 17.0,
    "n": 185
  },
  "12": {
    "mean": 9.43956043956044,
    "std": 3.706016584115785,
    "p10": 4.0,
    "p90": 14.0,
    "n": 182
  },
  "13": {
    "mean": 7.652631578947369,
    "std": 3.1841154064745862,
    "p10": 3.0,
    "p90": 12.0,
    "n": 190
  },
  "14": {
    "mean": 6.392631578947368,
    "std": 3.3376081194151386,
    "p10": 3.0,
    "p90": 11.0,
    "n": 190
  },
  "15": {
    "mean": 4.80327868852459,
    "std": 2.9559755392998315,
    "p10": 2.0,
    "p90": 8.800000000000011,
    "n": 183
  },
  "16": {
    "mean": 3.931147540983607,
    "std": 3.0879173064217373,
    "p10": 1.0,
    "p90": 8.0,
    "n": 183
  },
  "17": {
    "mean": 3.210526315789474,
    "std": 3.1639337509160557,
    "p10": 0.0,
    "p90": 8.0,
    "n": 171
  },
  "18": {
    "mean": 3.0804597701149423,
    "std": 3.5773804179093913,
    "p10": 0.0,
    "p90": 8.0,
    "n": 174
  },
  "19": {
    "mean": 2.6338983050847458,
    "std": 3.421021752416736,
    "p10": 0.0,
    "p90": 8.0,
    "n": 177
  },
  "20": {
    "mean": 2.6797752808988764,
    "std": 3.4182851542174926,
    "p10": 0.0,
    "p90": 9.0,
    "n": 178
  },
  "21": {
    "mean": 3.272832369942196,
    "std": 3.863185148187784,
    "p10": 0.0,
    "p90": 10.0,
    "n": 173
  },
  "22": {
    "mean": 4.01685393258427,
    "std": 3.8827369912879144,
    "p10": 1.0,
    "p90": 10.0,
    "n": 178
  },
  "23": {
    "mean": 4.876363636363637,
    "std": 3.083826631999702,
    "p10": 2.0,
    "p90": 9.599999999999994,
    "n": 165
  }
}