{
  "0": {
    "mean": 6.974468085106384,
    "std": 5.563341804749565,
    "p10": 0.0,
    "p90": 15.0,
    "n": 141
  },
  "1": {
    "mean": 7.953125,
    "std": 5.76027582317506,
    "p10": 1.0,
    "p90": 16.0,
    "n": 128
  },
  "2": {
    "mean": 8.173333333333334,
    "std": 6.03812761331084,
    "p10": 1.0,
    "p90": 17.0,
    "n": 135
  },
  "3": {
    "mean": 9.028358208955225,
    "std": 6.083437541542562,
    "p10": 2.0,
    "p90": 18.0,
    "n": 134
  },
  "4": {
    "mean": 9.348201438848921,
    "std": 5.859778802250326,
    "p10": 2.0,
    "p90": 18.0,
    "n": 139
  },
  "5": {
    "mean": 9.620000000000001,
    "std": 6.108482131989463,
    "p10": 3.0,
    "p90": 19.0,
    "n": 140
  },
  "6": {
    "mean": 10.417910447761194,
    "std": 6.646632374122418,
    "p10": 2.0,
    "p90": 20.0,
    "n": 134
  },
  "7": {
    "mean": 10.884967320261438,
    "std": 6.82582914996056,
    "p10": 3.0,
    "p90": 21.0,
    "n": 153
  },
  "8": {
    "mean": 11.906293706293706,
    "std": 6.6502908628883635,
    "p10": 3.0,
    "p90": 21.0,
    "n": 143
  },
  "9": {
    "mean": 11.601449275362318,
    "std": 6.700887679590557,
    "p10": 4.0,
    "p90": 21.299999999999997,
    "n": 138
  },
  "10": {
    "mean": 11.81021897810219,
    "std": 6.691140814007166,
    "p10": 4.0,
    "p90": 21.400000000000006,
    "n": 137
  },
  "11": {
    "mean": 11.885906040268456,
    "std": 6.626982315710036,
    "p10": 4.0,
    "p90": 21.200000000000017,
    "n": 149
  },
  "12": {
    "mean": 11.89512195121951,
    "std": 6.19310723996042,
    "p10": 4.0,
    "p90": 21.0,
    "n": 164
  },
  "13": {
    "mean": 9.247368421052633,
    "std": 4.544160758868449,
    "p10": 4.0,
    "p90": 15.0,
    "n": 152
  },
  "14": {
    "mean": 7.261538461538462,
    "std": 3.690202541808056,
    "p10": 3.0,
    "p90": 12.0,
    "n": 143
  },
  "15": {
    "mean": 5.7958333333333325,
    "std": 3.473896162157779,
    "p10": 2.0,
    "p90": 10.0,
    "n": 144
  },
  "16": {
    "mean": 4.490066225165563,
    "std": 3.438037327059094,
    "p10": 1.0,
    "p90": 10.0,
    "n": 151
  },
  "17": {
    "mean": 3.209154929577465,
    "std": 2.983403381155795,
    "p10": 0.0,
    "p90": 7.0,
    "n": 142
  },
  "18": {
    "mean": 2.2130434782608694,
    "std": 2.6348818471538342,
    "p10": 0.0,
    "p90": 5.299999999999997,
    "n": 138
  },
  "19": {
    "mean": 1.8013986013986016,
    "std": 2.378482946907629,
    "p10": 0.0,
    "p90": 5.0,
    "n": 143
  },
  "20": {
    "mean": 1.7789473684210528,
    "std": 2.552748151697852,
    "p10": 0.0,
    "p90": 5.0,
    "n": 133
  },
  "21": {
    "mean": 2.80431654676259,
    "std": 3.009595054459266,
    "p10": 0.0,
    "p90": 6.080000000000001,
    "n": 139
  },
  "22": {
    "mean": 4.331914893617021,
    "std": 2.7293986556156646,
    "p10": 2.0,
    "p90": 7.0,
    "n": 141
  },
  "23": {
    "mean": 6.320588235294117,
    "std": 3.3098980099999014,
    "p10": 2.8999999999999986,
    "p90": 10.0,
    "n": 136
  }
}