{
  "0": {
    "mean": 7.057317073170732,
    "std": 3.3030764796074834,
    "p10": 2.0,
    "p90": 11.0,
    "n": 164
  },
  "1": {
    "mean": 8.04074074074074,
    "std": 3.6556865522623774,
    "p10": 3.0,
    "p90": 12.0,
    "n": 162
  },
  "2": {
    "mean": 8.74625,
    "std": 3.8652603303508095,
    "p10": 3.0,
    "p90": 13.0,
    "n": 160
  },
  "3": {
    "mean": 9.339877300613498,
    "std": 4.126465918010985,
    "p10": 3.0,
    "p90": 14.0,
    "n": 163
  },
  "4": {
    "mean": 10.220915032679738,
    "std": 3.9571496519253677,
    "p10": 5.0,
    "p90": 14.800000000000011,
    "n": 153
  },
  "5": {
    "mean": 10.919205298013244,
    "std": 4.165776681993218,
    "p10": 6.0,
    "p90": 16.0,
    "n": 151
  },
  "6": {
    "mean": 11.364238410596027,
    "std": 4.6556108710653055,
    "p10": 4.0,
    "p90": 17.0,
    "n": 151
  },
  "7": {
    "mean": 11.720754716981132,
    "std": 4.632085068845896,
    "p10": 4.800000000000001,
    "p90": 17.0,
    "n": 159
  },
  "8": {
    "mean": 11.99746835443038,
    "std": 4.604123731329023,
    "p10": 5.0,
    "p90": 18.0,
    "n": 158
  },
  "9": {
    "mean": 12.08625,
    "std": 4.754692981246208,
    "p10": 4.0,
    "p90": 18.0,
    "n": 160
  },
  "10": {
    "mean": 12.250931677018635,
    "std": 4.552047863495372,
    "p10": 6.0,
    "p90": 18.0,
    "n": 161
  },
  "11": {
    "mean": 12.173076923076923,
    "std": 4.6401939079872605,
    "p10": 5.0,
    "p90": 18.0,
    "n": 156
  },
  "12": {
    "mean": 10.42625,
    "std": 3.5036097737249348,
    "p10": 6.0,
    "p90": 15.0,
    "n": 160
  },
  "13": {
    "mean": 7.510843373493976,
    "std": 2.741068672293445,
    "p10": 3.700000000000003,
    "p90": 11.0,
    "n": 166
  },
  "14": {
    "mean": 5.845882352941177,
    "std": 2.4340801667707295,
    "p10": 2.900000000000002,
    "p90": 9.0,
    "n": 170
  },
  "15": {
    "mean": 4.757219251336898,
    "std": 2.121849662276951,
    "p10": 2.0,
    "p90": 7.240000000000001,
    "n": 187
  },
  "16": {
    "mean": 3.992929292929293,
    "std": 2.3668931648594493,
    "p10": 1.0,
    "p90": 7.300000000000011,
    "n": 198
  },
  "17": {
    "mean": 2.771590909090909,
    "std": 2.1404111147767257,
    "p10": 0.0,
    "p90": 5.5,
    "n": 176
  },
  "18": {
    "mean": 2.3887005649717516,
    "std": 2.414889185686875,
    "p10": 0.0,
    "p90": 5.160000000000005,
    "n": 177
  },
  "19": {
    "mean": 2.0622222222222217,
    "std": 2.462708586419903,
    "p10": 0.0,
    "p90": 5.099999999999994,
    "n": 180
  },
  "20": {
    "mean": 2.0542372881355933,
    "std": 2.8868425284873975,
    "p10": 0.0,
    "p90": 6.0,
    "n": 177
  },
  "21": {
    "mean": 2.432768361581921,
    "std": 2.815470596364544,
    "p10": 0.0,
    "p90": 6.400000000000006,
    "n": 177
  },
  "22": {
    "mean": 3.78698224852071,
    "std": 3.2066999809056287,
    "p10": 1.0,
    "p90": 7.200000000000017,
    "n": 169
  },
  "23": {
    "mean": 5.693491124260356,
    "std": 3.047718545853963,
    "p10": 3.0,
    "p90": 9.200000000000017,
    "n": 169
  }
}