{
  "0": {
    "mean": 7.622535211267606,
    "std": 4.028134995417179,
    "p10": 3.0,
    "p90": 13.0,
    "n": 142
  },
  "1": {
    "mean": 8.875555555555556,
    "std": 3.3897885873114086,
    "p10": 5.0,
    "p90": 14.0,
    "n": 135
  },
  "2": {
    "mean": 9.642335766423358,
    "std": 3.1975570322774916,
    "p10": 6.0,
    "p90": 14.0,
    "n": 137
  },
  "3": {
    "mean": 10.142222222222223,
    "std": 3.1678295848430618,
    "p10": 6.0,
    "p90": 14.0,
    "n": 135
  },
  "4": {
    "mean": 10.75267175572519,
    "std": 3.0783444162849998,
    "p10": 7.0,
    "p90": 15.0,
    "n": 131
  },
  "5": {
    "mean": 11.203100775193798,
    "std": 3.380457115550724,
    "p10": 7.0,
    "p90": 16.0,
    "n": 129
  },
  "6": {
    "mean": 11.65625,
    "std": 3.462458959647622,
    "p10": 8.0,
    "p90": 16.0,
    "n": 128
  },
  "7": {
    "mean": 12.055813953488373,
    "std": 3.4957095796299025,
    "p10": 7.800000000000001,
    "p90": 16.360000000000003,
    "n": 129
  },
  "8": {
    "mean": 12.33037037037037,
    "std": 3.521644673314683,
    "p10": 8.0,
    "p90": 16.680000000000007,
    "n": 135
  },
  "9": {
    "mean": 12.297810218978102,
    "std": 3.629221014157266,
    "p10": 8.0,
    "p90": 17.0,
    "n": 137
  },
  "10": {
    "mean": 12.48235294117647,
    "std": 3.6909876697455273,
    "p10": 8.0,
    "p90": 17.0,
    "n": 136
  },
  "11": {
    "mean": 11.26344827586207,
    "std": 3.2505301660118864,
    "p10": 7.0,
    "p90": 16.0,
    "n": 145
  },
  "12": {
    "mean": 9.132867132867133,
    "std": 2.867883751935629,
    "p10": 5.0,
    "p90": 13.0,
    "n": 143
  },
  "13": {
    "mean": 7.0137931034482754,
    "std": 2.6422481139714065,
    "p10": 4.0,
    "p90": 10.0,
    "n": 145
  },
  "14": {
    "mean": 5.715436241610738,
    "std": 2.4602989499799137,
    "p10": 2.8000000000000007,
    "p90": 8.0,
    "n": 149
  },
  "15": {
    "mean": 4.485161290322581,
    "std": 2.4186449342498273,
    "p10": 1.0,
    "p90": 7.0,
    "n": 155
  },
  "16": {
    "mean": 4.067469879518073,
    "std": 3.4755983460008193,
    "p10": 1.0,
    "p90": 8.0,
    "n": 166
  },
  "17": {
    "mean": 3.6686746987951806,
    "std": 3.6795068085470164,
    "p10": 0.0,
    "p90": 9.0,
    "n": 166
  },
  "18": {
    "mean": 3.5978021978021975,
    "std": 3.866900996893266,
    "p10": 0.0,
    "p90": 9.900000000000006,
    "n": 182
  },
  "19": {
    "mean": 2.8388235294117647,
    "std": 3.712782784405358,
    "p10": 0.0,
    "p90": 8.279999999999998,
    "n": 170
  },
  "20": {
    "mean": 3.1987261146496815,
    "std": 3.9271896923416065,
    "p10": 0.0,
    "p90": 10.0,
    "n": 157
  },
  "21": {
    "mean": 3.6191082802547774,
    "std": 4.092568840295691,
    "p10": 0.0,
    "p90": 10.0,
    "n": 157
  },
  "22": {
    "mean": 4.8924050632911396,
    "std": 4.345442657064304,
    "p10": 1.0,
    "p90": 12.0,
    "n": 158
  },
  "23": {
    "mean": 6.367785234899329,
    "std": 4.596300928337327,
    "p10": 2.0,
    "p90": 13.680000000000001,
    "n": 149
  }
}