{
  "0": {
    "mean": 7.6429378531073455,
    "std": 5.225023745224636,
    "p10": 0.0,
    "p90": 15.0,
    "n": 177
  },
  "1": {
    "mean": 8.376216216216216,
    "std": 5.287996739618309,
    "p10": 1.0,
    "p90": 16.0,
    "n": 185
  },
  "2": {
    "mean": 9.311229946524064,
    "std": 5.481389048266252,
    "p10": 2.0,
    "p90": 17.0,
    "n": 187
  },
  "3": {
    "mean": 10.047567567567567,
    "std": 5.376792625945386,
    "p10": 3.400000000000002,
    "p90": 17.0,
    "n": 185
  },
  "4": {
    "mean": 10.980790960451976,
    "std": 5.341036825451301,
    "p10": 4.0,
    "p90": 17.400000000000006,
    "n": 177
  },
  "5": {
    "mean": 11.857303370786516,
    "std": 5.4635595615484425,
    "p10": 5.0,
    "p90": 19.0,
    "n": 178
  },
  "6": {
    "mean": 12.573563218390806,
    "std": 5.465053660078831,
    "p10": 5.300000000000001,
    "p90": 20.0,
    "n": 174
  },
  "7": {
    "mean": 12.869791666666666,
    "std": 5.498283783481877,
    "p10": 6.0,
    "p90": 21.0,
    "n": 192
  },
  "8": {
    "mean": 13.718181818181819,
    "std": 5.5837505132949286,
    "p10": 7.0,
    "p90": 21.400000000000006,
    "n": 187
  },
  "9": {
    "mean": 13.832692307692307,
    "std": 5.728552814991186,
    "p10": 7.0,
    "p90": 22.0,
    "n": 208
  },
  "10": {
    "mean": 14.191836734693878,
    "std": 5.824504794082036,
    "p10": 7.0,
    "p90": 23.0,
    "n": 196
  },
  "11": {
    "mean": 14.393617021276595,
    "std": 6.204773193002876,
    "p10": 6.0,
    "p90": 23.0,
    "n": 188
  },
  "12": {
    "mean": 13.208108108108107,
    "std": 5.460854277145982,
    "p10": 6.0,
    "p90": 20.0,
    "n": 222
  },
  "13": {
    "mean": 10.93939393939394,
    "std": 4.471995618120731,
    "p10": 5.0,
    "p90": 17.0,
    "n": 198
  },
  "14": {
    "mean": 9.12807881773399,
    "std": 4.256125434773894,
    "p10": 5.0,
    "p90": 14.0,
    "n": 203
  },
  "15": {
    "mean": 7.193908629441625,
    "std": 4.188609853138974,
    "p10": 3.0,
    "p90": 12.400000000000006,
    "n": 197
  },
  "16": {
    "mean": 5.16578947368421,
    "std": 4.27005546943572,
    "p10": 1.0,
    "p90": 10.0,
    "n": 190
  },
  "17": {
    "mean": 3.9215469613259666,
    "std": 3.5992329173888864,
    "p10": 1.0,
    "p90": 8.0,
    "n": 181
  },
  "18": {
    "mean": 2.9955555555555557,
    "std": 3.465775562308238,
    "p10": 0.0,
    "p90": 7.0,
    "n": 180
  },
  "19": {
    "mean": 2.613872832369942,
    "std": 3.6740183827462856,
    "p10": 0.0,
    "p90": 8.0,
    "n": 173
  },
  "20": {
    "mean": 2.180722891566265,
    "std": 3.348973893736309,
    "p10": 0.0,
    "p90": 6.0,
    "n": 166
  },
  "21": {
    "mean": 2.5285714285714285,
    "std": 3.5567115077495988,
    "p10": 0.0,
    "p90": 8.0,
    "n": 168
  },
  "22": {
    "mean": 3.4517241379310346,
    "std": 3.389932803022707,
    "p10": 0.0,
    "p90": 7.0,
    "n": 174
  },
  "23": {
    "mean": 5.062637362637362,
    "std": 3.322022560108079,
    "p10": 2.0,
    "p90": 8.0,
    "n": 182
  }
}