{
  "0": {
    "mean": 8.188034188034187,
    "std": 4.38439950658056,
    "p10": 1.0,
    "p90": 13.0,
    "n": 117
  },
  "1": {
    "mean": 9.296610169491526,
    "std": 4.784785935130632,
    "p10": 1.700000000000001,
    "p90": 15.0,
    "n": 118
  },
  "2": {
    "mean": 10.025210084033613,
    "std": 4.786035804993221,
    "p10": 2.0,
    "p90": 16.0,
    "n": 119
  },
  "3": {
    "mean": 10.7008547008547,
    "std": 4.977994606030793,
    "p10": 3.0,
    "p90": 17.0,
    "n": 117
  },
  "4": {
    "mean": 11.49586776859504,
    "std": 4.9076877905013285,
    "p10": 5.0,
    "p90": 18.0,
    "n": 121
  },
  "5": {
    "mean": 12.039344262295081,
    "std": 5.489622928492715,
    "p10": 5.100000000000001,
    "p90": 19.0,
    "n": 122
  },
  "6": {
    "mean": 13.103174603174603,
    "std": 5.363326378402665,
    "p10": 7.0,
    "p90": 20.0,
    "n": 126
  },
  "7": {
    "mean": 13.40625,
    "std": 5.5818004320283725,
    "p10": 8.0,
    "p90": 21.0,
    "n": 128
  },
  "8": {
    "mean": 13.918400000000002,
    "std": 5.38648823296505,
    "p10": 8.0,
    "p90": 21.0,
    "n": 125
  },
  "9": {
    "mean": 14.318110236220473,
    "std": 5.594575282443355,
    "p10": 8.0,
    "p90": 22.0,
    "n": 127
  },
  "10": {
    "mean": 14.228125,
    "std": 5.330626671289354,
    "p10": 8.0,
    "p90": 21.299999999999997,
    "n": 128
  },
  "11": {
    "mean": 14.866666666666667,
    "std": 5.401639411635446,
    "p10": 8.0,
    "p90": 22.0,
    "n": 129
  },
  "12": {
    "mean": 12.718248175182483,
    "std": 4.747355594837884,
    "p10": 7.0,
    "p90": 19.0,
    "n": 137
  },
  "13": {
    "mean": 9.58095238095238,
    "std": 3.535188012781539,
    "p10": 6.0,
    "p90": 13.0,
    "n": 126
  },
  "14": {
    "mean": 7.147619047619048,
    "std": 2.9181011438458215,
    "p10": 4.0,
    "p90": 10.0,
    "n": 126
  },
  "15": {
    "mean": 5.108029197080292,
    "std": 2.4595569422321657,
    "p10": 2.0,
    "p90": 8.0,
    "n": 137
  },
  "16": {
    "mean": 3.8702290076335877,
    "std": 2.44445037574089,
    "p10": 1.0,
    "p90": 7.0,
    "n": 131
  },
  "17": {
    "mean": 2.8601503759398494,
    "std": 2.177986971940613,
    "p10": 0.0,
    "p90": 5.879999999999999,
    "n": 133
  },
  "18": {
    "mean": 1.8304,
    "std": 1.930745468599143,
    "p10": 0.0,
    "p90": 4.0,
    "n": 125
  },
  "19": {
    "mean": 1.517557251908397,
    "std": 2.41111148694253,
    "p10": 0.0,
    "p90": 3.0,
    "n": 131
  },
  "20": {
    "mean": 1.31496062992126,
    "std": 2.0919376125085978,
    "p10": 0.0,
    "p90": 3.4000000000000057,
    "n": 127
  },
  "21": {
    "mean": 2.0708661417322833,
    "std": 2.454736601659546,
    "p10": 0.0,
    "p90": 5.0,
    "n": 127
  },
  "22": {
    "mean": 4.0396825396825395,
    "std": 2.53108923161802,
    "p10": 2.0,
    "p90": 7.0,
    "n": 126
  },
  "23": {
    "mean": 6.67741935483871,
    "std": 2.3703740128771154,
    "p10": 4.0,
    "p90": 9.0,
    "n": 124
  }
}