{
  "0": {
    "mean": 7.186086956521739,
    "std": 4.216402535722774,
    "p10": 0.0,
    "p90": 12.0,
    "n": 115
  },
  "1": {
    "mean": 10.366355140186917,
    "std": 4.486330263274892,
    "p10": 4.0,
    "p90": 15.0,
    "n": 107
  },
  "2": {
    "mean": 11.854901960784314,
    "std": 4.741320939118009,
    "p10": 6.0,
    "p90": 17.900000000000006,
    "n": 102
  },
  "3": {
    "mean": 13.124770642201835,
    "std": 4.850642492061932,
    "p10": 6.800000000000001,
    "p90": 19.0,
    "n": 109
  },
  "4": {
    "mean": 14.551351351351352,
    "std": 4.934937871302109,
    "p10": 9.0,
    "p90": 20.0,
    "n": 111
  },
  "5": {
    "mean": 15.751851851851852,
    "std": 5.034451059765516,
    "p10": 9.0,
    "p90": 22.0,
    "n": 108
  },
  "6": {
    "mean": 16.614414414414416,
    "std": 5.468701804514435,
    "p10": 9.0,
    "p90": 23.0,
    "n": 111
  },
  "7": {
    "mean": 17.271428571428572,
    "std": 5.72636432575228,
    "p10": 10.0,
    "p90": 24.0,
    "n": 112
  },
  "8": {
    "mean": 18.106086956521736,
    "std": 5.754285770555226,
    "p10": 10.0,
    "p90": 24.0,
    "n": 115
  },
  "9": {
    "mean": 18.912605042016807,
    "std": 5.981986442672145,
    "p10": 10.0,
    "p90": 26.0,
    "n": 119
  },
  "10": {
    "mean": 19.956363636363633,
    "std": 5.923697197731219,
    "p10": 12.0,
    "p90": 27.0,
    "n": 110
  },
  "11": {
    "mean": 19.684745762711866,
    "std": 6.1576667120363355,
    "p10": 11.0,
    "p90": 27.0,
    "n": 118
  },
  "12": {
    "mean": 18.25689655172414,
    "std": 5.239436148520448,
    "p10": 10.0,
    "p90": 24.0,
    "n": 116
  },
  "13": {
    "mean": 15.282456140350877,
    "std": 4.222301633248163,
    "p10": 9.0,
    "p90": 20.0,
    "n": 114
  },
  "14": {
    "mean": 13.054098360655736,
    "std": 3.747487258227278,
    "p10": 9.0,
    "p90": 18.0,
    "n": 122
  },
  "15": {
    "mean": 10.208695652173914,
    "std": 3.9178754808892093,
    "p10": 6.0,
    "p90": 16.0,
    "n": 115
  },
  "16": {
    "mean": 7.176146788990826,
    "std": 3.502456785430626,
    "p10": 4.0,
    "p90": 12.0,
    "n": 109
  },
  "17": {
    "mean": 5.356756756756757,
    "std": 3.4465693515204796,
    "p10": 2.0,
    "p90": 10.0,
    "n": 111
  },
  "18": {
    "mean": 3.7530434782608695,
    "std": 3.1664170281784854,
    "p10": 1.0,
    "p90": 8.360000000000001,
    "n": 115
  },
  "19": {
    "mean": 2.9460869565217394,
    "std": 4.34182609647385,
    "p10": 0.0,
    "p90": 8.600000000000009,
    "n": 115
  },
  "20": {
    "mean": 1.845045045045045,
    "std": 3.4856260358203754,
    "p10": 0.0,
    "p90": 5.0,
    "n": 111
  },
  "21": {
    "mean": 1.8254901960784313,
    "std": 3.8647092361652438,
    "p10": 0.0,
    "p90": 4.0,
    "n": 102
  },
  "22": {
    "mean": 2.7301886792452827,
    "std": 4.134596653589153,
    "p10": 0.0,
    "p90": 6.0,
    "n": 106
  },
  "23": {
    "mean": 3.9925925925925925,
    "std": 3.4226213843893407,
    "p10": 1.0,
    "p90": 8.0,
    "n": 108
  }
}