{
  "0": {
    "mean": 10.552469135802468,
    "std": 8.20940379294912,
    "p10": 0.0,
    "p90": 22.0,
    "n": 162
  },
  "1": {
    "mean": 12.519375,
    "std": 8.585328254769198,
    "p10": 2.0,
    "p90": 23.099999999999994,
    "n": 160
  },
  "2": {
    "mean": 13.824848484848484,
    "std": 8.594130200888861,
    "p10": 4.0,
    "p90": 25.0,
    "n": 165
  },
  "3": {
    "mean": 14.958385093167703,
    "std": 9.031635780730774,
    "p10": 5.0,
    "p90": 27.0,
    "n": 161
  },
  "4": {
    "mean": 16.2525,
    "std": 9.029685146032392,
    "p10": 6.0,
    "p90": 28.029999999999998,
    "n": 160
  },
  "5": {
    "mean": 17.465060240963854,
    "std": 9.020494291837688,
    "p10": 7.0,
    "p90": 30.5,
    "n": 166
  },
  "6": {
    "mean": 18.635119047619046,
    "std": 9.505146036929025,
    "p10": 7.0,
    "p90": 31.30000000000001,
    "n": 168
  },
  "7": {
    "mean": 19.368862275449104,
    "std": 9.545338256590227,
    "p10": 8.24,
    "p90": 32.0,
    "n": 167
  },
  "8": {
    "mean": 21.029166666666665,
    "std": 9.748031302342902,
    "p10": 9.0,
    "p90": 34.0,
    "n": 168
  },
  "9": {
    "mean": 20.6906432748538,
    "std": 9.399244346735841,
    "p10": 9.799999999999997,
    "p90": 34.0,
    "n": 171
  },
  "10": {
    "mean": 21.101142857142857,
    "std": 9.341847441962422,
    "p10": 10.0,
    "p90": 35.0,
    "n": 175
  },
  "11": {
    "mean": 21.868823529411763,
    "std": 9.268903525888279,
    "p10": 10.900000000000002,
    "p90": 36.0,
    "n": 170
  },
  "12": {
    "mean": 22.24827586206897,
    "std": 9.051207718974037,
    "p10": 11.0,
    "p90": 36.0,
    "n": 174
  },
  "13": {
    "mean": 19.385555555555552,
    "std": 7.846901834782794,
    "p10": 10.0,
    "p90": 29.809999999999995,
    "n": 180
  },
  "14": {
    "mean": 16.526288659793817,
    "std": 7.021298437642475,
    "p10": 8.0,
    "p90": 25.0,
    "n": 194
  },
  "15": {
    "mean": 13.172727272727274,
    "std": 5.900745275403336,
    "p10": 6.5,
    "p90": 20.5,
    "n": 176
  },
  "16": {
    "mean": 10.250282485875706,
    "std": 5.651006791772371,
    "p10": 4.0,
    "p90": 15.400000000000006,
    "n": 177
  },
  "17": {
    "mean": 8.202298850574712,
    "std": 5.83734196006427,
    "p10": 3.0,
    "p90": 15.0,
    "n": 174
  },
  "18": {
    "mean": 6.131707317073171,
    "std": 5.888803518808917,
    "p10": 1.0,
    "p90": 15.400000000000034,
    "n": 164
  },
  "19": {
    "mean": 4.91125,
    "std": 6.4040375186971294,
    "p10": 0.0,
    "p90": 14.0,
    "n": 160
  },
  "20": {
    "mean": 4.185542168674698,
    "std": 7.192877496104638,
    "p10": 0.0,
    "p90": 15.5,
    "n": 166
  },
  "21": {
    "mean": 3.922289156626506,
    "std": 6.779652056022498,
    "p10": 0.0,
    "p90": 15.0,
    "n": 166
  },
  "22": {
    "mean": 4.987116564417178,
    "std": 7.133516328902869,
    "p10": 0.0,
    "p90": 17.0,
    "n": 163
  },
  "23": {
    "mean": 6.813855421686746,
    "std": 6.707688095841344,
    "p10": 1.0,
    "p90": 17.15,
    "n": 166
  }
}