{
  "0": {
    "mean": 10.220348837209302,
    "std": 7.7098170801754256,
    "p10": 0.0,
    "p90": 21.0,
    "n": 172
  },
  "1": {
    "mean": 11.325142857142858,
    "std": 7.945688258720064,
    "p10": 1.0,
    "p90": 22.599999999999994,
    "n": 175
  },
  "2": {
    "mean": 12.511445783132531,
    "std": 8.078091678717813,
    "p10": 2.0,
    "p90": 24.0,
    "n": 166
  },
  "3": {
    "mean": 13.140697674418604,
    "std": 8.504156230609503,
    "p10": 3.0,
    "p90": 25.0,
    "n": 172
  },
  "4": {
    "mean": 14.025882352941178,
    "std": 8.444306270407541,
    "p10": 4.0,
    "p90": 26.0,
    "n": 170
  },
  "5": {
    "mean": 14.405780346820809,
    "std": 8.448934919683863,
    "p10": 4.0,
    "p90": 26.0,
    "n": 173
  },
  "6": {
    "mean": 14.596153846153847,
    "std": 8.66440846657451,
    "p10": 4.0,
    "p90": 27.0,
    "n": 182
  },
  "7": {
    "mean": 15.024607329842931,
    "std": 8.747924369017559,
    "p10": 4.0,
    "p90": 27.0,
    "n": 191
  },
  "8": {
    "mean": 16.25026455026455,
    "std": 9.00857525478532,
    "p10": 5.0,
    "p90": 29.0,
    "n": 189
  },
  "9": {
    "mean": 16.63908629441624,
    "std": 8.797880378868687,
    "p10": 6.0,
    "p90": 28.0,
    "n": 197
  },
  "10": {
    "mean": 16.79605911330049,
    "std": 8.875764322767926,
    "p10": 5.0,
    "p90": 29.0,
    "n": 203
  },
  "11": {
    "mean": 17.233333333333334,
    "std": 8.748918440765207,
    "p10": 5.640000000000001,
    "p90": 30.0,
    "n": 195
  },
  "12": {
    "mean": 18.17263157894737,
    "std": 8.802434032130137,
    "p10": 6.900000000000002,
    "p90": 31.0,
    "n": 190
  },
  "13": {
    "mean": 17.876502732240436,
    "std": 8.845290844257075,
    "p10": 6.0,
    "p90": 30.080000000000002,
    "n": 183
  },
  "14": {
    "mean": 15.634239130434782,
    "std": 7.527434084652506,
    "p10": 5.12,
    "p90": 25.700000000000017,
    "n": 184
  },
  "15": {
    "mean": 12.283240223463686,
    "std": 6.257224911993484,
    "p10": 4.920000000000001,
    "p90": 19.0,
    "n": 179
  },
  "16": {
    "mean": 9.406703910614524,
    "std": 5.9129889185727675,
    "p10": 3.0,
    "p90": 15.200000000000017,
    "n": 179
  },
  "17": {
    "mean": 6.893548387096774,
    "std": 6.282361519349883,
    "p10": 2.0,
    "p90": 12.0,
    "n": 186
  },
  "18": {
    "mean": 4.990173410404624,
    "std": 6.52246266036076,
    "p10": 1.0,
    "p90": 9.0,
    "n": 173
  },
  "19": {
    "mean": 2.9857142857142858,
    "std": 5.482233533577428,
    "p10": 0.0,
    "p90": 8.0,
    "n": 168
  },
  "20": {
    "mean": 2.33,
    "std": 4.954477384532716,
    "p10": 0.0,
    "p90": 8.0,
    "n": 170
  },
  "21": {
    "mean": 2.8793939393939394,
    "std": 5.773683959113034,
    "p10": 0.0,
    "p90": 8.0,
    "n": 165
  },
  "22": {
    "mean": 4.9,
    "std": 5.488925385427685,
    "p10": 1.0,
    "p90": 10.099999999999994,
    "n": 160
  },
  "23": {
    "mean": 8.334756097560977,
    "std": 5.979018473239301,
    "p10": 2.0,
    "p90": 13.0,
    "n": 164
  }
}