{
  "0": {
    "mean": 9.385915492957746,
    "std": 7.263574638689618,
    "p10": 0.0,
    "p90": 20.0,
    "n": 142
  },
  "1": {
    "mean": 11.282481751824818,
    "std": 7.348728359485249,
    "p10": 2.0,
    "p90": 22.0,
    "n": 137
  },
  "2": {
    "mean": 12.36,
    "std": 7.544283733679663,
    "p10": 3.0,
    "p90": 23.0,
    "n": 130
  },
  "3": {
    "mean": 13.618939393939394,
    "std": 7.7102007634751395,
    "p10": 4.0,
    "p90": 24.0,
    "n": 132
  },
  "4": {
    "mean": 13.739855072463767,
    "std": 8.072387284762364,
    "p10": 4.0,
    "p90": 25.0,
    "n": 138
  },
  "5": {
    "mean": 15.004651162790697,
    "std": 8.197969074574164,
    "p10": 4.800000000000001,
    "p90": 26.0,
    "n": 129
  },
  "6": {
    "mean": 15.367407407407411,
    "std": 8.788585113824052,
    "p10": 5.0,
    "p90": 27.60000000000001,
    "n": 135
  },
  "7": {
    "mean": 16.003703703703703,
    "std": 8.966383382185345,
    "p10": 5.0,
    "p90": 28.060000000000002,
    "n": 135
  },
  "8": {
    "mean": 16.340579710144926,
    "std": 9.079507990795193,
    "p10": 5.0,
    "p90": 28.299999999999997,
    "n": 138
  },
  "9": {
    "mean": 17.521323529411767,
    "std": 9.013647332533825,
    "p10": 5.0,
    "p90": 29.0,
    "n": 136
  },
  "10": {
    "mean": 16.633561643835616,
    "std": 9.205869772144897,
    "p10": 5.699999999999999,
    "p90": 30.0,
    "n": 146
  },
  "11": {
    "mean": 17.7970802919708,
    "std": 9.665310481652481,
    "p10": 6.0,
    "p90": 31.0,
    "n": 137
  },
  "12": {
    "mean": 18.48611111111111,
    "std": 9.388347271541704,
    "p10": 6.0,
    "p90": 31.0,
    "n": 144
  },
  "13": {
    "mean": 16.26184210526316,
    "std": 8.774156318457745,
    "p10": 5.0,
    "p90": 28.900000000000006,
    "n": 152
  },
  "14": {
    "mean": 13.246575342465754,
    "std": 6.548441924542966,
    "p10": 5.0,
    "p90": 22.0,
    "n": 146
  },
  "15": {
    "mean": 9.580405405405406,
    "std": 4.708938652805848,
    "p10": 3.0,
    "p90": 15.300000000000011,
    "n": 148
  },
  "16": {
    "mean": 6.966883116883118,
    "std": 3.8775717621422268,
    "p10": 3.0,
    "p90": 11.0,
    "n": 154
  },
  "17": {
    "mean": 4.849019607843138,
    "std": 3.836324269522689,
    "p10": 1.3600000000000032,
    "p90": 7.0,
    "n": 153
  },
  "18": {
    "mean": 3.002158273381295,
    "std": 3.4758059773467376,
    "p10": 0.6399999999999983,
    "p90": 5.0,
    "n": 139
  },
  "19": {
    "mean": 2.182962962962963,
    "std": 3.752184254234132,
    "p10": 0.0,
    "p90": 5.0,
    "n": 135
  },
  "20": {
    "mean": 1.7070921985815601,
    "std": 3.8749312508200173,
    "p10": 0.0,
    "p90": 5.0,
    "n": 141
  },
  "21": {
    "mean": 2.822302158273381,
    "std": 4.555599248917147,
    "p10": 0.0,
    "p90": 7.200000000000003,
    "n": 139
  },
  "22": {
    "mean": 5.019852941176471,
    "std": 4.901123376184675,
    "p10": 1.0,
    "p90": 9.0,
    "n": 136
  },
  "23": {
    "mean": 8.847727272727273,
    "std": 5.343176656261131,
    "p10": 3.0,
    "p90": 15.900000000000006,
    "n": 132
  }
}