{
  "0": {
    "mean": 6.574074074074074,
    "std": 3.8380338450463385,
    "p10": 1.0,
    "p90": 11.0,
    "n": 162
  },
  "1": {
    "mean": 9.937888198757763,
    "std": 4.027544911285578,
    "p10": 4.0,
    "p90": 14.0,
    "n": 161
  },
  "2": {
    "mean": 12.114649681528663,
    "std": 4.329339608647385,
    "p10": 6.0,
    "p90": 17.0,
    "n": 157
  },
  "3": {
    "mean": 13.08974358974359,
    "std": 4.3852712350318015,
    "p10": 7.0,
    "p90": 18.5,
    "n": 156
  },
  "4": {
    "mean": 14.28176100628931,
    "std": 4.311962391306248,
    "p10": 9.0,
    "p90": 20.0,
    "n": 159
  },
  "5": {
    "mean": 15.184713375796179,
    "std": 4.282974128484626,
    "p10": 10.0,
    "p90": 20.0,
    "n": 157
  },
  "6": {
    "mean": 16.087058823529414,
    "std": 4.29486519438497,
    "p10": 11.0,
    "p90": 22.0,
    "n": 170
  },
  "7": {
    "mean": 16.8109756097561,
    "std": 4.6425216888349885,
    "p10": 10.0,
    "p90": 23.0,
    "n": 164
  },
  "8": {
    "mean": 17.385454545454547,
    "std": 4.683992649406016,
    "p10": 11.0,
    "p90": 24.0,
    "n": 165
  },
  "9": {
    "mean": 18.194791666666667,
    "std": 4.337318152059114,
    "p10": 12.0,
    "p90": 24.0,
    "n": 192
  },
  "10": {
    "mean": 18.61878453038674,
    "std": 4.598197794665913,
    "p10": 13.0,
    "p90": 25.0,
    "n": 181
  },
  "11": {
    "mean": 18.273809523809526,
    "std": 4.546107607906268,
    "p10": 12.7,
    "p90": 24.0,
    "n": 168
  },
  "12": {
    "mean": 15.656353591160222,
    "std": 4.113841941388016,
    "p10": 10.0,
    "p90": 21.0,
    "n": 181
  },
  "13": {
    "mean": 12.855865921787709,
    "std": 3.2928944106818188,
    "p10": 9.0,
    "p90": 17.0,
    "n": 179
  },
  "14": {
    "mean": 10.409356725146198,
    "std": 3.431124862061631,
    "p10": 7.0,
    "p90": 15.0,
    "n": 171
  },
  "15": {
    "mean": 8.404444444444445,
    "std": 3.7599450581719633,
    "p10": 5.0,
    "p90": 12.0,
    "n": 180
  },
  "16": {
    "mean": 6.592090395480226,
    "std": 4.087751192277238,
    "p10": 3.0,
    "p90": 12.0,
    "n": 177
  },
  "17": {
    "mean": 4.781609195402299,
    "std": 3.6855765969749297,
    "p10": 2.0,
    "p90": 9.0,
    "n": 174
  },
  "18": {
    "mean": 3.3251533742331287,
    "std": 3.62583908651079,
    "p10": 1.0,
    "p90": 7.0,
    "n": 163
  },
  "19": {
    "mean": 1.8877419354838711,
    "std": 2.889307099874608,
    "p10": 0.0,
    "p90": 5.0,
    "n": 155
  },
  "20": {
    "mean": 1.8895705521472392,
    "std": 3.095209630048068,
    "p10": 0.0,
    "p90": 5.0,
    "n": 163
  },
  "21": {
    "mean": 1.9162500000000002,
    "std": 3.428659959736,
    "p10": 0.0,
    "p90": 5.0,
    "n": 160
  },
  "22": {
    "mean": 3.1490683229813663,
    "std": 4.254719703053632,
    "p10": 0.0,
    "p90": 10.0,
    "n": 161
  },
  "23": {
    "mean": 4.612121212121212,
    "std": 4.377865443212776,
    "p10": 1.0,
    "p90": 11.599999999999994,
    "n": 165
  }
}