{
  "0": {
    "mean": 7.386754966887418,
    "std": 4.332123043754087,
    "p10": 2.0,
    "p90": 12.200000000000003,
    "n": 151
  },
  "1": {
    "mean": 10.89178082191781,
    "std": 4.328518211842287,
    "p10": 6.0,
    "p90": 16.0,
    "n": 146
  },
  "2": {
    "mean": 12.508450704225352,
    "std": 4.6440153352161655,
    "p10": 7.0,
    "p90": 18.0,
    "n": 142
  },
  "3": {
    "mean": 13.904,
    "std": 4.855093222724178,
    "p10": 8.0,
    "p90": 20.0,
    "n": 150
  },
  "4": {
    "mean": 15.001360544217686,
    "std": 4.4807348100072435,
    "p10": 10.0,
    "p90": 20.400000000000006,
    "n": 147
  },
  "5": {
    "mean": 16.33103448275862,
    "std": 4.643536685565387,
    "p10": 10.0,
    "p90": 22.0,
    "n": 145
  },
  "6": {
    "mean": 17.230555555555554,
    "std": 5.049811708430157,
    "p10": 10.0,
    "p90": 23.0,
    "n": 144
  },
  "7": {
    "mean": 17.927891156462586,
    "std": 5.374671475311214,
    "p10": 10.0,
    "p90": 24.0,
    "n": 147
  },
  "8": {
    "mean": 18.501315789473683,
    "std": 5.48679313620298,
    "p10": 10.100000000000001,
    "p90": 24.900000000000006,
    "n": 152
  },
  "9": {
    "mean": 19.343790849673205,
    "std": 5.618552797199269,
    "p10": 11.200000000000001,
    "p90": 25.80000000000001,
    "n": 153
  },
  "10": {
    "mean": 20.264473684210525,
    "std": 5.671707498304437,
    "p10": 12.0,
    "p90": 27.0,
    "n": 152
  },
  "11": {
    "mean": 20.05945945945946,
    "std": 5.9507483990292664,
    "p10": 12.0,
    "p90": 27.0,
    "n": 148
  },
  "12": {
    "mean": 18.508496732026146,
    "std": 4.874098401275686,
    "p10": 11.200000000000001,
    "p90": 24.0,
    "n": 153
  },
  "13": {
    "mean": 15.507792207792207,
    "std": 3.85007482259069,
    "p10": 9.3,
    "p90": 20.0,
    "n": 154
  },
  "14": {
    "mean": 12.49054054054054,
    "std": 3.4238327935729114,
    "p10": 9.0,
    "p90": 17.30000000000001,
    "n": 148
  },
  "15": {
    "mean": 9.677027027027027,
    "std": 3.479582713948633,
    "p10": 6.0,
    "p90": 14.0,
    "n": 148
  },
  "16": {
    "mean": 6.816783216783216,
    "std": 3.444325523499344,
    "p10": 4.0,
    "p90": 10.799999999999997,
    "n": 143
  },
  "17": {
    "mean": 4.853424657534246,
    "std": 3.0946709341763783,
    "p10": 2.0,
    "p90": 8.5,
    "n": 146
  },
  "18": {
    "mean": 3.3167785234899334,
    "std": 2.9495854652532016,
    "p10": 1.0,
    "p90": 7.200000000000017,
    "n": 149
  },
  "19": {
    "mean": 2.6119999999999997,
    "std": 4.103377557884521,
    "p10": 0.0,
    "p90": 7.099999999999994,
    "n": 150
  },
  "20": {
    "mean": 2.1319999999999997,
    "std": 4.021341056490661,
    "p10": 0.0,
    "p90": 9.0,
    "n": 150
  },
  "21": {
    "mean": 2.2816901408450705,
    "std": 4.6396475122640695,
    "p10": 0.0,
    "p90": 8.900000000000006,
    "n": 142
  },
  "22": {
    "mean": 2.988965517241379,
    "std": 4.778178366882835,
    "p10": 0.0,
    "p90": 9.0,
    "n": 145
  },
  "23": {
    "mean": 4.6748299319727895,
    "std": 4.748826005423117,
    "p10": 1.0,
    "p90": 11.0,
    "n": 147
  }
}