{
  "0": {
    "mean": 7.770053475935829,
    "std": 5.592387442671773,
    "p10": 0.0,
    "p90": 15.0,
    "n": 187
  },
  "1": {
    "mean": 9.685207100591716,
    "std": 5.395794778912532,
    "p10": 3.0,
    "p90": 17.200000000000017,
    "n": 169
  },
  "2": {
    "mean": 11.00701754385965,
    "std": 5.559851658488405,
    "p10": 4.0,
    "p90": 18.0,
    "n": 171
  },
  "3": {
    "mean": 12.064772727272727,
    "std": 5.7601694374429595,
    "p10": 5.0,
    "p90": 19.0,
    "n": 176
  },
  "4": {
    "mean": 12.713186813186814,
    "std": 5.9822335264437845,
    "p10": 6.0,
    "p90": 21.0,
    "n": 182
  },
  "5": {
    "mean": 14.048780487804878,
    "std": 6.130287754381418,
    "p10": 7.0,
    "p90": 22.0,
    "n": 164
  },
  "6": {
    "mean": 14.895454545454545,
    "std": 6.593952365024166,
    "p10": 7.0,
    "p90": 23.5,
    "n": 176
  },
  "7": {
    "mean": 15.41578947368421,
    "std": 6.651630914135121,
    "p10": 7.0,
    "p90": 25.0,
    "n": 190
  },
  "8": {
    "mean": 16.334831460674156,
    "std": 6.566394518842419,
    "p10": 8.419999999999996,
    "p90": 25.0,
    "n": 178
  },
  "9": {
    "mean": 16.776288659793813,
    "std": 6.48994875628837,
    "p10": 9.0,
    "p90": 25.0,
    "n": 194
  },
  "10": {
    "mean": 17.16082474226804,
    "std": 6.596977745790266,
    "p10": 9.0,
    "p90": 25.700000000000017,
    "n": 194
  },
  "11": {
    "mean": 16.64390243902439,
    "std": 6.727076134827713,
    "p10": 8.400000000000002,
    "p90": 26.0,
    "n": 205
  },
  "12": {
    "mean": 15.46965174129353,
    "std": 5.440948849062033,
    "p10": 9.0,
    "p90": 22.0,
    "n": 201
  },
  "13": {
    "mean": 13.120812182741117,
    "std": 4.427583225027476,
    "p10": 8.0,
    "p90": 18.0,
    "n": 197
  },
  "14": {
    "mean": 10.404040404040405,
    "std": 3.990901306338945,
    "p10": 5.0,
    "p90": 15.0,
    "n": 198
  },
  "15": {
    "mean": 8.360000000000001,
    "std": 3.5806180188377255,
    "p10": 4.0,
    "p90": 12.0,
    "n": 190
  },
  "16": {
    "mean": 6.8585365853658535,
    "std": 4.092998302323323,
    "p10": 3.0,
    "p90": 11.0,
    "n": 205
  },
  "17": {
    "mean": 5.493193717277487,
    "std": 4.179638080423798,
    "p10": 2.0,
    "p90": 9.200000000000003,
    "n": 191
  },
  "18": {
    "mean": 3.994413407821229,
    "std": 4.077200524902922,
    "p10": 1.0,
    "p90": 8.200000000000017,
    "n": 179
  },
  "19": {
    "mean": 3.3362162162162163,
    "std": 4.52500741733199,
    "p10": 0.0,
    "p90": 8.599999999999994,
    "n": 185
  },
  "20": {
    "mean": 2.946067415730337,
    "std": 5.782519072194074,
    "p10": 0.0,
    "p90": 7.0,
    "n": 178
  },
  "21": {
    "mean": 3.053038674033149,
    "std": 5.079616580417421,
    "p10": 0.0,
    "p90": 9.0,
    "n": 181
  },
  "22": {
    "mean": 2.990960451977401,
    "std": 4.132015753349335,
    "p10": 0.0,
    "p90": 8.0,
    "n": 177
  },
  "23": {
    "mean": 4.787058823529412,
    "std": 5.190895266248238,
    "p10": 1.0,
    "p90": 11.079999999999995,
    "n": 170
  }
}