{
  "0": {
    "mean": 10.639506172839505,
    "std": 8.215077473235782,
    "p10": 0.0,
    "p90": 22.0,
    "n": 162
  },
  "1": {
    "mean": 12.738709677419354,
    "std": 8.57608716440832,
    "p10": 1.4000000000000004,
    "p90": 25.0,
    "n": 155
  },
  "2": {
    "mean": 13.932704402515725,
    "std": 9.292561996710162,
    "p10": 2.0,
    "p90": 27.0,
    "n": 159
  },
  "3": {
    "mean": 15.04102564102564,
    "std": 9.50817557748286,
    "p10": 2.799999999999997,
    "p90": 29.95,
    "n": 156
  },
  "4": {
    "mean": 15.5625,
    "std": 9.783748236731586,
    "p10": 3.9899999999999998,
    "p90": 31.0,
    "n": 160
  },
  "5": {
    "mean": 17.359210526315792,
    "std": 9.89612510469808,
    "p10": 5.0,
    "p90": 31.900000000000006,
    "n": 152
  },
  "6": {
    "mean": 17.388271604938268,
    "std": 10.195184503294062,
    "p10": 5.0,
    "p90": 32.0,
    "n": 162
  },
  "7": {
    "mean": 18.778395061728393,
    "std": 9.884813115452861,
    "p10": 6.799999999999999,
    "p90": 33.0,
    "n": 162
  },
  "8": {
    "mean": 19.69382716049383,
    "std": 10.265304837096286,
    "p10": 7.0,
    "p90": 33.910000000000004,
    "n": 162
  },
  "9": {
    "mean": 19.720710059171598,
    "std": 10.65324607214943,
    "p10": 5.0,
    "p90": 33.280000000000015,
    "n": 169
  },
  "10": {
    "mean": 20.563803680981597,
    "std": 10.416095226316342,
    "p10": 7.0,
    "p90": 34.80000000000001,
    "n": 163
  },
  "11": {
    "mean": 21.447741935483872,
    "std": 10.556891855430553,
    "p10": 7.4,
    "p90": 36.0,
    "n": 155
  },
  "12": {
    "mean": 21.825,
    "std": 10.827557292968498,
    "p10": 7.0,
    "p90": 36.73000000000002,
    "n": 164
  },
  "13": {
    "mean": 21.62603550295858,
    "std": 10.739680939823504,
    "p10": 8.0,
    "p90": 35.1,
    "n": 169
  },
  "14": {
    "mean": 17.95060975609756,
    "std": 9.074183002999709,
    "p10": 6.999999999999998,
    "p90": 28.630000000000013,
    "n": 164
  },
  "15": {
    "mean": 14.802380952380954,
    "std": 7.619490862499075,
    "p10": 6.699999999999998,
    "p90": 22.37000000000001,
    "n": 168
  },
  "16": {
    "mean": 11.821250000000001,
    "std": 7.372713482026155,
    "p10": 5.0,
    "p90": 18.49999999999997,
    "n": 160
  },
  "17": {
    "mean": 8.94367088607595,
    "std": 6.962487599451992,
    "p10": 3.0,
    "p90": 13.300000000000011,
    "n": 158
  },
  "18": {
    "mean": 6.984516129032257,
    "std": 7.628059462304443,
    "p10": 2.0,
    "p90": 12.519999999999996,
    "n": 155
  },
  "19": {
    "mean": 6.135483870967742,
    "std": 8.833346955326714,
    "p10": 1.0,
    "p90": 18.799999999999983,
    "n": 155
  },
  "20": {
    "mean": 4.62,
    "std": 8.608502118535622,
    "p10": 0.0,
    "p90": 12.299999999999983,
    "n": 150
  },
  "21": {
    "mean": 4.06,
    "std": 8.275426548750112,
    "p10": 0.0,
    "p90": 11.0,
    "n": 150
  },
  "22": {
    "mean": 5.005442176870748,
    "std": 8.642708402810843,
    "p10": 0.0,
    "p90": 11.800000000000011,
    "n": 147
  },
  "23": {
    "mean": 7.466060606060605,
    "std": 7.09493547444573,
    "p10": 2.0,
    "p90": 14.0,
    "n": 165
  }
}