{
  "0": {
    "mean": 8.64642857142857,
    "std": 6.714965793779879,
    "p10": 0.0,
    "p90": 17.30000000000001,
    "n": 168
  },
  "1": {
    "mean": 10.588165680473374,
    "std": 6.957000726983125,
    "p10": 2.0,
    "p90": 19.0,
    "n": 169
  },
  "2": {
    "mean": 12.290395480225989,
    "std": 6.914803648824575,
    "p10": 4.0,
    "p90": 21.400000000000006,
    "n": 177
  },
  "3": {
    "mean": 13.496132596685085,
    "std": 7.476023635900478,
    "p10": 4.0,
    "p90": 24.0,
    "n": 181
  },
  "4": {
    "mean": 14.349707602339182,
    "std": 7.6069965803084365,
    "p10": 4.599999999999994,
    "p90": 25.0,
    "n": 171
  },
  "5": {
    "mean": 15.171428571428573,
    "std": 8.247904054986126,
    "p10": 5.0,
    "p90": 26.0,
    "n": 168
  },
  "6": {
    "mean": 16.108670520231215,
    "std": 8.120128949249507,
    "p10": 6.520000000000004,
    "p90": 27.0,
    "n": 173
  },
  "7": {
    "mean": 16.948022598870057,
    "std": 8.072653686672115,
    "p10": 7.0,
    "p90": 28.0,
    "n": 177
  },
  "8": {
    "mean": 17.31475409836066,
    "std": 8.157740935116466,
    "p10": 7.0,
    "p90": 29.0,
    "n": 183
  },
  "9": {
    "mean": 18.092934782608694,
    "std": 8.282241458712905,
    "p10": 7.300000000000001,
    "p90": 29.700000000000017,
    "n": 184
  },
  "10": {
    "mean": 18.348387096774193,
    "std": 8.383427834087087,
    "p10": 7.5,
    "p90": 30.0,
    "n": 186
  },
  "11": {
    "mean": 18.781420765027324,
    "std": 8.030592888832047,
    "p10": 8.2,
    "p90": 30.0,
    "n": 183
  },
  "12": {
    "mean": 18.578260869565216,
    "std": 7.442219336520975,
    "p10": 9.0,
    "p90": 29.0,
    "n": 184
  },
  "13": {
    "mean": 16.13717277486911,
    "std": 5.912540674522795,
    "p10": 8.0,
    "p90": 24.0,
    "n": 191
  },
  "14": {
    "mean": 13.141304347826088,
    "std": 4.930071706633617,
    "p10": 7.0,
    "p90": 19.0,
    "n": 184
  },
  "15": {
    "mean": 10.386666666666667,
    "std": 4.680906181666562,
    "p10": 5.0,
    "p90": 16.099999999999994,
    "n": 180
  },
  "16": {
    "mean": 8.353846153846154,
    "std": 4.531395884413925,
    "p10": 3.1000000000000014,
    "p90": 14.0,
    "n": 182
  },
  "17": {
    "mean": 6.327058823529411,
    "std": 4.37960275508833,
    "p10": 2.0,
    "p90": 13.0,
    "n": 170
  },
  "18": {
    "mean": 4.4739393939393945,
    "std": 4.2123062591286935,
    "p10": 1.0,
    "p90": 10.599999999999994,
    "n": 165
  },
  "19": {
    "mean": 3.954651162790698,
    "std": 4.630439762292651,
    "p10": 0.0,
    "p90": 11.0,
    "n": 172
  },
  "20": {
    "mean": 2.8536585365853657,
    "std": 4.268940332643339,
    "p10": 0.0,
    "p90": 10.0,
    "n": 164
  },
  "21": {
    "mean": 3.086792452830189,
    "std": 4.432933611731475,
    "p10": 0.0,
    "p90": 11.0,
    "n": 159
  },
  "22": {
    "mean": 3.915151515151515,
    "std": 4.64522579540735,
    "p10": 0.0,
    "p90": 11.0,
    "n": 165
  },
  "23": {
    "mean": 5.19235668789809,
    "std": 4.235556776303619,
    "p10": 2.0,
    "p90": 11.0,
    "n": 157
  }
}