{
  "0": {
    "mean": 10.45,
    "std": 6.775650076728,
    "p10": 0.0,
    "p90": 19.0,
    "n": 160
  },
  "1": {
    "mean": 12.120253164556962,
    "std": 7.21230158846782,
    "p10": 1.700000000000001,
    "p90": 21.0,
    "n": 158
  },
  "2": {
    "mean": 13.255952380952381,
    "std": 7.66202004587221,
    "p10": 3.0,
    "p90": 23.0,
    "n": 168
  },
  "3": {
    "mean": 14.511111111111111,
    "std": 7.883896054202138,
    "p10": 3.0,
    "p90": 25.0,
    "n": 171
  },
  "4": {
    "mean": 15.401197604790418,
    "std": 8.303765933453606,
    "p10": 3.0,
    "p90": 26.0,
    "n": 167
  },
  "5": {
    "mean": 15.729213483146069,
    "std": 8.4032103395467,
    "p10": 5.0,
    "p90": 26.0,
    "n": 178
  },
  "6": {
    "mean": 17.334146341463416,
    "std": 8.46687112390165,
    "p10": 5.300000000000001,
    "p90": 27.0,
    "n": 164
  },
  "7": {
    "mean": 18.515151515151516,
    "std": 8.272497824193938,
    "p10": 7.0,
    "p90": 28.599999999999994,
    "n": 165
  },
  "8": {
    "mean": 18.337209302325583,
    "std": 8.709892829543609,
    "p10": 5.0,
    "p90": 28.0,
    "n": 172
  },
  "9": {
    "mean": 19.849367088607593,
    "std": 8.49601440343462,
    "p10": 7.0,
    "p90": 30.0,
    "n": 158
  },
  "10": {
    "mean": 19.63583815028902,
    "std": 9.008386855652583,
    "p10": 7.0,
    "p90": 30.0,
    "n": 173
  },
  "11": {
    "mean": 19.992571428571427,
    "std": 9.132095837442602,
    "p10": 7.0,
    "p90": 31.599999999999994,
    "n": 175
  },
  "12": {
    "mean": 20.786206896551725,
    "std": 8.447281909369924,
    "p10": 10.3,
    "p90": 31.0,
    "n": 174
  },
  "13": {
    "mean": 17.710588235294118,
    "std": 6.871603923418036,
    "p10": 8.0,
    "p90": 27.0,
    "n": 170
  },
  "14": {
    "mean": 13.79657142857143,
    "std": 4.741670217676675,
    "p10": 7.400000000000002,
    "p90": 20.0,
    "n": 175
  },
  "15": {
    "mean": 10.447058823529412,
    "std": 3.988462302063399,
    "p10": 6.0,
    "p90": 15.0,
    "n": 170
  },
  "16": {
    "mean": 7.806060606060606,
    "std": 4.008979204809773,
    "p10": 4.0,
    "p90": 12.0,
    "n": 165
  },
  "17": {
    "mean": 5.1497076023391815,
    "std": 3.8024198838140197,
    "p10": 2.0,
    "p90": 8.0,
    "n": 171
  },
  "18": {
    "mean": 3.536094674556213,
    "std": 3.940169973434498,
    "p10": 1.0,
    "p90": 6.0,
    "n": 169
  },
  "19": {
    "mean": 2.0625,
    "std": 3.3938299546391963,
    "p10": 0.0,
    "p90": 4.0,
    "n": 160
  },
  "20": {
    "mean": 1.455128205128205,
    "std": 3.283080671128085,
    "p10": 0.0,
    "p90": 4.0,
    "n": 156
  },
  "21": {
    "mean": 1.9850931677018635,
    "std": 3.562271241429483,
    "p10": 0.0,
    "p90": 6.0,
    "n": 161
  },
  "22": {
    "mean": 3.66875,
    "std": 3.6371975441049083,
    "p10": 1.0,
    "p90": 9.099999999999994,
    "n": 160
  },
  "23": {
    "mean": 7.484472049689441,
    "std": 3.4930387738724575,
    "p10": 4.0,
    "p90": 12.0,
    "n": 161
  }
}