{
  "0": {
    "mean": 6.906578947368421,
    "std": 4.10820002241731,
    "p10": 2.0,
    "p90": 12.0,
    "n": 152
  },
  "1": {
    "mean": 10.853333333333333,
    "std": 6.185484921463033,
    "p10": 5.0,
    "p90": 16.0,
    "n": 150
  },
  "2": {
    "mean": 12.460402684563757,
    "std": 3.864929263922934,
    "p10": 7.0,
    "p90": 17.0,
    "n": 149
  },
  "3": {
    "mean": 14.06225165562914,
    "std": 3.814861145954581,
    "p10": 9.0,
    "p90": 18.0,
    "n": 151
  },
  "4": {
    "mean": 15.163522012578616,
    "std": 3.7935224835729047,
    "p10": 9.8,
    "p90": 20.0,
    "n": 159
  },
  "5": {
    "mean": 16.480263157894736,
    "std": 4.016473354627788,
    "p10": 11.0,
    "p90": 21.900000000000006,
    "n": 152
  },
  "6": {
    "mean": 17.459060402684564,
    "std": 4.489597788263545,
    "p10": 11.0,
    "p90": 23.0,
    "n": 149
  },
  "7": {
    "mean": 17.89090909090909,
    "std": 4.709611416139119,
    "p10": 12.0,
    "p90": 24.0,
    "n": 154
  },
  "8": {
    "mean": 18.512820512820515,
    "std": 4.582557645467008,
    "p10": 12.5,
    "p90": 24.5,
    "n": 156
  },
  "9": {
    "mean": 19.434838709677418,
    "std": 4.61466597049787,
    "p10": 13.0,
    "p90": 26.0,
    "n": 155
  },
  "10": {
    "mean": 19.737579617834395,
    "std": 4.982731899382141,
    "p10": 13.0,
    "p90": 26.400000000000006,
    "n": 157
  },
  "11": {
    "mean": 20.00891719745223,
    "std": 4.905744615272921,
    "p10": 13.0,
    "p90": 27.0,
    "n": 157
  },
  "12": {
    "mean": 17.577777777777776,
    "std": 3.7859498344627265,
    "p10": 13.0,
    "p90": 23.0,
    "n": 162
  },
  "13": {
    "mean": 14.676300578034683,
    "std": 3.089623323517059,
    "p10": 11.0,
    "p90": 18.0,
    "n": 173
  },
  "14": {
    "mean": 11.709876543209877,
    "std": 3.204581539266337,
    "p10": 8.0,
    "p90": 15.0,
    "n": 162
  },
  "15": {
    "mean": 9.14375,
    "std": 3.3115898536036394,
    "p10": 5.0,
    "p90": 14.0,
    "n": 160
  },
  "16": {
    "mean": 6.509316770186335,
    "std": 3.2212536620513927,
    "p10": 3.0,
    "p90": 11.0,
    "n": 161
  },
  "17": {
    "mean": 4.406666666666666,
    "std": 2.717323660280525,
    "p10": 2.0,
    "p90": 8.099999999999994,
    "n": 150
  },
  "18": {
    "mean": 3.0438709677419356,
    "std": 2.6545008059326536,
    "p10": 1.0,
    "p90": 7.0,
    "n": 155
  },
  "19": {
    "mean": 2.1630573248407643,
    "std": 2.767931900011821,
    "p10": 0.0,
    "p90": 5.400000000000006,
    "n": 157
  },
  "20": {
    "mean": 2.0451612903225804,
    "std": 3.593106559308228,
    "p10": 0.0,
    "p90": 5.599999999999994,
    "n": 155
  },
  "21": {
    "mean": 2.265359477124183,
    "std": 4.428961507441639,
    "p10": 0.0,
    "p90": 8.600000000000023,
    "n": 153
  },
  "22": {
    "mean": 3.1151898734177212,
    "std": 4.726523307377571,
    "p10": 0.0,
    "p90": 13.0,
    "n": 158
  },
  "23": {
    "mean": 4.77012987012987,
    "std": 5.455262253781508,
    "p10": 1.0,
    "p90": 15.0,
    "n": 154
  }
}