{
  "0": {
    "mean": 10.65359477124183,
    "std": 6.796206625214097,
    "p10": 0.20000000000000107,
    "p90": 19.0,
    "n": 153
  },
  "1": {
    "mean": 12.269736842105264,
    "std": 7.218418673242072,
    "p10": 2.0,
    "p90": 21.0,
    "n": 152
  },
  "2": {
    "mean": 13.687898089171975,
    "std": 7.629945645523968,
    "p10": 3.0,
    "p90": 23.400000000000006,
    "n": 157
  },
  "3": {
    "mean": 14.769325153374234,
    "std": 7.852296442335454,
    "p10": 3.0,
    "p90": 25.0,
    "n": 163
  },
  "4": {
    "mean": 15.685534591194969,
    "std": 8.277725460214414,
    "p10": 3.0,
    "p90": 26.0,
    "n": 159
  },
  "5": {
    "mean": 16.063905325443788,
    "std": 8.261366564606178,
    "p10": 5.0,
    "p90": 26.0,
    "n": 169
  },
  "6": {
    "mean": 17.76645161290323,
    "std": 8.25266015687374,
    "p10": 6.0,
    "p90": 27.0,
    "n": 155
  },
  "7": {
    "mean": 18.955128205128204,
    "std": 8.057329221088446,
    "p10": 9.0,
    "p90": 29.0,
    "n": 156
  },
  "8": {
    "mean": 18.791411042944784,
    "std": 8.500874310684173,
    "p10": 5.199999999999999,
    "p90": 28.80000000000001,
    "n": 163
  },
  "9": {
    "mean": 20.073684210526313,
    "std": 8.315936482545776,
    "p10": 9.100000000000001,
    "p90": 30.0,
    "n": 152
  },
  "10": {
    "mean": 20.109756097560975,
    "std": 8.68746519267208,
    "p10": 8.600000000000001,
    "p90": 30.700000000000017,
    "n": 164
  },
  "11": {
    "mean": 20.72987804878049,
    "std": 8.640894209847316,
    "p10": 11.0,
    "p90": 32.0,
    "n": 164
  },
  "12": {
    "mean": 21.15542168674699,
    "std": 8.208506349377403,
    "p10": 11.0,
    "p90": 31.5,
    "n": 166
  },
  "13": {
    "mean": 17.968098159509204,
    "std": 6.645370666783549,
    "p10": 9.0,
    "p90": 27.0,
    "n": 163
  },
  "14": {
    "mean": 14.109756097560975,
    "std": 4.629873913562231,
    "p10": 9.0,
    "p90": 20.0,
    "n": 164
  },
  "15": {
    "mean": 10.604938271604938,
    "std": 3.9821933228765056,
    "p10": 6.0,
    "p90": 15.0,
    "n": 162
  },
  "16": {
    "mean": 7.916666666666667,
    "std": 4.06552513504171,
    "p10": 4.0,
    "p90": 12.0,
    "n": 156
  },
  "17": {
    "mean": 5.213580246913581,
    "std": 3.8700715992034804,
    "p10": 2.0,
    "p90": 8.0,
    "n": 162
  },
  "18": {
    "mean": 3.5937888198757766,
    "std": 4.010138548744197,
    "p10": 1.0,
    "p90": 6.0,
    "n": 161
  },
  "19": {
    "mean": 2.090909090909091,
    "std": 3.44587209023634,
    "p10": 0.0,
    "p90": 4.0,
    "n": 154
  },
  "20": {
    "mean": 1.483221476510067,
    "std": 3.3543115192516457,
    "p10": 0.0,
    "p90": 4.0,
    "n": 149
  },
  "21": {
    "mean": 2.029677419354839,
    "std": 3.621063454928216,
    "p10": 0.0,
    "p90": 6.120000000000001,
    "n": 155
  },
  "22": {
    "mean": 3.707792207792208,
    "std": 3.683429285726198,
    "p10": 1.0,
    "p90": 9.700000000000017,
    "n": 154
  },
  "23": {
    "mean": 7.65359477124183,
    "std": 3.4552025255553493,
    "p10": 4.0,
    "p90": 12.0,
    "n": 153
  }
}