{
  "0": {
    "mean": 6.936551724137931,
    "std": 4.196738379601465,
    "p10": 2.0,
    "p90": 12.0,
    "n": 145
  },
  "1": {
    "mean": 10.943661971830986,
    "std": 6.301834302238503,
    "p10": 6.0,
    "p90": 16.0,
    "n": 142
  },
  "2": {
    "mean": 12.532394366197183,
    "std": 3.896817200905504,
    "p10": 8.0,
    "p90": 17.0,
    "n": 142
  },
  "3": {
    "mean": 14.176388888888889,
    "std": 3.8658263595398896,
    "p10": 9.0,
    "p90": 19.0,
    "n": 144
  },
  "4": {
    "mean": 15.25,
    "std": 3.8382011515122807,
    "p10": 10.0,
    "p90": 20.0,
    "n": 152
  },
  "5": {
    "mean": 16.593103448275862,
    "std": 4.044022598100356,
    "p10": 11.0,
    "p90": 22.0,
    "n": 145
  },
  "6": {
    "mean": 17.577304964539007,
    "std": 4.561145983730815,
    "p10": 11.0,
    "p90": 24.0,
    "n": 141
  },
  "7": {
    "mean": 18.00816326530612,
    "std": 4.771081698724262,
    "p10": 12.0,
    "p90": 24.0,
    "n": 147
  },
  "8": {
    "mean": 18.66216216216216,
    "std": 4.624033716384348,
    "p10": 13.0,
    "p90": 25.0,
    "n": 148
  },
  "9": {
    "mean": 19.574149659863945,
    "std": 4.639985363040419,
    "p10": 13.0,
    "p90": 26.0,
    "n": 147
  },
  "10": {
    "mean": 19.81866666666667,
    "std": 5.040099427306614,
    "p10": 13.0,
    "p90": 27.0,
    "n": 150
  },
  "11": {
    "mean": 20.11006711409396,
    "std": 4.999699247258063,
    "p10": 13.0,
    "p90": 27.0,
    "n": 149
  },
  "12": {
    "mean": 17.57254901960784,
    "std": 3.817898210956653,
    "p10": 13.0,
    "p90": 23.0,
    "n": 153
  },
  "13": {
    "mean": 14.6375,
    "std": 2.934264074751515,
    "p10": 11.0,
    "p90": 18.0,
    "n": 160
  },
  "14": {
    "mean": 11.660130718954248,
    "std": 2.9937729203447634,
    "p10": 8.0,
    "p90": 15.0,
    "n": 153
  },
  "15": {
    "mean": 9.176470588235293,
    "std": 3.262864512927463,
    "p10": 5.200000000000001,
    "p90": 14.0,
    "n": 153
  },
  "16": {
    "mean": 6.526666666666666,
    "std": 3.1848986511888455,
    "p10": 3.0,
    "p90": 11.099999999999994,
    "n": 150
  },
  "17": {
    "mean": 4.450704225352113,
    "std": 2.732980771559236,
    "p10": 2.0,
    "p90": 8.900000000000006,
    "n": 142
  },
  "18": {
    "mean": 3.1089655172413795,
    "std": 2.7622433827863753,
    "p10": 1.0,
    "p90": 7.0,
    "n": 145
  },
  "19": {
    "mean": 2.225503355704698,
    "std": 2.837708305544022,
    "p10": 0.0,
    "p90": 6.0,
    "n": 149
  },
  "20": {
    "mean": 2.1486486486486487,
    "std": 3.655440200493773,
    "p10": 0.0,
    "p90": 6.300000000000011,
    "n": 148
  },
  "21": {
    "mean": 2.367123287671233,
    "std": 4.510281122655764,
    "p10": 0.0,
    "p90": 9.5,
    "n": 146
  },
  "22": {
    "mean": 3.2198675496688742,
    "std": 4.813301290764301,
    "p10": 0.0,
    "p90": 13.0,
    "n": 151
  },
  "23": {
    "mean": 4.9156462585034015,
    "std": 5.543942772346319,
    "p10": 1.0,
    "p90": 15.400000000000006,
    "n": 147
  }
}