{
  "0": {
    "mean": 10.227439024390243,
    "std": 8.048780163032385,
    "p10": 0.0,
    "p90": 21.700000000000017,
    "n": 164
  },
  "1": {
    "mean": 11.297674418604652,
    "std": 8.204234775056968,
    "p10": 2.0,
    "p90": 23.0,
    "n": 172
  },
  "2": {
    "mean": 12.280113636363637,
    "std": 8.642202231814784,
    "p10": 2.0,
    "p90": 25.0,
    "n": 176
  },
  "3": {
    "mean": 13.254189944134078,
    "std": 8.484018140386972,
    "p10": 4.0,
    "p90": 26.0,
    "n": 179
  },
  "4": {
    "mean": 14.534117647058824,
    "std": 8.358831957998293,
    "p10": 5.0,
    "p90": 27.0,
    "n": 170
  },
  "5": {
    "mean": 15.014917127071822,
    "std": 8.892765387835997,
    "p10": 4.0,
    "p90": 27.1,
    "n": 181
  },
  "6": {
    "mean": 15.92905027932961,
    "std": 9.090805621383199,
    "p10": 5.0,
    "p90": 28.0,
    "n": 179
  },
  "7": {
    "mean": 16.476966292134833,
    "std": 9.062724164162429,
    "p10": 5.0,
    "p90": 28.93,
    "n": 178
  },
  "8": {
    "mean": 17.238547486033518,
    "std": 9.293190699860213,
    "p10": 6.0,
    "p90": 29.020000000000003,
    "n": 179
  },
  "9": {
    "mean": 17.669886363636362,
    "std": 9.479991078274065,
    "p10": 6.5,
    "p90": 30.0,
    "n": 176
  },
  "10": {
    "mean": 18.247894736842103,
    "std": 9.551479609996754,
    "p10": 7.0,
    "p90": 30.189999999999998,
    "n": 190
  },
  "11": {
    "mean": 18.377717391304348,
    "std": 9.406467557999434,
    "p10": 7.0,
    "p90": 30.730000000000015,
    "n": 184
  },
  "12": {
    "mean": 18.771891891891894,
    "std": 9.608486352607738,
    "p10": 7.0,
    "p90": 31.0,
    "n": 185
  },
  "13": {
    "mean": 19.455555555555556,
    "std": 9.63886002568051,
    "p10": 7.0,
    "p90": 31.0,
    "n": 180
  },
  "14": {
    "mean": 16.623204419889504,
    "std": 8.253559010591355,
    "p10": 5.0,
    "p90": 27.0,
    "n": 181
  },
  "15": {
    "mean": 13.148148148148149,
    "std": 6.818167163343614,
    "p10": 4.96,
    "p90": 21.0,
    "n": 189
  },
  "16": {
    "mean": 10.522159090909092,
    "std": 6.333946447310912,
    "p10": 4.0,
    "p90": 16.0,
    "n": 176
  },
  "17": {
    "mean": 7.506703910614525,
    "std": 6.030629662890904,
    "p10": 2.0,
    "p90": 13.0,
    "n": 179
  },
  "18": {
    "mean": 5.843712574850299,
    "std": 6.429239915634872,
    "p10": 2.0,
    "p90": 13.0,
    "n": 167
  },
  "19": {
    "mean": 4.651190476190477,
    "std": 7.051962720760693,
    "p10": 0.0,
    "p90": 12.300000000000011,
    "n": 168
  },
  "20": {
    "mean": 3.6881656804733725,
    "std": 7.674197775415751,
    "p10": 0.0,
    "p90": 13.0,
    "n": 169
  },
  "21": {
    "mean": 3.9853107344632774,
    "std": 8.122766059294827,
    "p10": 0.0,
    "p90": 13.0,
    "n": 177
  },
  "22": {
    "mean": 4.936723163841807,
    "std": 8.150826540434075,
    "p10": 0.0,
    "p90": 13.400000000000006,
    "n": 177
  },
  "23": {
    "mean": 8.30887573964497,
    "std": 6.983218270897111,
    "p10": 1.4800000000000015,
    "p90": 15.0,
    "n": 169
  }
}