{
  "0": {
    "mean": 9.678321678321678,
    "std": 4.57581117045113,
    "p10": 4.0,
    "p90": 15.0,
    "n": 143
  },
  "1": {
    "mean": 12.08843537414966,
    "std": 4.904464237099367,
    "p10": 6.0,
    "p90": 18.0,
    "n": 147
  },
  "2": {
    "mean": 13.663087248322148,
    "std": 4.944835539490325,
    "p10": 7.800000000000001,
    "p90": 19.200000000000017,
    "n": 149
  },
  "3": {
    "mean": 15.302013422818792,
    "std": 4.869520063462853,
    "p10": 9.0,
    "p90": 21.0,
    "n": 149
  },
  "4": {
    "mean": 16.61904761904762,
    "std": 5.015501085789187,
    "p10": 10.0,
    "p90": 22.0,
    "n": 147
  },
  "5": {
    "mean": 17.965986394557824,
    "std": 5.390777215403639,
    "p10": 11.0,
    "p90": 24.400000000000006,
    "n": 147
  },
  "6": {
    "mean": 19.39731543624161,
    "std": 5.455916034127479,
    "p10": 12.0,
    "p90": 26.200000000000017,
    "n": 149
  },
  "7": {
    "mean": 19.954666666666665,
    "std": 5.8959272334243105,
    "p10": 12.0,
    "p90": 27.0,
    "n": 150
  },
  "8": {
    "mean": 21.25234899328859,
    "std": 5.835047695358667,
    "p10": 12.0,
    "p90": 28.0,
    "n": 149
  },
  "9": {
    "mean": 21.973509933774835,
    "std": 6.0125502297195546,
    "p10": 13.0,
    "p90": 29.0,
    "n": 151
  },
  "10": {
    "mean": 22.051612903225806,
    "std": 6.324343350121182,
    "p10": 13.0,
    "p90": 29.0,
    "n": 155
  },
  "11": {
    "mean": 22.37142857142857,
    "std": 6.429402581398067,
    "p10": 13.0,
    "p90": 29.700000000000017,
    "n": 154
  },
  "12": {
    "mean": 22.044585987261147,
    "std": 6.166850949129288,
    "p10": 12.600000000000001,
    "p90": 29.0,
    "n": 157
  },
  "13": {
    "mean": 17.59880239520958,
    "std": 4.812258293400704,
    "p10": 10.0,
    "p90": 23.0,
    "n": 167
  },
  "14": {
    "mean": 13.255263157894737,
    "std": 3.4309998827149433,
    "p10": 9.0,
    "p90": 17.0,
    "n": 152
  },
  "15": {
    "mean": 9.548387096774194,
    "std": 3.1544517056802106,
    "p10": 6.0,
    "p90": 13.0,
    "n": 155
  },
  "16": {
    "mean": 6.821656050955414,
    "std": 3.1142830279819798,
    "p10": 4.0,
    "p90": 11.0,
    "n": 157
  },
  "17": {
    "mean": 4.337931034482758,
    "std": 2.664636439802219,
    "p10": 2.0,
    "p90": 7.0,
    "n": 145
  },
  "18": {
    "mean": 2.7086092715231787,
    "std": 2.4989315155975764,
    "p10": 1.0,
    "p90": 5.0,
    "n": 151
  },
  "19": {
    "mean": 1.9539473684210527,
    "std": 3.1650801979512684,
    "p10": 0.0,
    "p90": 3.0,
    "n": 152
  },
  "20": {
    "mean": 1.5496688741721854,
    "std": 3.6270993768608997,
    "p10": 0.0,
    "p90": 3.0,
    "n": 151
  },
  "21": {
    "mean": 1.3581081081081081,
    "std": 3.426606848127534,
    "p10": 0.0,
    "p90": 2.0,
    "n": 148
  },
  "22": {
    "mean": 2.1586206896551725,
    "std": 2.9265923065462354,
    "p10": 0.0,
    "p90": 4.0,
    "n": 145
  },
  "23": {
    "mean": 4.888888888888889,
    "std": 3.131413387872927,
    "p10": 2.0,
    "p90": 8.0,
    "n": 144
  }
}