{
  "0": {
    "mean": 9.759281437125749,
    "std": 7.341892961058565,
    "p10": 0.0,
    "p90": 20.0,
    "n": 167
  },
  "1": {
    "mean": 11.50432098765432,
    "std": 7.462222445209793,
    "p10": 2.0,
    "p90": 22.0,
    "n": 162
  },
  "2": {
    "mean": 12.597452229299362,
    "std": 7.5794928204974585,
    "p10": 3.0,
    "p90": 23.0,
    "n": 157
  },
  "3": {
    "mean": 13.915822784810128,
    "std": 7.704176401932202,
    "p10": 4.0,
    "p90": 25.0,
    "n": 158
  },
  "4": {
    "mean": 13.992168674698794,
    "std": 8.071303382889852,
    "p10": 4.0,
    "p90": 25.5,
    "n": 166
  },
  "5": {
    "mean": 15.300645161290323,
    "std": 8.274687554616103,
    "p10": 5.0,
    "p90": 27.0,
    "n": 155
  },
  "6": {
    "mean": 15.615950920245396,
    "std": 8.743914472012671,
    "p10": 5.0,
    "p90": 28.0,
    "n": 163
  },
  "7": {
    "mean": 16.400621118012424,
    "std": 8.944701622290218,
    "p10": 5.0,
    "p90": 29.0,
    "n": 161
  },
  "8": {
    "mean": 16.85542168674699,
    "std": 9.091277911466946,
    "p10": 5.0,
    "p90": 29.0,
    "n": 166
  },
  "9": {
    "mean": 17.988343558282207,
    "std": 8.933488062770268,
    "p10": 5.199999999999999,
    "p90": 29.72000000000001,
    "n": 163
  },
  "10": {
    "mean": 17.188953488372093,
    "std": 9.250234392992933,
    "p10": 6.0,
    "p90": 30.0,
    "n": 172
  },
  "11": {
    "mean": 18.133734939759034,
    "std": 9.620543386763043,
    "p10": 6.0,
    "p90": 31.0,
    "n": 166
  },
  "12": {
    "mean": 19.029239766081872,
    "std": 9.31950951788445,
    "p10": 6.799999999999997,
    "p90": 31.0,
    "n": 171
  },
  "13": {
    "mean": 16.769832402234638,
    "std": 8.669071038374435,
    "p10": 6.0,
    "p90": 29.0,
    "n": 179
  },
  "14": {
    "mean": 13.541040462427748,
    "std": 6.474232742867558,
    "p10": 5.0,
    "p90": 22.0,
    "n": 173
  },
  "15": {
    "mean": 9.920571428571428,
    "std": 4.699196521476288,
    "p10": 4.0,
    "p90": 16.0,
    "n": 175
  },
  "16": {
    "mean": 7.152459016393443,
    "std": 3.782083553800274,
    "p10": 3.0,
    "p90": 11.0,
    "n": 183
  },
  "17": {
    "mean": 5.1088397790055255,
    "std": 3.8771595103414405,
    "p10": 2.0,
    "p90": 8.0,
    "n": 181
  },
  "18": {
    "mean": 3.030722891566265,
    "std": 3.3136021901038006,
    "p10": 0.0,
    "p90": 5.0,
    "n": 166
  },
  "19": {
    "mean": 2.0796296296296295,
    "std": 3.5404519290584595,
    "p10": 0.0,
    "p90": 4.900000000000006,
    "n": 162
  },
  "20": {
    "mean": 1.631360946745562,
    "std": 3.664699515862247,
    "p10": 0.0,
    "p90": 4.0,
    "n": 169
  },
  "21": {
    "mean": 2.6442424242424245,
    "std": 4.309297259148111,
    "p10": 0.0,
    "p90": 6.919999999999998,
    "n": 165
  },
  "22": {
    "mean": 4.954938271604939,
    "std": 4.6308183475056035,
    "p10": 1.0,
    "p90": 9.0,
    "n": 162
  },
  "23": {
    "mean": 8.954777070063695,
    "std": 5.072379276088935,
    "p10": 3.0,
    "p90": 15.0,
    "n": 157
  }
}