{
  "0": {
    "mean": 10.001333333333333,
    "std": 5.030670851586518,
    "p10": 3.9000000000000004,
    "p90": 16.0,
    "n": 150
  },
  "1": {
    "mean": 12.093333333333334,
    "std": 4.967473621816749,
    "p10": 5.9,
    "p90": 18.0,
    "n": 150
  },
  "2": {
    "mean": 13.730718954248367,
    "std": 5.011582388062254,
    "p10": 7.200000000000001,
    "p90": 20.0,
    "n": 153
  },
  "3": {
    "mean": 15.34640522875817,
    "std": 4.928862713699662,
    "p10": 9.0,
    "p90": 21.80000000000001,
    "n": 153
  },
  "4": {
    "mean": 16.642384105960264,
    "std": 5.052186814784171,
    "p10": 10.0,
    "p90": 22.0,
    "n": 151
  },
  "5": {
    "mean": 17.913333333333334,
    "std": 5.451354941068533,
    "p10": 10.9,
    "p90": 24.099999999999994,
    "n": 150
  },
  "6": {
    "mean": 19.31503267973856,
    "std": 5.481341211709792,
    "p10": 12.0,
    "p90": 26.0,
    "n": 153
  },
  "7": {
    "mean": 19.897402597402596,
    "std": 5.874070061870043,
    "p10": 12.0,
    "p90": 27.0,
    "n": 154
  },
  "8": {
    "mean": 21.175,
    "std": 5.849608013130857,
    "p10": 12.0,
    "p90": 28.0,
    "n": 152
  },
  "9": {
    "mean": 21.883870967741935,
    "std": 6.00358641591611,
    "p10": 13.0,
    "p90": 29.0,
    "n": 155
  },
  "10": {
    "mean": 21.95625,
    "std": 6.292999879570689,
    "p10": 13.0,
    "p90": 29.0,
    "n": 160
  },
  "11": {
    "mean": 22.27974683544304,
    "std": 6.4147894355448996,
    "p10": 13.0,
    "p90": 29.30000000000001,
    "n": 158
  },
  "12": {
    "mean": 21.96273291925466,
    "std": 6.163286662526091,
    "p10": 12.0,
    "p90": 29.0,
    "n": 161
  },
  "13": {
    "mean": 17.502923976608187,
    "std": 4.8463622124420755,
    "p10": 10.0,
    "p90": 23.0,
    "n": 171
  },
  "14": {
    "mean": 13.24871794871795,
    "std": 3.4113565021043986,
    "p10": 9.0,
    "p90": 17.0,
    "n": 156
  },
  "15": {
    "mean": 9.544303797468354,
    "std": 3.1432769964713567,
    "p10": 6.0,
    "p90": 13.0,
    "n": 158
  },
  "16": {
    "mean": 6.83125,
    "std": 3.104514616858699,
    "p10": 4.0,
    "p90": 11.0,
    "n": 160
  },
  "17": {
    "mean": 4.435761589403973,
    "std": 2.720008440449183,
    "p10": 2.0,
    "p90": 8.0,
    "n": 151
  },
  "18": {
    "mean": 2.74025974025974,
    "std": 2.52973220522119,
    "p10": 1.0,
    "p90": 5.0,
    "n": 154
  },
  "19": {
    "mean": 2.0064516129032257,
    "std": 3.218245012977192,
    "p10": 0.0,
    "p90": 3.5999999999999943,
    "n": 155
  },
  "20": {
    "mean": 1.6103896103896105,
    "std": 3.691204327817043,
    "p10": 0.0,
    "p90": 3.0,
    "n": 154
  },
  "21": {
    "mean": 1.423841059602649,
    "std": 3.4822159345120345,
    "p10": 0.0,
    "p90": 2.0,
    "n": 151
  },
  "22": {
    "mean": 2.3333333333333335,
    "std": 3.1785072404204042,
    "p10": 0.0,
    "p90": 5.0,
    "n": 150
  },
  "23": {
    "mean": 5.1,
    "std": 3.3373018881451895,
    "p10": 2.0,
    "p90": 9.0,
    "n": 150
  }
}