{
  "0": {
    "mean": 6.913669064748201,
    "std": 5.7678293387541055,
    "p10": 0.0,
    "p90": 15.200000000000003,
    "n": 139
  },
  "1": {
    "mean": 7.885496183206107,
    "std": 6.099988929843732,
    "p10": 1.0,
    "p90": 17.0,
    "n": 131
  },
  "2": {
    "mean": 8.74074074074074,
    "std": 6.14618309289493,
    "p10": 2.0,
    "p90": 18.0,
    "n": 135
  },
  "3": {
    "mean": 9.592537313432837,
    "std": 6.429790006576607,
    "p10": 2.1199999999999997,
    "p90": 19.0,
    "n": 134
  },
  "4": {
    "mean": 10.344525547445256,
    "std": 6.483496239412411,
    "p10": 2.839999999999998,
    "p90": 19.0,
    "n": 137
  },
  "5": {
    "mean": 11.607692307692307,
    "std": 6.5822125280984825,
    "p10": 3.9000000000000004,
    "p90": 20.10000000000001,
    "n": 130
  },
  "6": {
    "mean": 12.223076923076922,
    "std": 6.702152129900632,
    "p10": 3.0,
    "p90": 21.10000000000001,
    "n": 130
  },
  "7": {
    "mean": 12.915384615384616,
    "std": 6.7743641429175305,
    "p10": 4.9,
    "p90": 22.10000000000001,
    "n": 130
  },
  "8": {
    "mean": 13.590977443609022,
    "std": 6.7554182366836235,
    "p10": 5.200000000000001,
    "p90": 23.0,
    "n": 133
  },
  "9": {
    "mean": 14.10077519379845,
    "std": 6.886178368251859,
    "p10": 6.0,
    "p90": 24.0,
    "n": 129
  },
  "10": {
    "mean": 14.322962962962963,
    "std": 6.91016923935503,
    "p10": 6.0,
    "p90": 25.0,
    "n": 135
  },
  "11": {
    "mean": 15.13740458015267,
    "std": 6.582918874199086,
    "p10": 7.0,
    "p90": 25.0,
    "n": 131
  },
  "12": {
    "mean": 13.847887323943663,
    "std": 6.278045934299264,
    "p10": 6.0,
    "p90": 23.0,
    "n": 142
  },
  "13": {
    "mean": 11.366666666666667,
    "std": 5.275673158254526,
    "p10": 5.0,
    "p90": 19.0,
    "n": 144
  },
  "14": {
    "mean": 9.00945945945946,
    "std": 4.2082739661119355,
    "p10": 4.0,
    "p90": 13.300000000000011,
    "n": 148
  },
  "15": {
    "mean": 6.576642335766423,
    "std": 3.7802167455311992,
    "p10": 2.0,
    "p90": 11.0,
    "n": 137
  },
  "16": {
    "mean": 4.687248322147651,
    "std": 3.449819591652075,
    "p10": 1.0,
    "p90": 9.200000000000017,
    "n": 149
  },
  "17": {
    "mean": 3.2446043165467624,
    "std": 2.9680465605812754,
    "p10": 0.0,
    "p90": 8.0,
    "n": 139
  },
  "18": {
    "mean": 2.663380281690141,
    "std": 3.2509568449230017,
    "p10": 0.0,
    "p90": 7.0,
    "n": 142
  },
  "19": {
    "mean": 2.4609929078014185,
    "std": 3.5385988560777917,
    "p10": 0.0,
    "p90": 8.0,
    "n": 141
  },
  "20": {
    "mean": 2.45985401459854,
    "std": 3.838685817055227,
    "p10": 0.0,
    "p90": 7.400000000000006,
    "n": 137
  },
  "21": {
    "mean": 3.2781954887218046,
    "std": 4.081282818715597,
    "p10": 0.0,
    "p90": 9.0,
    "n": 133
  },
  "22": {
    "mean": 5.478518518518519,
    "std": 5.022522188315068,
    "p10": 1.0,
    "p90": 12.0,
    "n": 135
  },
  "23": {
    "mean": 6.777941176470588,
    "std": 4.679137166052772,
    "p10": 2.0,
    "p90": 13.0,
    "n": 136
  }
}