{
  "0": {
    "mean": 6.34475138121547,
    "std": 4.798754186598935,
    "p10": 0.0,
    "p90": 13.0,
    "n": 181
  },
  "1": {
    "mean": 7.953293413173653,
    "std": 4.772963319272947,
    "p10": 2.0,
    "p90": 15.0,
    "n": 167
  },
  "2": {
    "mean": 9.162841530054644,
    "std": 4.55181845222347,
    "p10": 4.0,
    "p90": 15.0,
    "n": 183
  },
  "3": {
    "mean": 10.69010989010989,
    "std": 4.718391310864655,
    "p10": 5.0,
    "p90": 16.36,
    "n": 182
  },
  "4": {
    "mean": 11.626666666666667,
    "std": 4.595620942111674,
    "p10": 6.0,
    "p90": 18.0,
    "n": 180
  },
  "5": {
    "mean": 12.117714285714285,
    "std": 4.773595409781707,
    "p10": 6.0,
    "p90": 18.0,
    "n": 175
  },
  "6": {
    "mean": 13.114285714285714,
    "std": 5.044465663075143,
    "p10": 6.0,
    "p90": 19.0,
    "n": 175
  },
  "7": {
    "mean": 13.273988439306356,
    "std": 4.895425574759066,
    "p10": 7.0,
    "p90": 19.0,
    "n": 173
  },
  "8": {
    "mean": 13.829411764705883,
    "std": 4.865172048367439,
    "p10": 7.0,
    "p90": 19.0,
    "n": 170
  },
  "9": {
    "mean": 14.345882352941178,
    "std": 4.798114840390991,
    "p10": 7.0,
    "p90": 20.0,
    "n": 170
  },
  "10": {
    "mean": 14.145360824742268,
    "std": 4.836658818025173,
    "p10": 7.8599999999999985,
    "p90": 20.0,
    "n": 194
  },
  "11": {
    "mean": 13.256216216216215,
    "std": 4.3703393506629515,
    "p10": 7.0,
    "p90": 18.759999999999998,
    "n": 185
  },
  "12": {
    "mean": 11.384615384615385,
    "std": 3.539482843796527,
    "p10": 6.0,
    "p90": 16.0,
    "n": 182
  },
  "13": {
    "mean": 9.393617021276595,
    "std": 3.5103455506016084,
    "p10": 4.0,
    "p90": 14.0,
    "n": 188
  },
  "14": {
    "mean": 7.281720430107527,
    "std": 3.358601582755607,
    "p10": 4.0,
    "p90": 12.0,
    "n": 186
  },
  "15": {
    "mean": 5.827956989247312,
    "std": 3.4825391665835896,
    "p10": 2.0,
    "p90": 10.0,
    "n": 186
  },
  "16": {
    "mean": 4.363128491620111,
    "std": 2.8050082096904556,
    "p10": 1.0,
    "p90": 8.080000000000007,
    "n": 179
  },
  "17": {
    "mean": 3.3827027027027023,
    "std": 2.740224372605445,
    "p10": 0.40000000000000213,
    "p90": 7.479999999999993,
    "n": 185
  },
  "18": {
    "mean": 2.9329608938547485,
    "std": 3.0787378220812838,
    "p10": 0.0,
    "p90": 7.0,
    "n": 179
  },
  "19": {
    "mean": 2.349425287356322,
    "std": 3.1585785038377576,
    "p10": 0.0,
    "p90": 7.0,
    "n": 174
  },
  "20": {
    "mean": 2.6551724137931036,
    "std": 4.078216730901596,
    "p10": 0.0,
    "p90": 8.700000000000017,
    "n": 174
  },
  "21": {
    "mean": 3.6583783783783783,
    "std": 4.9156855826380985,
    "p10": 0.0,
    "p90": 11.599999999999994,
    "n": 185
  },
  "22": {
    "mean": 4.065868263473054,
    "std": 4.509879014954714,
    "p10": 0.0,
    "p90": 11.0,
    "n": 167
  },
  "23": {
    "mean": 4.532530120481928,
    "std": 3.8498204108837277,
    "p10": 1.0,
    "p90": 10.0,
    "n": 166
  }
}