{
  "0": {
    "mean": 7.835714285714286,
    "std": 8.481450599818405,
    "p10": 0.0,
    "p90": 21.30000000000001,
    "n": 168
  },
  "1": {
    "mean": 8.921387283236994,
    "std": 8.11021852824471,
    "p10": 1.0,
    "p90": 21.600000000000023,
    "n": 173
  },
  "2": {
    "mean": 9.972571428571428,
    "std": 7.677204780049251,
    "p10": 2.0,
    "p90": 20.599999999999994,
    "n": 175
  },
  "3": {
    "mean": 11.465193370165748,
    "std": 7.253623890562123,
    "p10": 4.0,
    "p90": 20.0,
    "n": 181
  },
  "4": {
    "mean": 12.34917127071823,
    "std": 7.806326627838695,
    "p10": 4.0,
    "p90": 25.0,
    "n": 181
  },
  "5": {
    "mean": 12.433507853403142,
    "std": 7.500352816170937,
    "p10": 4.0,
    "p90": 23.0,
    "n": 191
  },
  "6": {
    "mean": 13.370930232558141,
    "std": 7.735289623689305,
    "p10": 5.0,
    "p90": 24.0,
    "n": 172
  },
  "7": {
    "mean": 14.135195530726255,
    "std": 7.616764577567845,
    "p10": 5.800000000000001,
    "p90": 25.0,
    "n": 179
  },
  "8": {
    "mean": 14.629310344827585,
    "std": 7.596082241364972,
    "p10": 5.0,
    "p90": 24.730000000000015,
    "n": 174
  },
  "9": {
    "mean": 14.807471264367816,
    "std": 7.666585514616449,
    "p10": 6.0,
    "p90": 26.0,
    "n": 174
  },
  "10": {
    "mean": 15.690217391304348,
    "std": 7.7451209359918,
    "p10": 7.0,
    "p90": 27.700000000000017,
    "n": 184
  },
  "11": {
    "mean": 15.230107526881719,
    "std": 7.750477369029273,
    "p10": 6.0,
    "p90": 26.5,
    "n": 186
  },
  "12": {
    "mean": 14.245728643216081,
    "std": 7.316645568184782,
    "p10": 5.0,
    "p90": 25.200000000000017,
    "n": 199
  },
  "13": {
    "mean": 12.356250000000001,
    "std": 7.183792294307282,
    "p10": 4.0,
    "p90": 23.900000000000006,
    "n": 192
  },
  "14": {
    "mean": 9.997837837837837,
    "std": 6.672526058045756,
    "p10": 3.0,
    "p90": 17.599999999999994,
    "n": 185
  },
  "15": {
    "mean": 9.09398907103825,
    "std": 6.747626114101466,
    "p10": 2.0,
    "p90": 19.80000000000001,
    "n": 183
  },
  "16": {
    "mean": 7.704663212435233,
    "std": 6.498623974185485,
    "p10": 2.0,
    "p90": 15.0,
    "n": 193
  },
  "17": {
    "mean": 7.322,
    "std": 7.279979844248427,
    "p10": 1.0,
    "p90": 17.099999999999994,
    "n": 200
  },
  "18": {
    "mean": 6.649494949494949,
    "std": 7.078370194947817,
    "p10": 0.0,
    "p90": 17.600000000000023,
    "n": 198
  },
  "19": {
    "mean": 4.9638418079096045,
    "std": 6.019631042175588,
    "p10": 0.0,
    "p90": 14.0,
    "n": 177
  },
  "20": {
    "mean": 4.271005917159763,
    "std": 5.937786548972203,
    "p10": 0.0,
    "p90": 12.200000000000017,
    "n": 169
  },
  "21": {
    "mean": 4.5,
    "std": 5.878329192752024,
    "p10": 0.0,
    "p90": 11.0,
    "n": 184
  },
  "22": {
    "mean": 5.286549707602339,
    "std": 6.473329475319792,
    "p10": 0.0,
    "p90": 13.0,
    "n": 171
  },
  "23": {
    "mean": 6.48953488372093,
    "std": 6.276075972051575,
    "p10": 1.0,
    "p90": 14.900000000000006,
    "n": 172
  }
}