{
  "0": {
    "mean": 4.894786729857819,
    "std": 5.455344371916771,
    "p10": 0.0,
    "p90": 13.0,
    "n": 211
  },
  "1": {
    "mean": 5.382439024390244,
    "std": 5.5621871053164025,
    "p10": 0.0,
    "p90": 14.639999999999995,
    "n": 205
  },
  "2": {
    "mean": 5.25860465116279,
    "std": 5.437169404020409,
    "p10": 0.0,
    "p90": 14.0,
    "n": 215
  },
  "3": {
    "mean": 5.630044843049327,
    "std": 5.509953605677529,
    "p10": 0.0,
    "p90": 13.800000000000011,
    "n": 223
  },
  "4": {
    "mean": 6.0130044843049335,
    "std": 5.738149671552049,
    "p10": 0.0,
    "p90": 14.08,
    "n": 223
  },
  "5": {
    "mean": 6.408444444444445,
    "std": 5.5107014216640495,
    "p10": 1.0,
    "p90": 14.599999999999994,
    "n": 225
  },
  "6": {
    "mean": 7.147549019607843,
    "std": 5.595401337758551,
    "p10": 1.3000000000000007,
    "p90": 15.0,
    "n": 204
  },
  "7": {
    "mean": 7.349760765550239,
    "std": 5.371757737695521,
    "p10": 2.0,
    "p90": 15.0,
    "n": 209
  },
  "8": {
    "mean": 7.5636792452830175,
    "std": 5.4415247071326425,
    "p10": 2.0,
    "p90": 15.0,
    "n": 212
  },
  "9": {
    "mean": 7.901357466063349,
    "std": 5.362177980481855,
    "p10": 2.0,
    "p90": 15.0,
    "n": 221
  },
  "10": {
    "mean": 8.234703196347033,
    "std": 5.459885511329393,
    "p10": 2.0,
    "p90": 16.0,
    "n": 219
  },
  "11": {
    "mean": 8.312820512820513,
    "std": 5.730964587283128,
    "p10": 2.0,
    "p90": 16.0,
    "n": 234
  },
  "12": {
    "mean": 8.471689497716897,
    "std": 5.6885142910012885,
    "p10": 2.0,
    "p90": 17.0,
    "n": 219
  },
  "13": {
    "mean": 8.63963963963964,
    "std": 5.834679893731362,
    "p10": 2.0,
    "p90": 17.0,
    "n": 222
  },
  "14": {
    "mean": 7.7138655462184875,
    "std": 5.432393945752269,
    "p10": 2.0,
    "p90": 16.0,
    "n": 238
  },
  "15": {
    "mean": 6.9968468468468465,
    "std": 5.509558864502251,
    "p10": 1.9099999999999988,
    "p90": 13.799999999999999,
    "n": 222
  },
  "16": {
    "mean": 5.913761467889907,
    "std": 5.305913019933357,
    "p10": 1.0,
    "p90": 12.100000000000001,
    "n": 218
  },
  "17": {
    "mean": 4.796551724137931,
    "std": 5.029014190566058,
    "p10": 0.0,
    "p90": 11.27,
    "n": 232
  },
  "18": {
    "mean": 4.212227074235808,
    "std": 5.207150011902556,
    "p10": 0.0,
    "p90": 9.92,
    "n": 229
  },
  "19": {
    "mean": 3.993212669683258,
    "std": 5.816754725869887,
    "p10": 0.0,
    "p90": 10.0,
    "n": 221
  },
  "20": {
    "mean": 3.3234146341463413,
    "std": 5.359245085920338,
    "p10": 0.0,
    "p90": 9.959999999999999,
    "n": 205
  },
  "21": {
    "mean": 3.5399999999999996,
    "std": 5.2084427892278695,
    "p10": 0.0,
    "p90": 10.599999999999994,
    "n": 195
  },
  "22": {
    "mean": 4.4423076923076925,
    "std": 5.335229596002983,
    "p10": 0.75,
    "p90": 11.410000000000009,
    "n": 208
  },
  "23": {
    "mean": 5.1803921568627445,
    "std": 5.536987838907906,
    "p10": 1.0,
    "p90": 13.070000000000002,
    "n": 204
  }
}