{
  "0": {
    "mean": 7.8287425149700605,
    "std": 8.506475929934505,
    "p10": 0.0,
    "p90": 21.400000000000006,
    "n": 167
  },
  "1": {
    "mean": 8.915116279069768,
    "std": 8.133477385003603,
    "p10": 1.0,
    "p90": 21.80000000000001,
    "n": 172
  },
  "2": {
    "mean": 9.966666666666665,
    "std": 7.698962720714515,
    "p10": 2.0,
    "p90": 20.700000000000017,
    "n": 174
  },
  "3": {
    "mean": 11.46777777777778,
    "std": 7.273773624717607,
    "p10": 4.0,
    "p90": 20.099999999999994,
    "n": 180
  },
  "4": {
    "mean": 12.345555555555555,
    "std": 7.827949653582302,
    "p10": 3.900000000000002,
    "p90": 25.099999999999994,
    "n": 180
  },
  "5": {
    "mean": 12.430526315789475,
    "std": 7.520055353902579,
    "p10": 4.0,
    "p90": 23.0,
    "n": 190
  },
  "6": {
    "mean": 13.367251461988305,
    "std": 7.75785621092168,
    "p10": 5.0,
    "p90": 24.0,
    "n": 171
  },
  "7": {
    "mean": 14.135955056179775,
    "std": 7.638243759319434,
    "p10": 5.699999999999999,
    "p90": 25.0,
    "n": 178
  },
  "8": {
    "mean": 14.627167630057803,
    "std": 7.618079135959197,
    "p10": 5.0,
    "p90": 24.82000000000001,
    "n": 173
  },
  "9": {
    "mean": 14.806358381502891,
    "std": 7.688825705612081,
    "p10": 6.0,
    "p90": 26.0,
    "n": 173
  },
  "10": {
    "mean": 15.688524590163935,
    "std": 7.766335460983119,
    "p10": 7.0,
    "p90": 27.80000000000001,
    "n": 183
  },
  "11": {
    "mean": 15.242162162162161,
    "std": 7.76976131884509,
    "p10": 6.0,
    "p90": 26.599999999999994,
    "n": 185
  },
  "12": {
    "mean": 14.262121212121212,
    "std": 7.331527741945628,
    "p10": 5.0,
    "p90": 25.30000000000001,
    "n": 198
  },
  "13": {
    "mean": 12.384293193717278,
    "std": 7.192127596630683,
    "p10": 4.0,
    "p90": 24.0,
    "n": 191
  },
  "14": {
    "mean": 10.035869565217391,
    "std": 6.670595806976486,
    "p10": 3.0,
    "p90": 17.700000000000017,
    "n": 184
  },
  "15": {
    "mean": 9.138461538461538,
    "std": 6.739293030298972,
    "p10": 2.1000000000000014,
    "p90": 19.900000000000006,
    "n": 182
  },
  "16": {
    "mean": 7.744791666666667,
    "std": 6.491595368441731,
    "p10": 2.0,
    "p90": 15.0,
    "n": 192
  },
  "17": {
    "mean": 7.3656565656565665,
    "std": 7.303738860568815,
    "p10": 1.0,
    "p90": 17.30000000000001,
    "n": 198
  },
  "18": {
    "mean": 6.657868020304568,
    "std": 7.095421168184526,
    "p10": 0.0,
    "p90": 17.80000000000001,
    "n": 197
  },
  "19": {
    "mean": 4.963636363636364,
    "std": 6.036804865739243,
    "p10": 0.0,
    "p90": 14.0,
    "n": 176
  },
  "20": {
    "mean": 4.260714285714285,
    "std": 5.954025817783849,
    "p10": 0.0,
    "p90": 12.300000000000011,
    "n": 168
  },
  "21": {
    "mean": 4.48087431693989,
    "std": 5.888712923102152,
    "p10": 0.0,
    "p90": 11.0,
    "n": 183
  },
  "22": {
    "mean": 5.258823529411765,
    "std": 6.4822615331424664,
    "p10": 0.0,
    "p90": 13.199999999999989,
    "n": 170
  },
  "23": {
    "mean": 6.463157894736843,
    "std": 6.284938997662138,
    "p10": 1.0,
    "p90": 15.0,
    "n": 171
  }
}