{
  "0": {
    "mean": 7.4316939890710385,
    "std": 4.707637105240165,
    "p10": 0.0,
    "p90": 13.0,
    "n": 183
  },
  "1": {
    "mean": 8.519774011299434,
    "std": 4.47479100004609,
    "p10": 2.0,
    "p90": 14.400000000000006,
    "n": 177
  },
  "2": {
    "mean": 9.52046783625731,
    "std": 4.483091345838926,
    "p10": 3.0,
    "p90": 15.0,
    "n": 171
  },
  "3": {
    "mean": 10.808235294117647,
    "std": 4.5954109284278175,
    "p10": 5.0,
    "p90": 16.0,
    "n": 170
  },
  "4": {
    "mean": 11.47439024390244,
    "std": 4.662033337572828,
    "p10": 5.0,
    "p90": 17.0,
    "n": 164
  },
  "5": {
    "mean": 11.88433734939759,
    "std": 4.7854446467725245,
    "p10": 5.0,
    "p90": 17.5,
    "n": 166
  },
  "6": {
    "mean": 12.878823529411765,
    "std": 4.70433752053734,
    "p10": 6.0,
    "p90": 19.0,
    "n": 170
  },
  "7": {
    "mean": 13.46904761904762,
    "std": 4.821259710420471,
    "p10": 6.699999999999999,
    "p90": 19.0,
    "n": 168
  },
  "8": {
    "mean": 13.958139534883722,
    "std": 4.974330954837285,
    "p10": 8.0,
    "p90": 19.0,
    "n": 172
  },
  "9": {
    "mean": 14.495180722891565,
    "std": 4.9794098132563285,
    "p10": 8.0,
    "p90": 20.0,
    "n": 166
  },
  "10": {
    "mean": 14.738372093023257,
    "std": 4.849903082281205,
    "p10": 9.0,
    "p90": 20.0,
    "n": 172
  },
  "11": {
    "mean": 14.433526011560694,
    "std": 4.554888473561885,
    "p10": 9.0,
    "p90": 20.0,
    "n": 173
  },
  "12": {
    "mean": 11.917127071823204,
    "std": 3.8617187495245826,
    "p10": 6.0,
    "p90": 17.0,
    "n": 181
  },
  "13": {
    "mean": 9.552272727272726,
    "std": 3.407889242758499,
    "p10": 5.0,
    "p90": 14.0,
    "n": 176
  },
  "14": {
    "mean": 7.305681818181818,
    "std": 3.1035411278840055,
    "p10": 4.0,
    "p90": 11.899999999999999,
    "n": 176
  },
  "15": {
    "mean": 5.123636363636363,
    "std": 2.987818579994832,
    "p10": 2.0,
    "p90": 9.0,
    "n": 165
  },
  "16": {
    "mean": 3.8224852071005917,
    "std": 2.952676909151998,
    "p10": 1.0,
    "p90": 7.0,
    "n": 169
  },
  "17": {
    "mean": 3.0976470588235294,
    "std": 3.023164080583023,
    "p10": 0.0,
    "p90": 6.0,
    "n": 170
  },
  "18": {
    "mean": 2.1736526946107784,
    "std": 2.895742691275248,
    "p10": 0.0,
    "p90": 5.0,
    "n": 167
  },
  "19": {
    "mean": 1.8307692307692307,
    "std": 2.6916095379460057,
    "p10": 0.0,
    "p90": 5.0,
    "n": 169
  },
  "20": {
    "mean": 2.494047619047619,
    "std": 3.8903489119102757,
    "p10": 0.0,
    "p90": 9.0,
    "n": 168
  },
  "21": {
    "mean": 2.761904761904762,
    "std": 3.296229192437776,
    "p10": 0.0,
    "p90": 8.0,
    "n": 168
  },
  "22": {
    "mean": 3.84327485380117,
    "std": 3.846189685207847,
    "p10": 1.0,
    "p90": 9.0,
    "n": 171
  },
  "23": {
    "mean": 5.949171270718232,
    "std": 4.462792085486525,
    "p10": 2.0,
    "p90": 13.0,
    "n": 181
  }
}