{
  "0": {
    "mean": 8.677659574468084,
    "std": 8.381053936191536,
    "p10": 0.0,
    "p90": 20.0,
    "n": 188
  },
  "1": {
    "mean": 10.145454545454545,
    "std": 8.199573634781737,
    "p10": 1.0,
    "p90": 21.05,
    "n": 176
  },
  "2": {
    "mean": 10.290810810810811,
    "std": 8.408928477717051,
    "p10": 2.0,
    "p90": 23.0,
    "n": 185
  },
  "3": {
    "mean": 11.325405405405405,
    "std": 8.071127619953693,
    "p10": 3.0,
    "p90": 22.599999999999994,
    "n": 185
  },
  "4": {
    "mean": 11.569565217391302,
    "std": 8.073687128793571,
    "p10": 3.0,
    "p90": 23.0,
    "n": 184
  },
  "5": {
    "mean": 12.361616161616162,
    "std": 8.10625762008519,
    "p10": 3.940000000000001,
    "p90": 25.0,
    "n": 198
  },
  "6": {
    "mean": 12.767539267015707,
    "std": 7.63286479413564,
    "p10": 4.0,
    "p90": 24.0,
    "n": 191
  },
  "7": {
    "mean": 13.41592039800995,
    "std": 7.67938443324931,
    "p10": 5.0,
    "p90": 26.0,
    "n": 201
  },
  "8": {
    "mean": 13.495652173913046,
    "std": 7.692420329077605,
    "p10": 4.600000000000001,
    "p90": 26.0,
    "n": 207
  },
  "9": {
    "mean": 13.67121951219512,
    "std": 7.64652304527819,
    "p10": 4.0,
    "p90": 25.959999999999997,
    "n": 205
  },
  "10": {
    "mean": 14.765263157894735,
    "std": 7.381032009703323,
    "p10": 6.0,
    "p90": 26.099999999999994,
    "n": 190
  },
  "11": {
    "mean": 15.175252525252525,
    "std": 7.364315365249606,
    "p10": 6.0,
    "p90": 26.86,
    "n": 198
  },
  "12": {
    "mean": 13.662272727272727,
    "std": 7.313213431969281,
    "p10": 5.0,
    "p90": 24.0,
    "n": 220
  },
  "13": {
    "mean": 12.550990099009901,
    "std": 6.282988483871247,
    "p10": 5.0,
    "p90": 21.900000000000006,
    "n": 202
  },
  "14": {
    "mean": 11.125373134328358,
    "std": 5.910499385422066,
    "p10": 4.0,
    "p90": 18.1,
    "n": 201
  },
  "15": {
    "mean": 9.117368421052632,
    "std": 5.586952243056428,
    "p10": 3.0,
    "p90": 16.0,
    "n": 190
  },
  "16": {
    "mean": 7.694472361809045,
    "std": 6.1778129893436375,
    "p10": 2.0,
    "p90": 15.0,
    "n": 199
  },
  "17": {
    "mean": 6.18974358974359,
    "std": 6.091577541509601,
    "p10": 1.0,
    "p90": 15.599999999999994,
    "n": 195
  },
  "18": {
    "mean": 6.380676328502415,
    "std": 7.4774686495121445,
    "p10": 0.0,
    "p90": 19.400000000000006,
    "n": 207
  },
  "19": {
    "mean": 5.243414634146342,
    "std": 6.666540541609423,
    "p10": 0.0,
    "p90": 15.0,
    "n": 205
  },
  "20": {
    "mean": 5.128645833333334,
    "std": 7.105794570717554,
    "p10": 0.0,
    "p90": 15.0,
    "n": 192
  },
  "21": {
    "mean": 6.333163265306122,
    "std": 8.026965591623354,
    "p10": 0.0,
    "p90": 19.0,
    "n": 196
  },
  "22": {
    "mean": 7.6234375000000005,
    "std": 8.629228466858788,
    "p10": 0.0,
    "p90": 22.0,
    "n": 192
  },
  "23": {
    "mean": 9.481909547738693,
    "std": 8.817331095538075,
    "p10": 1.0,
    "p90": 25.0,
    "n": 199
  }
}