{
  "0": {
    "mean": 4.569662921348314,
    "std": 4.950430090186755,
    "p10": 0.0,
    "p90": 11.300000000000011,
    "n": 178
  },
  "1": {
    "mean": 5.061676646706586,
    "std": 5.191533150142611,
    "p10": 0.0,
    "p90": 14.0,
    "n": 167
  },
  "2": {
    "mean": 4.986285714285715,
    "std": 5.1048698215438995,
    "p10": 0.0,
    "p90": 13.599999999999994,
    "n": 175
  },
  "3": {
    "mean": 5.50989010989011,
    "std": 5.2041006981278946,
    "p10": 0.0,
    "p90": 13.0,
    "n": 182
  },
  "4": {
    "mean": 5.871195652173914,
    "std": 5.593095537203614,
    "p10": 0.0,
    "p90": 14.0,
    "n": 184
  },
  "5": {
    "mean": 6.18404255319149,
    "std": 5.366888047433779,
    "p10": 1.0,
    "p90": 14.0,
    "n": 188
  },
  "6": {
    "mean": 6.92142857142857,
    "std": 5.433838784412652,
    "p10": 1.0,
    "p90": 15.0,
    "n": 168
  },
  "7": {
    "mean": 7.052046783625731,
    "std": 5.232155547036676,
    "p10": 2.0,
    "p90": 15.0,
    "n": 171
  },
  "8": {
    "mean": 7.2954285714285705,
    "std": 5.305644545143301,
    "p10": 2.0,
    "p90": 15.599999999999994,
    "n": 175
  },
  "9": {
    "mean": 7.742134831460674,
    "std": 5.313427181311162,
    "p10": 2.0,
    "p90": 15.300000000000011,
    "n": 178
  },
  "10": {
    "mean": 7.950555555555555,
    "std": 5.525881180239529,
    "p10": 2.0,
    "p90": 16.0,
    "n": 180
  },
  "11": {
    "mean": 7.954450261780105,
    "std": 5.844688869877591,
    "p10": 2.0,
    "p90": 17.0,
    "n": 191
  },
  "12": {
    "mean": 8.138764044943821,
    "std": 5.757315429057225,
    "p10": 2.0,
    "p90": 17.0,
    "n": 178
  },
  "13": {
    "mean": 8.122527472527473,
    "std": 5.879488475778327,
    "p10": 2.0,
    "p90": 17.0,
    "n": 182
  },
  "14": {
    "mean": 7.325252525252526,
    "std": 5.4651520556838,
    "p10": 2.0,
    "p90": 14.600000000000023,
    "n": 198
  },
  "15": {
    "mean": 6.6340659340659345,
    "std": 5.543115181762023,
    "p10": 1.3999999999999986,
    "p90": 13.0,
    "n": 182
  },
  "16": {
    "mean": 5.58,
    "std": 5.120703974591998,
    "p10": 1.0,
    "p90": 12.100000000000001,
    "n": 175
  },
  "17": {
    "mean": 4.355497382198953,
    "std": 4.642782586557952,
    "p10": 0.0,
    "p90": 10.0,
    "n": 191
  },
  "18": {
    "mean": 3.7627027027027022,
    "std": 4.877706967868696,
    "p10": 0.0,
    "p90": 9.899999999999999,
    "n": 185
  },
  "19": {
    "mean": 3.90327868852459,
    "std": 5.899570683200753,
    "p10": 0.0,
    "p90": 10.800000000000011,
    "n": 183
  },
  "20": {
    "mean": 3.168390804597701,
    "std": 5.25914351003143,
    "p10": 0.0,
    "p90": 9.899999999999999,
    "n": 174
  },
  "21": {
    "mean": 3.3278481012658223,
    "std": 4.9250028085959405,
    "p10": 0.0,
    "p90": 10.0,
    "n": 158
  },
  "22": {
    "mean": 3.98546511627907,
    "std": 4.811556302425193,
    "p10": 0.8999999999999986,
    "p90": 10.900000000000006,
    "n": 172
  },
  "23": {
    "mean": 4.661077844311377,
    "std": 4.820673980517026,
    "p10": 1.0,
    "p90": 11.400000000000006,
    "n": 167
  }
}