{
  "0": {
    "mean": 7.968354430379747,
    "std": 5.171480939658172,
    "p10": 0.7000000000000011,
    "p90": 15.0,
    "n": 158
  },
  "1": {
    "mean": 9.067532467532468,
    "std": 5.324906125373198,
    "p10": 2.0,
    "p90": 16.0,
    "n": 154
  },
  "2": {
    "mean": 10.207894736842105,
    "std": 5.597534063451094,
    "p10": 2.0,
    "p90": 18.0,
    "n": 152
  },
  "3": {
    "mean": 11.194736842105263,
    "std": 5.597300549391919,
    "p10": 3.0,
    "p90": 18.0,
    "n": 152
  },
  "4": {
    "mean": 12.083333333333334,
    "std": 5.749567538669358,
    "p10": 4.0,
    "p90": 19.0,
    "n": 156
  },
  "5": {
    "mean": 12.685350318471338,
    "std": 5.893290571038849,
    "p10": 5.0,
    "p90": 21.0,
    "n": 157
  },
  "6": {
    "mean": 13.380769230769232,
    "std": 6.047842754661504,
    "p10": 5.0,
    "p90": 21.0,
    "n": 156
  },
  "7": {
    "mean": 14.02138364779874,
    "std": 6.225980323193625,
    "p10": 4.639999999999998,
    "p90": 22.0,
    "n": 159
  },
  "8": {
    "mean": 14.663414634146342,
    "std": 6.36056701942672,
    "p10": 5.0,
    "p90": 22.0,
    "n": 164
  },
  "9": {
    "mean": 14.955974842767295,
    "std": 6.403466142041706,
    "p10": 5.0,
    "p90": 23.0,
    "n": 159
  },
  "10": {
    "mean": 15.135260115606936,
    "std": 6.348701988419399,
    "p10": 6.0,
    "p90": 23.0,
    "n": 173
  },
  "11": {
    "mean": 15.505521472392639,
    "std": 6.305447884873609,
    "p10": 6.0,
    "p90": 23.0,
    "n": 163
  },
  "12": {
    "mean": 13.677380952380954,
    "std": 5.177515904739129,
    "p10": 6.0,
    "p90": 20.30000000000001,
    "n": 168
  },
  "13": {
    "mean": 10.935195530726258,
    "std": 3.9509693506616257,
    "p10": 5.0,
    "p90": 16.0,
    "n": 179
  },
  "14": {
    "mean": 8.383030303030303,
    "std": 3.1379973464993745,
    "p10": 4.0,
    "p90": 13.0,
    "n": 165
  },
  "15": {
    "mean": 6.014545454545455,
    "std": 2.6329584247607944,
    "p10": 2.0,
    "p90": 9.0,
    "n": 165
  },
  "16": {
    "mean": 4.12,
    "std": 2.6012375480930627,
    "p10": 1.0,
    "p90": 8.0,
    "n": 175
  },
  "17": {
    "mean": 2.78698224852071,
    "std": 2.32738786869522,
    "p10": 0.0,
    "p90": 6.0,
    "n": 169
  },
  "18": {
    "mean": 2.02,
    "std": 2.5996806770527643,
    "p10": 0.0,
    "p90": 6.0,
    "n": 160
  },
  "19": {
    "mean": 2.0943396226415096,
    "std": 3.641867049391755,
    "p10": 0.0,
    "p90": 6.0,
    "n": 159
  },
  "20": {
    "mean": 2.214102564102564,
    "std": 3.739250377142609,
    "p10": 0.0,
    "p90": 5.0,
    "n": 156
  },
  "21": {
    "mean": 2.56875,
    "std": 3.2108735757573625,
    "p10": 0.0,
    "p90": 6.099999999999994,
    "n": 160
  },
  "22": {
    "mean": 3.8805194805194807,
    "std": 3.214307840231687,
    "p10": 1.0,
    "p90": 8.0,
    "n": 154
  },
  "23": {
    "mean": 6.2405228758169935,
    "std": 3.493780901539202,
    "p10": 3.0,
    "p90": 10.800000000000011,
    "n": 153
  }
}