{
  "0": {
    "mean": 7.262941176470587,
    "std": 6.879872250693938,
    "p10": 0.0,
    "p90": 17.0,
    "n": 170
  },
  "1": {
    "mean": 7.495530726256984,
    "std": 6.83958094870043,
    "p10": 1.0,
    "p90": 17.0,
    "n": 179
  },
  "2": {
    "mean": 8.658757062146892,
    "std": 6.759592899990385,
    "p10": 1.0,
    "p90": 18.0,
    "n": 177
  },
  "3": {
    "mean": 9.094545454545454,
    "std": 6.99021314572141,
    "p10": 1.0,
    "p90": 19.0,
    "n": 165
  },
  "4": {
    "mean": 9.248587570621469,
    "std": 6.769576891443277,
    "p10": 1.0,
    "p90": 19.0,
    "n": 177
  },
  "5": {
    "mean": 9.944318181818183,
    "std": 6.71098643725637,
    "p10": 2.0,
    "p90": 19.0,
    "n": 176
  },
  "6": {
    "mean": 10.716363636363637,
    "std": 6.604168038195152,
    "p10": 3.0,
    "p90": 19.599999999999994,
    "n": 165
  },
  "7": {
    "mean": 11.13764705882353,
    "std": 6.905858527719268,
    "p10": 3.3599999999999994,
    "p90": 21.0,
    "n": 170
  },
  "8": {
    "mean": 11.746242774566474,
    "std": 6.993797109616871,
    "p10": 4.0,
    "p90": 21.0,
    "n": 173
  },
  "9": {
    "mean": 12.718934911242604,
    "std": 7.175661330184147,
    "p10": 4.0,
    "p90": 21.200000000000017,
    "n": 169
  },
  "10": {
    "mean": 12.856097560975607,
    "std": 7.258827459623418,
    "p10": 4.0,
    "p90": 22.0,
    "n": 164
  },
  "11": {
    "mean": 13.166860465116278,
    "std": 7.738035890483092,
    "p10": 4.0,
    "p90": 22.910000000000004,
    "n": 172
  },
  "12": {
    "mean": 13.638121546961326,
    "std": 7.752614957163367,
    "p10": 5.0,
    "p90": 24.1,
    "n": 181
  },
  "13": {
    "mean": 12.909999999999998,
    "std": 7.73697608512518,
    "p10": 3.0,
    "p90": 23.0,
    "n": 190
  },
  "14": {
    "mean": 11.435106382978724,
    "std": 7.688267434107295,
    "p10": 3.0,
    "p90": 20.0,
    "n": 188
  },
  "15": {
    "mean": 9.424022346368716,
    "std": 7.271673031266952,
    "p10": 3.0,
    "p90": 16.0,
    "n": 179
  },
  "16": {
    "mean": 7.139506172839505,
    "std": 6.224778756074265,
    "p10": 2.0,
    "p90": 13.0,
    "n": 162
  },
  "17": {
    "mean": 5.105357142857143,
    "std": 5.265766276855028,
    "p10": 1.0,
    "p90": 10.0,
    "n": 168
  },
  "18": {
    "mean": 3.971597633136095,
    "std": 5.254535268199871,
    "p10": 0.6399999999999983,
    "p90": 9.200000000000017,
    "n": 169
  },
  "19": {
    "mean": 4.507428571428571,
    "std": 6.803058956516959,
    "p10": 0.0,
    "p90": 11.599999999999994,
    "n": 175
  },
  "20": {
    "mean": 4.198823529411764,
    "std": 6.837548509052362,
    "p10": 0.0,
    "p90": 12.0,
    "n": 170
  },
  "21": {
    "mean": 4.6625,
    "std": 7.352000968375454,
    "p10": 0.0,
    "p90": 11.909999999999998,
    "n": 160
  },
  "22": {
    "mean": 4.969461077844311,
    "std": 6.161469005864016,
    "p10": 1.0,
    "p90": 12.0,
    "n": 167
  },
  "23": {
    "mean": 6.348765432098766,
    "std": 7.029001481036442,
    "p10": 0.9099999999999988,
    "p90": 14.0,
    "n": 162
  }
}