{
  "0": {
    "mean": 5.0359375,
    "std": 5.467554001605396,
    "p10": 0.0,
    "p90": 14.0,
    "n": 192
  },
  "1": {
    "mean": 5.600502512562814,
    "std": 5.422749474889828,
    "p10": 0.0,
    "p90": 14.920000000000002,
    "n": 199
  },
  "2": {
    "mean": 6.066666666666666,
    "std": 5.346673254802188,
    "p10": 1.0,
    "p90": 14.9,
    "n": 189
  },
  "3": {
    "mean": 6.993846153846155,
    "std": 5.353865842617411,
    "p10": 1.0,
    "p90": 15.0,
    "n": 195
  },
  "4": {
    "mean": 7.016304347826087,
    "std": 5.461505170421279,
    "p10": 1.0,
    "p90": 15.0,
    "n": 184
  },
  "5": {
    "mean": 7.2934343434343445,
    "std": 5.531516284833022,
    "p10": 1.0,
    "p90": 15.0,
    "n": 198
  },
  "6": {
    "mean": 7.5947867298578196,
    "std": 5.6930719238816705,
    "p10": 1.0,
    "p90": 16.0,
    "n": 211
  },
  "7": {
    "mean": 8.03910891089109,
    "std": 5.708831004751825,
    "p10": 1.1800000000000024,
    "p90": 15.720000000000004,
    "n": 202
  },
  "8": {
    "mean": 8.419900497512439,
    "std": 6.018629577407947,
    "p10": 1.0,
    "p90": 17.0,
    "n": 201
  },
  "9": {
    "mean": 8.455940594059406,
    "std": 6.333562919884427,
    "p10": 1.0,
    "p90": 17.0,
    "n": 202
  },
  "10": {
    "mean": 8.425641025641026,
    "std": 5.906955447096101,
    "p10": 2.0,
    "p90": 16.599999999999994,
    "n": 195
  },
  "11": {
    "mean": 9.114427860696518,
    "std": 6.4683491553888715,
    "p10": 2.0,
    "p90": 18.0,
    "n": 201
  },
  "12": {
    "mean": 8.848514851485149,
    "std": 6.208565962901477,
    "p10": 2.0,
    "p90": 17.0,
    "n": 202
  },
  "13": {
    "mean": 8.758823529411764,
    "std": 6.000316390945053,
    "p10": 3.0,
    "p90": 17.0,
    "n": 221
  },
  "14": {
    "mean": 7.72626728110599,
    "std": 5.406529093201799,
    "p10": 2.0,
    "p90": 14.040000000000001,
    "n": 217
  },
  "15": {
    "mean": 6.554500000000001,
    "std": 5.452396066347493,
    "p10": 2.0,
    "p90": 13.079999999999995,
    "n": 200
  },
  "16": {
    "mean": 4.528384279475983,
    "std": 4.503139987433042,
    "p10": 1.0,
    "p90": 9.0,
    "n": 229
  },
  "17": {
    "mean": 3.9331753554502367,
    "std": 4.844303366553266,
    "p10": 1.0,
    "p90": 8.399999999999999,
    "n": 211
  },
  "18": {
    "mean": 3.355721393034826,
    "std": 4.507103238443735,
    "p10": 0.0,
    "p90": 8.0,
    "n": 201
  },
  "19": {
    "mean": 2.8838709677419354,
    "std": 4.2824758914734575,
    "p10": 0.0,
    "p90": 8.400000000000006,
    "n": 217
  },
  "20": {
    "mean": 2.9760000000000004,
    "std": 4.634047472771455,
    "p10": 0.0,
    "p90": 9.0,
    "n": 200
  },
  "21": {
    "mean": 3.604950495049505,
    "std": 4.893134112235549,
    "p10": 0.0,
    "p90": 9.700000000000017,
    "n": 202
  },
  "22": {
    "mean": 4.289949748743719,
    "std": 5.479023312791114,
    "p10": 0.0,
    "p90": 11.200000000000017,
    "n": 199
  },
  "23": {
    "mean": 4.807425742574257,
    "std": 5.565770861302868,
    "p10": 0.0,
    "p90": 11.900000000000006,
    "n": 202
  }
}