{
  "0": {
    "mean": 6.753757225433526,
    "std": 5.46993370660663,
    "p10": 0.0,
    "p90": 15.0,
    "n": 173
  },
  "1": {
    "mean": 7.602424242424243,
    "std": 5.844154380975659,
    "p10": 1.0,
    "p90": 17.0,
    "n": 165
  },
  "2": {
    "mean": 8.32189349112426,
    "std": 5.977262967598666,
    "p10": 2.0,
    "p90": 17.200000000000017,
    "n": 169
  },
  "3": {
    "mean": 9.233734939759035,
    "std": 6.2340468321207565,
    "p10": 2.0,
    "p90": 18.5,
    "n": 166
  },
  "4": {
    "mean": 9.773714285714286,
    "std": 6.336248158216018,
    "p10": 2.239999999999999,
    "p90": 18.599999999999994,
    "n": 175
  },
  "5": {
    "mean": 11.00609756097561,
    "std": 6.494411898281005,
    "p10": 3.0,
    "p90": 19.700000000000017,
    "n": 164
  },
  "6": {
    "mean": 11.66172839506173,
    "std": 6.623477308218142,
    "p10": 3.1000000000000014,
    "p90": 21.0,
    "n": 162
  },
  "7": {
    "mean": 12.135757575757577,
    "std": 6.761764377871188,
    "p10": 4.0,
    "p90": 22.0,
    "n": 165
  },
  "8": {
    "mean": 12.827710843373492,
    "std": 6.820891495149955,
    "p10": 4.0,
    "p90": 23.0,
    "n": 166
  },
  "9": {
    "mean": 13.209756097560977,
    "std": 6.958450038191814,
    "p10": 4.0,
    "p90": 23.0,
    "n": 164
  },
  "10": {
    "mean": 13.407999999999998,
    "std": 6.917921420600932,
    "p10": 4.0,
    "p90": 23.599999999999994,
    "n": 175
  },
  "11": {
    "mean": 14.03139534883721,
    "std": 6.698603531310525,
    "p10": 5.0,
    "p90": 23.0,
    "n": 172
  },
  "12": {
    "mean": 13.127374301675978,
    "std": 6.377055018378451,
    "p10": 5.0,
    "p90": 22.200000000000017,
    "n": 179
  },
  "13": {
    "mean": 10.869230769230768,
    "std": 5.200832749038166,
    "p10": 4.0,
    "p90": 18.0,
    "n": 182
  },
  "14": {
    "mean": 8.627322404371586,
    "std": 4.190034873558708,
    "p10": 3.5199999999999982,
    "p90": 13.0,
    "n": 183
  },
  "15": {
    "mean": 6.2964705882352945,
    "std": 3.7464127870963684,
    "p10": 2.0,
    "p90": 11.0,
    "n": 170
  },
  "16": {
    "mean": 4.524022346368715,
    "std": 3.44961054951397,
    "p10": 1.0,
    "p90": 9.0,
    "n": 179
  },
  "17": {
    "mean": 3.205813953488372,
    "std": 3.057226302866482,
    "p10": 0.0,
    "p90": 7.0,
    "n": 172
  },
  "18": {
    "mean": 2.681564245810056,
    "std": 3.4243421102020783,
    "p10": 0.0,
    "p90": 7.0,
    "n": 179
  },
  "19": {
    "mean": 2.643850267379679,
    "std": 3.5994626449372027,
    "p10": 0.0,
    "p90": 7.400000000000006,
    "n": 187
  },
  "20": {
    "mean": 2.6950276243093922,
    "std": 3.764073978536994,
    "p10": 0.0,
    "p90": 8.0,
    "n": 181
  },
  "21": {
    "mean": 3.4046783625730996,
    "std": 4.06163995950487,
    "p10": 0.0,
    "p90": 10.0,
    "n": 171
  },
  "22": {
    "mean": 5.273684210526316,
    "std": 4.730521410726039,
    "p10": 1.0,
    "p90": 11.0,
    "n": 171
  },
  "23": {
    "mean": 6.586285714285713,
    "std": 4.480998891689605,
    "p10": 2.0,
    "p90": 12.599999999999994,
    "n": 175
  }
}