{
  "0": {
    "mean": 7.95977653631285,
    "std": 6.52966884540727,
    "p10": 0.0,
    "p90": 16.200000000000017,
    "n": 179
  },
  "1": {
    "mean": 10.209302325581396,
    "std": 6.647544996550541,
    "p10": 2.0,
    "p90": 19.0,
    "n": 172
  },
  "2": {
    "mean": 11.451764705882352,
    "std": 6.865273418874643,
    "p10": 3.0,
    "p90": 21.0,
    "n": 170
  },
  "3": {
    "mean": 12.363636363636363,
    "std": 7.227767348398261,
    "p10": 3.400000000000002,
    "p90": 22.0,
    "n": 165
  },
  "4": {
    "mean": 13.236363636363636,
    "std": 7.082175245531964,
    "p10": 4.400000000000002,
    "p90": 23.0,
    "n": 165
  },
  "5": {
    "mean": 14.15672514619883,
    "std": 7.054260192203374,
    "p10": 6.0,
    "p90": 23.0,
    "n": 171
  },
  "6": {
    "mean": 14.84186046511628,
    "std": 7.228961652748433,
    "p10": 6.0,
    "p90": 24.0,
    "n": 172
  },
  "7": {
    "mean": 16.02060606060606,
    "std": 7.495156948272092,
    "p10": 7.0,
    "p90": 26.0,
    "n": 165
  },
  "8": {
    "mean": 16.492215568862274,
    "std": 7.323628980718919,
    "p10": 7.239999999999999,
    "p90": 27.0,
    "n": 167
  },
  "9": {
    "mean": 16.80595238095238,
    "std": 7.391804025554917,
    "p10": 7.0,
    "p90": 27.0,
    "n": 168
  },
  "10": {
    "mean": 17.082417582417584,
    "std": 7.194965910586081,
    "p10": 7.0,
    "p90": 26.0,
    "n": 182
  },
  "11": {
    "mean": 15.947252747252747,
    "std": 6.068473747687605,
    "p10": 7.46,
    "p90": 23.0,
    "n": 182
  },
  "12": {
    "mean": 13.794652406417113,
    "std": 5.1870986837415405,
    "p10": 6.600000000000001,
    "p90": 21.0,
    "n": 187
  },
  "13": {
    "mean": 11.338888888888889,
    "std": 4.567512053218954,
    "p10": 6.0,
    "p90": 17.0,
    "n": 180
  },
  "14": {
    "mean": 8.878857142857143,
    "std": 4.411630247991302,
    "p10": 4.0,
    "p90": 14.599999999999994,
    "n": 175
  },
  "15": {
    "mean": 7.062983425414365,
    "std": 4.196587230483487,
    "p10": 2.0,
    "p90": 13.0,
    "n": 181
  },
  "16": {
    "mean": 5.8259459459459455,
    "std": 4.2879732337765395,
    "p10": 1.0,
    "p90": 12.0,
    "n": 185
  },
  "17": {
    "mean": 4.556284153005464,
    "std": 4.183989810217068,
    "p10": 1.0,
    "p90": 11.0,
    "n": 183
  },
  "18": {
    "mean": 3.471186440677966,
    "std": 3.741249677920784,
    "p10": 0.0,
    "p90": 9.0,
    "n": 177
  },
  "19": {
    "mean": 3.070520231213873,
    "std": 4.035352246216163,
    "p10": 0.0,
    "p90": 9.0,
    "n": 173
  },
  "20": {
    "mean": 3.098780487804878,
    "std": 4.094017598735753,
    "p10": 0.0,
    "p90": 9.700000000000017,
    "n": 164
  },
  "21": {
    "mean": 3.324550898203593,
    "std": 4.214010868317429,
    "p10": 0.0,
    "p90": 10.0,
    "n": 167
  },
  "22": {
    "mean": 4.402285714285714,
    "std": 4.455552577231349,
    "p10": 0.0,
    "p90": 11.0,
    "n": 175
  },
  "23": {
    "mean": 6.106358381502891,
    "std": 4.855375231458206,
    "p10": 1.0,
    "p90": 13.0,
    "n": 173
  }
}