{
  "0": {
    "mean": 7.897435897435898,
    "std": 5.150858979012218,
    "p10": 0.5,
    "p90": 14.5,
    "n": 156
  },
  "1": {
    "mean": 8.989473684210527,
    "std": 5.295845652783966,
    "p10": 2.0,
    "p90": 16.0,
    "n": 152
  },
  "2": {
    "mean": 10.144,
    "std": 5.596409203512048,
    "p10": 2.0,
    "p90": 18.0,
    "n": 150
  },
  "3": {
    "mean": 11.123999999999999,
    "std": 5.593172731827052,
    "p10": 3.0,
    "p90": 18.0,
    "n": 150
  },
  "4": {
    "mean": 12.019480519480519,
    "std": 5.754760211151575,
    "p10": 4.0,
    "p90": 19.0,
    "n": 154
  },
  "5": {
    "mean": 12.61032258064516,
    "std": 5.89134489742884,
    "p10": 5.0,
    "p90": 21.0,
    "n": 155
  },
  "6": {
    "mean": 13.294805194805196,
    "std": 6.035069539026693,
    "p10": 5.0,
    "p90": 21.0,
    "n": 154
  },
  "7": {
    "mean": 13.945222929936303,
    "std": 6.219349931606881,
    "p10": 4.4799999999999995,
    "p90": 22.0,
    "n": 157
  },
  "8": {
    "mean": 14.585185185185185,
    "std": 6.351585337606444,
    "p10": 5.0,
    "p90": 22.0,
    "n": 162
  },
  "9": {
    "mean": 14.872611464968152,
    "std": 6.388818472132989,
    "p10": 5.0,
    "p90": 23.0,
    "n": 157
  },
  "10": {
    "mean": 15.066666666666666,
    "std": 6.350099582359505,
    "p10": 6.0,
    "p90": 23.0,
    "n": 171
  },
  "11": {
    "mean": 15.443478260869567,
    "std": 6.313623985167866,
    "p10": 6.0,
    "p90": 23.0,
    "n": 161
  },
  "12": {
    "mean": 13.625301204819278,
    "std": 5.182075011409746,
    "p10": 6.0,
    "p90": 20.5,
    "n": 166
  },
  "13": {
    "mean": 10.906214689265537,
    "std": 3.9606036929662056,
    "p10": 5.0,
    "p90": 16.0,
    "n": 177
  },
  "14": {
    "mean": 8.375460122699387,
    "std": 3.154598681692457,
    "p10": 4.0,
    "p90": 13.0,
    "n": 163
  },
  "15": {
    "mean": 6.026993865030675,
    "std": 2.6443991907821034,
    "p10": 2.0,
    "p90": 9.0,
    "n": 163
  },
  "16": {
    "mean": 4.144508670520231,
    "std": 2.6039630834076672,
    "p10": 1.0,
    "p90": 8.0,
    "n": 173
  },
  "17": {
    "mean": 2.81437125748503,
    "std": 2.327061217400681,
    "p10": 0.0,
    "p90": 6.0,
    "n": 167
  },
  "18": {
    "mean": 2.032911392405063,
    "std": 2.6111822989726545,
    "p10": 0.0,
    "p90": 6.0,
    "n": 158
  },
  "19": {
    "mean": 2.1019108280254777,
    "std": 3.664074923262277,
    "p10": 0.0,
    "p90": 6.0,
    "n": 157
  },
  "20": {
    "mean": 2.2233766233766232,
    "std": 3.7622791070639545,
    "p10": 0.0,
    "p90": 5.0,
    "n": 154
  },
  "21": {
    "mean": 2.569620253164557,
    "std": 3.2307580081310854,
    "p10": 0.0,
    "p90": 6.300000000000011,
    "n": 158
  },
  "22": {
    "mean": 3.865789473684211,
    "std": 3.230875576139962,
    "p10": 1.0,
    "p90": 8.0,
    "n": 152
  },
  "23": {
    "mean": 6.210596026490066,
    "std": 3.5028969404933252,
    "p10": 3.0,
    "p90": 11.0,
    "n": 151
  }
}