{
  "0": {
    "mean": 8.317283950617284,
    "std": 7.051492773961518,
    "p10": 0.0,
    "p90": 17.0,
    "n": 162
  },
  "1": {
    "mean": 10.098136645962732,
    "std": 6.418181908158352,
    "p10": 2.0,
    "p90": 18.0,
    "n": 161
  },
  "2": {
    "mean": 11.793464052287582,
    "std": 6.480270393183068,
    "p10": 4.0,
    "p90": 20.0,
    "n": 153
  },
  "3": {
    "mean": 13.10759493670886,
    "std": 5.998583105564938,
    "p10": 6.0,
    "p90": 21.0,
    "n": 158
  },
  "4": {
    "mean": 14.177639751552794,
    "std": 6.0540479758926535,
    "p10": 6.0,
    "p90": 22.0,
    "n": 161
  },
  "5": {
    "mean": 14.871676300578036,
    "std": 5.878138060423571,
    "p10": 8.0,
    "p90": 23.0,
    "n": 173
  },
  "6": {
    "mean": 15.818285714285713,
    "std": 5.628673250560591,
    "p10": 9.0,
    "p90": 24.0,
    "n": 175
  },
  "7": {
    "mean": 16.37710843373494,
    "std": 5.782205205863616,
    "p10": 9.0,
    "p90": 24.0,
    "n": 166
  },
  "8": {
    "mean": 16.68994082840237,
    "std": 5.897049756430008,
    "p10": 9.0,
    "p90": 25.0,
    "n": 169
  },
  "9": {
    "mean": 17.409756097560976,
    "std": 5.778012262622657,
    "p10": 10.0,
    "p90": 25.0,
    "n": 164
  },
  "10": {
    "mean": 17.460714285714282,
    "std": 5.657140426937813,
    "p10": 10.0,
    "p90": 25.30000000000001,
    "n": 168
  },
  "11": {
    "mean": 15.875449101796406,
    "std": 5.1517509839574975,
    "p10": 9.0,
    "p90": 22.0,
    "n": 167
  },
  "12": {
    "mean": 13.388700564971753,
    "std": 4.304739328721113,
    "p10": 8.0,
    "p90": 19.0,
    "n": 177
  },
  "13": {
    "mean": 11.04367816091954,
    "std": 3.918407755824755,
    "p10": 7.0,
    "p90": 16.0,
    "n": 174
  },
  "14": {
    "mean": 8.986982248520711,
    "std": 4.3389236108594345,
    "p10": 4.0,
    "p90": 14.0,
    "n": 169
  },
  "15": {
    "mean": 7.006172839506172,
    "std": 4.261479802437989,
    "p10": 2.0,
    "p90": 11.940000000000003,
    "n": 162
  },
  "16": {
    "mean": 5.379310344827586,
    "std": 4.120108251875865,
    "p10": 1.0,
    "p90": 9.0,
    "n": 174
  },
  "17": {
    "mean": 4.232748538011696,
    "std": 4.322075079095234,
    "p10": 0.0,
    "p90": 9.0,
    "n": 171
  },
  "18": {
    "mean": 3.9177777777777782,
    "std": 4.631868664442364,
    "p10": 0.0,
    "p90": 10.0,
    "n": 180
  },
  "19": {
    "mean": 3.973255813953489,
    "std": 5.685148898019831,
    "p10": 0.0,
    "p90": 12.0,
    "n": 172
  },
  "20": {
    "mean": 3.755428571428572,
    "std": 5.410553938781715,
    "p10": 0.0,
    "p90": 12.199999999999989,
    "n": 175
  },
  "21": {
    "mean": 3.9716049382716054,
    "std": 5.402592765357988,
    "p10": 0.0,
    "p90": 10.900000000000006,
    "n": 162
  },
  "22": {
    "mean": 5.302409638554217,
    "std": 5.957495424606685,
    "p10": 0.0,
    "p90": 14.5,
    "n": 166
  },
  "23": {
    "mean": 6.627710843373493,
    "std": 5.651190558457831,
    "p10": 1.0,
    "p90": 15.0,
    "n": 166
  }
}