{
  "0": {
    "mean": 7.843243243243243,
    "std": 6.538199237845506,
    "p10": 0.0,
    "p90": 16.0,
    "n": 148
  },
  "1": {
    "mean": 10.0,
    "std": 6.492599337233598,
    "p10": 2.3000000000000007,
    "p90": 19.0,
    "n": 144
  },
  "2": {
    "mean": 11.306293706293706,
    "std": 6.891301076926435,
    "p10": 3.0,
    "p90": 21.0,
    "n": 143
  },
  "3": {
    "mean": 12.297101449275363,
    "std": 7.320653136161956,
    "p10": 3.700000000000001,
    "p90": 22.299999999999997,
    "n": 138
  },
  "4": {
    "mean": 13.108695652173912,
    "std": 7.2067332492381295,
    "p10": 4.0,
    "p90": 23.299999999999997,
    "n": 138
  },
  "5": {
    "mean": 13.984827586206896,
    "std": 7.159301748953389,
    "p10": 6.0,
    "p90": 24.0,
    "n": 145
  },
  "6": {
    "mean": 14.913475177304965,
    "std": 7.361261730535796,
    "p10": 6.0,
    "p90": 25.0,
    "n": 141
  },
  "7": {
    "mean": 15.973529411764707,
    "std": 7.724930638970572,
    "p10": 6.699999999999999,
    "p90": 26.5,
    "n": 136
  },
  "8": {
    "mean": 16.486956521739128,
    "std": 7.510691416916265,
    "p10": 7.0,
    "p90": 28.0,
    "n": 138
  },
  "9": {
    "mean": 16.669565217391305,
    "std": 7.703886673788561,
    "p10": 6.700000000000001,
    "p90": 27.0,
    "n": 138
  },
  "10": {
    "mean": 16.934640522875817,
    "std": 7.457558160591861,
    "p10": 7.0,
    "p90": 26.880000000000006,
    "n": 153
  },
  "11": {
    "mean": 15.858503401360544,
    "std": 6.404245633047895,
    "p10": 7.0,
    "p90": 24.0,
    "n": 147
  },
  "12": {
    "mean": 13.606578947368419,
    "std": 5.333210593887998,
    "p10": 6.0,
    "p90": 21.0,
    "n": 152
  },
  "13": {
    "mean": 11.241379310344827,
    "std": 4.65664975848303,
    "p10": 6.0,
    "p90": 17.0,
    "n": 145
  },
  "14": {
    "mean": 8.794366197183098,
    "std": 4.577957899720707,
    "p10": 3.8199999999999976,
    "p90": 14.0,
    "n": 142
  },
  "15": {
    "mean": 6.956291390728477,
    "std": 4.2852238550464,
    "p10": 2.0,
    "p90": 13.0,
    "n": 151
  },
  "16": {
    "mean": 5.532,
    "std": 4.283499165480381,
    "p10": 1.0,
    "p90": 12.0,
    "n": 150
  },
  "17": {
    "mean": 4.547096774193548,
    "std": 4.322461865821726,
    "p10": 1.0,
    "p90": 11.0,
    "n": 155
  },
  "18": {
    "mean": 3.5127516778523487,
    "std": 3.8048562246978777,
    "p10": 0.0,
    "p90": 9.0,
    "n": 149
  },
  "19": {
    "mean": 3.2479452054794518,
    "std": 4.12121875475727,
    "p10": 0.0,
    "p90": 9.5,
    "n": 146
  },
  "20": {
    "mean": 3.1620437956204377,
    "std": 4.192116750641497,
    "p10": 0.0,
    "p90": 10.0,
    "n": 137
  },
  "21": {
    "mean": 3.337142857142857,
    "std": 4.312010044854605,
    "p10": 0.0,
    "p90": 10.0,
    "n": 140
  },
  "22": {
    "mean": 4.509722222222222,
    "std": 4.639558084882569,
    "p10": 0.0,
    "p90": 12.280000000000006,
    "n": 144
  },
  "23": {
    "mean": 6.058333333333334,
    "std": 4.857630433305257,
    "p10": 1.0,
    "p90": 13.0,
    "n": 144
  }
}