{
  "0": {
    "mean": 5.015263157894736,
    "std": 5.492652974917335,
    "p10": 0.0,
    "p90": 14.0,
    "n": 190
  },
  "1": {
    "mean": 5.598484848484849,
    "std": 5.436420489938586,
    "p10": 0.0,
    "p90": 14.930000000000001,
    "n": 198
  },
  "2": {
    "mean": 6.067379679144384,
    "std": 5.3753374567950205,
    "p10": 1.0,
    "p90": 14.9,
    "n": 187
  },
  "3": {
    "mean": 7.004145077720208,
    "std": 5.380712412141739,
    "p10": 1.0,
    "p90": 15.0,
    "n": 193
  },
  "4": {
    "mean": 7.033149171270718,
    "std": 5.505240485701064,
    "p10": 1.0,
    "p90": 15.0,
    "n": 181
  },
  "5": {
    "mean": 7.300000000000001,
    "std": 5.544835802946074,
    "p10": 1.0,
    "p90": 15.0,
    "n": 197
  },
  "6": {
    "mean": 7.597619047619047,
    "std": 5.706526444756673,
    "p10": 1.0,
    "p90": 16.0,
    "n": 210
  },
  "7": {
    "mean": 8.0495,
    "std": 5.736491648399812,
    "p10": 1.1000000000000014,
    "p90": 15.819999999999999,
    "n": 200
  },
  "8": {
    "mean": 8.421999999999999,
    "std": 6.033659023016646,
    "p10": 1.0,
    "p90": 17.0,
    "n": 200
  },
  "9": {
    "mean": 8.45820895522388,
    "std": 6.349294825106122,
    "p10": 1.0,
    "p90": 17.0,
    "n": 201
  },
  "10": {
    "mean": 8.427835051546392,
    "std": 5.92215900744303,
    "p10": 2.0,
    "p90": 16.700000000000017,
    "n": 194
  },
  "11": {
    "mean": 9.115,
    "std": 6.484575824068253,
    "p10": 2.0,
    "p90": 18.0,
    "n": 200
  },
  "12": {
    "mean": 8.847761194029852,
    "std": 6.2240587611852245,
    "p10": 2.0,
    "p90": 17.0,
    "n": 201
  },
  "13": {
    "mean": 8.757727272727271,
    "std": 6.0139779584052615,
    "p10": 3.0,
    "p90": 17.0,
    "n": 220
  },
  "14": {
    "mean": 7.725,
    "std": 5.419055525707198,
    "p10": 2.0,
    "p90": 14.05,
    "n": 216
  },
  "15": {
    "mean": 6.557286432160804,
    "std": 5.466004641488568,
    "p10": 2.0,
    "p90": 13.160000000000013,
    "n": 199
  },
  "16": {
    "mean": 4.535087719298246,
    "std": 4.5119026619640135,
    "p10": 1.0,
    "p90": 9.0,
    "n": 228
  },
  "17": {
    "mean": 3.9471428571428575,
    "std": 4.851618033120788,
    "p10": 0.9400000000000012,
    "p90": 8.459999999999996,
    "n": 210
  },
  "18": {
    "mean": 3.3675,
    "std": 4.515311054578407,
    "p10": 0.0,
    "p90": 8.0,
    "n": 200
  },
  "19": {
    "mean": 2.9013953488372093,
    "std": 4.298548756079134,
    "p10": 0.0,
    "p90": 8.599999999999994,
    "n": 215
  },
  "20": {
    "mean": 3.006091370558376,
    "std": 4.662875902861494,
    "p10": 0.0,
    "p90": 9.0,
    "n": 197
  },
  "21": {
    "mean": 3.6228855721393036,
    "std": 4.89869101208076,
    "p10": 0.0,
    "p90": 10.0,
    "n": 201
  },
  "22": {
    "mean": 4.367692307692308,
    "std": 5.507383264337192,
    "p10": 0.0,
    "p90": 11.599999999999994,
    "n": 195
  },
  "23": {
    "mean": 4.874874371859296,
    "std": 5.579957990075419,
    "p10": 0.0,
    "p90": 12.0,
    "n": 199
  }
}