{
  "0": {
    "mean": 6.1000000000000005,
    "std": 5.096632481413825,
    "p10": 0.0,
    "p90": 13.460000000000006,
    "n": 167
  },
  "1": {
    "mean": 6.5368421052631565,
    "std": 5.006418171728841,
    "p10": 1.0,
    "p90": 13.0,
    "n": 171
  },
  "2": {
    "mean": 7.577914110429447,
    "std": 5.063571478317879,
    "p10": 1.0,
    "p90": 15.0,
    "n": 163
  },
  "3": {
    "mean": 7.947457627118643,
    "std": 5.10735952724339,
    "p10": 2.0,
    "p90": 16.0,
    "n": 177
  },
  "4": {
    "mean": 8.531901840490796,
    "std": 5.69275807573304,
    "p10": 2.0,
    "p90": 17.0,
    "n": 163
  },
  "5": {
    "mean": 9.071098265895952,
    "std": 5.898440615431849,
    "p10": 2.0,
    "p90": 17.80000000000001,
    "n": 173
  },
  "6": {
    "mean": 9.42,
    "std": 6.04720891256321,
    "p10": 2.0,
    "p90": 18.0,
    "n": 175
  },
  "7": {
    "mean": 10.123255813953488,
    "std": 6.098732960513208,
    "p10": 3.0,
    "p90": 18.0,
    "n": 172
  },
  "8": {
    "mean": 10.604545454545452,
    "std": 6.421186523037341,
    "p10": 2.0,
    "p90": 19.0,
    "n": 176
  },
  "9": {
    "mean": 10.287700534759356,
    "std": 6.48145481446789,
    "p10": 3.0,
    "p90": 19.0,
    "n": 187
  },
  "10": {
    "mean": 10.822162162162163,
    "std": 6.759445539043838,
    "p10": 3.0,
    "p90": 19.0,
    "n": 185
  },
  "11": {
    "mean": 10.713440860215053,
    "std": 6.7818981628359865,
    "p10": 3.0,
    "p90": 20.0,
    "n": 186
  },
  "12": {
    "mean": 11.304761904761904,
    "std": 6.711955716784263,
    "p10": 3.0,
    "p90": 20.0,
    "n": 189
  },
  "13": {
    "mean": 10.45392670157068,
    "std": 6.013736274026856,
    "p10": 3.0,
    "p90": 18.0,
    "n": 191
  },
  "14": {
    "mean": 8.334031413612564,
    "std": 5.146459588274721,
    "p10": 2.799999999999997,
    "p90": 14.0,
    "n": 191
  },
  "15": {
    "mean": 6.270588235294118,
    "std": 4.287922671284387,
    "p10": 2.0,
    "p90": 11.0,
    "n": 187
  },
  "16": {
    "mean": 4.724705882352941,
    "std": 3.813132271982423,
    "p10": 1.7999999999999972,
    "p90": 8.0,
    "n": 170
  },
  "17": {
    "mean": 4.020540540540541,
    "std": 4.228193381510047,
    "p10": 1.0,
    "p90": 9.599999999999994,
    "n": 185
  },
  "18": {
    "mean": 3.1989949748743713,
    "std": 4.44936710911696,
    "p10": 0.0,
    "p90": 10.0,
    "n": 199
  },
  "19": {
    "mean": 2.8744565217391305,
    "std": 4.654576422213999,
    "p10": 0.0,
    "p90": 9.700000000000017,
    "n": 184
  },
  "20": {
    "mean": 2.734090909090909,
    "std": 4.644650043434277,
    "p10": 0.0,
    "p90": 10.0,
    "n": 176
  },
  "21": {
    "mean": 3.3725714285714288,
    "std": 4.703329917757305,
    "p10": 0.0,
    "p90": 10.599999999999994,
    "n": 175
  },
  "22": {
    "mean": 4.64378698224852,
    "std": 4.926952100637106,
    "p10": 1.0,
    "p90": 11.200000000000017,
    "n": 169
  },
  "23": {
    "mean": 5.568390804597701,
    "std": 5.039976688991699,
    "p10": 1.0,
    "p90": 11.700000000000017,
    "n": 174
  }
}