{
  "0": {
    "mean": 8.13781512605042,
    "std": 7.174708304430749,
    "p10": 0.0,
    "p90": 17.0,
    "n": 119
  },
  "1": {
    "mean": 9.57094017094017,
    "std": 6.629415377421272,
    "p10": 1.0,
    "p90": 19.0,
    "n": 117
  },
  "2": {
    "mean": 10.434920634920635,
    "std": 6.721003704332471,
    "p10": 1.5,
    "p90": 19.5,
    "n": 126
  },
  "3": {
    "mean": 11.558333333333334,
    "std": 6.8482664595794285,
    "p10": 2.9000000000000004,
    "p90": 21.0,
    "n": 120
  },
  "4": {
    "mean": 12.333333333333334,
    "std": 7.254107307528036,
    "p10": 3.0,
    "p90": 23.10000000000001,
    "n": 120
  },
  "5": {
    "mean": 13.200000000000001,
    "std": 7.220213172813498,
    "p10": 3.5,
    "p90": 24.0,
    "n": 116
  },
  "6": {
    "mean": 14.147200000000002,
    "std": 7.609762151342182,
    "p10": 4.0,
    "p90": 25.0,
    "n": 125
  },
  "7": {
    "mean": 14.496666666666666,
    "std": 7.704019831790899,
    "p10": 4.0,
    "p90": 25.0,
    "n": 120
  },
  "8": {
    "mean": 14.793798449612403,
    "std": 7.816966242751085,
    "p10": 5.0,
    "p90": 26.0,
    "n": 129
  },
  "9": {
    "mean": 15.346341463414634,
    "std": 7.459709183042041,
    "p10": 6.0,
    "p90": 26.0,
    "n": 123
  },
  "10": {
    "mean": 15.122834645669291,
    "std": 7.599793115149641,
    "p10": 5.600000000000001,
    "p90": 26.0,
    "n": 127
  },
  "11": {
    "mean": 13.03111111111111,
    "std": 6.57161997187348,
    "p10": 5.0,
    "p90": 23.0,
    "n": 135
  },
  "12": {
    "mean": 11.484444444444446,
    "std": 5.39692929091574,
    "p10": 4.0,
    "p90": 18.0,
    "n": 135
  },
  "13": {
    "mean": 9.983333333333333,
    "std": 4.744465102560536,
    "p10": 4.0,
    "p90": 15.900000000000006,
    "n": 132
  },
  "14": {
    "mean": 8.588148148148148,
    "std": 4.631479758566126,
    "p10": 3.0,
    "p90": 14.0,
    "n": 135
  },
  "15": {
    "mean": 6.4311475409836065,
    "std": 3.937278540899827,
    "p10": 1.0,
    "p90": 11.0,
    "n": 122
  },
  "16": {
    "mean": 4.545454545454546,
    "std": 3.4370530012400633,
    "p10": 1.0,
    "p90": 9.0,
    "n": 121
  },
  "17": {
    "mean": 3.829310344827586,
    "std": 3.350406003726281,
    "p10": 0.0,
    "p90": 8.5,
    "n": 116
  },
  "18": {
    "mean": 2.8758620689655174,
    "std": 3.196808753569181,
    "p10": 0.0,
    "p90": 7.699999999999999,
    "n": 116
  },
  "19": {
    "mean": 2.3309734513274334,
    "std": 3.0424109226899576,
    "p10": 0.0,
    "p90": 6.0,
    "n": 113
  },
  "20": {
    "mean": 2.471794871794872,
    "std": 3.1597098883045165,
    "p10": 0.0,
    "p90": 5.400000000000006,
    "n": 117
  },
  "21": {
    "mean": 3.542372881355932,
    "std": 4.118177482127384,
    "p10": 0.0,
    "p90": 10.0,
    "n": 118
  },
  "22": {
    "mean": 4.356140350877193,
    "std": 3.6646852135811856,
    "p10": 1.0,
    "p90": 9.700000000000003,
    "n": 114
  },
  "23": {
    "mean": 6.813333333333334,
    "std": 4.635031629588186,
    "p10": 2.0,
    "p90": 13.0,
    "n": 120
  }
}