{
  "0": {
    "mean": 8.442105263157895,
    "std": 5.194580662725627,
    "p10": 1.0,
    "p90": 15.0,
    "n": 133
  },
  "1": {
    "mean": 8.818181818181818,
    "std": 5.378826988249971,
    "p10": 1.0,
    "p90": 16.0,
    "n": 143
  },
  "2": {
    "mean": 9.838095238095239,
    "std": 6.005309674965767,
    "p10": 2.0,
    "p90": 18.0,
    "n": 147
  },
  "3": {
    "mean": 11.205555555555556,
    "std": 5.970367124832745,
    "p10": 4.0,
    "p90": 19.760000000000016,
    "n": 144
  },
  "4": {
    "mean": 11.838805970149254,
    "std": 6.2438410008000975,
    "p10": 4.0,
    "p90": 20.0,
    "n": 134
  },
  "5": {
    "mean": 12.701369863013698,
    "std": 6.3056951412181395,
    "p10": 4.0,
    "p90": 22.0,
    "n": 146
  },
  "6": {
    "mean": 12.763398692810457,
    "std": 6.5320037188767195,
    "p10": 4.120000000000001,
    "p90": 22.0,
    "n": 153
  },
  "7": {
    "mean": 13.649664429530203,
    "std": 6.575503517469458,
    "p10": 5.400000000000002,
    "p90": 23.0,
    "n": 149
  },
  "8": {
    "mean": 13.717197452229298,
    "std": 6.64325548036724,
    "p10": 5.0,
    "p90": 23.0,
    "n": 157
  },
  "9": {
    "mean": 14.393421052631581,
    "std": 6.726262367573441,
    "p10": 5.0,
    "p90": 23.900000000000006,
    "n": 152
  },
  "10": {
    "mean": 14.235220125786164,
    "std": 6.678040135112596,
    "p10": 5.0,
    "p90": 23.0,
    "n": 159
  },
  "11": {
    "mean": 14.136094674556213,
    "std": 6.597884681979342,
    "p10": 5.0,
    "p90": 23.0,
    "n": 169
  },
  "12": {
    "mean": 11.483636363636363,
    "std": 5.2892008122981995,
    "p10": 4.360000000000003,
    "p90": 19.0,
    "n": 165
  },
  "13": {
    "mean": 9.433333333333334,
    "std": 4.078066166201078,
    "p10": 4.600000000000001,
    "p90": 15.5,
    "n": 156
  },
  "14": {
    "mean": 7.050331125827814,
    "std": 3.0725640578553812,
    "p10": 3.0,
    "p90": 11.0,
    "n": 151
  },
  "15": {
    "mean": 4.812587412587412,
    "std": 2.277163640159792,
    "p10": 2.0,
    "p90": 8.0,
    "n": 143
  },
  "16": {
    "mean": 3.1619718309859155,
    "std": 2.074900062341419,
    "p10": 1.0,
    "p90": 6.0,
    "n": 142
  },
  "17": {
    "mean": 1.857971014492754,
    "std": 1.7357053970737888,
    "p10": 0.0,
    "p90": 4.0,
    "n": 138
  },
  "18": {
    "mean": 1.287323943661972,
    "std": 2.0168741756528923,
    "p10": 0.0,
    "p90": 3.0,
    "n": 142
  },
  "19": {
    "mean": 1.4335664335664335,
    "std": 2.320877203514857,
    "p10": 0.0,
    "p90": 4.0,
    "n": 143
  },
  "20": {
    "mean": 1.8907801418439718,
    "std": 2.271245747200038,
    "p10": 0.0,
    "p90": 5.0,
    "n": 141
  },
  "21": {
    "mean": 3.2779411764705877,
    "std": 2.3859058742872925,
    "p10": 1.0,
    "p90": 6.0,
    "n": 136
  },
  "22": {
    "mean": 5.703703703703703,
    "std": 2.931644320004734,
    "p10": 2.4000000000000004,
    "p90": 10.0,
    "n": 135
  },
  "23": {
    "mean": 6.705797101449276,
    "std": 3.1647872846483422,
    "p10": 3.0,
    "p90": 11.0,
    "n": 138
  }
}