{
  "0": {
    "mean": 8.298947368421052,
    "std": 6.030214834447966,
    "p10": 0.0,
    "p90": 17.0,
    "n": 190
  },
  "1": {
    "mean": 10.194652406417113,
    "std": 6.204245274128022,
    "p10": 2.0,
    "p90": 18.0,
    "n": 187
  },
  "2": {
    "mean": 11.243850267379681,
    "std": 6.317649125432915,
    "p10": 2.6000000000000014,
    "p90": 19.0,
    "n": 187
  },
  "3": {
    "mean": 11.30673076923077,
    "std": 6.463091263535413,
    "p10": 3.0,
    "p90": 20.0,
    "n": 208
  },
  "4": {
    "mean": 13.150769230769232,
    "std": 6.207846458527838,
    "p10": 5.0,
    "p90": 21.0,
    "n": 195
  },
  "5": {
    "mean": 13.534020618556703,
    "std": 6.472242631693476,
    "p10": 5.0,
    "p90": 22.0,
    "n": 194
  },
  "6": {
    "mean": 14.57157894736842,
    "std": 6.706123919436241,
    "p10": 5.0,
    "p90": 23.0,
    "n": 190
  },
  "7": {
    "mean": 15.36923076923077,
    "std": 6.733687958982453,
    "p10": 6.0,
    "p90": 24.0,
    "n": 195
  },
  "8": {
    "mean": 15.609045226130652,
    "std": 6.731361742024023,
    "p10": 6.0,
    "p90": 24.0,
    "n": 199
  },
  "9": {
    "mean": 16.068468468468467,
    "std": 7.151242425763019,
    "p10": 6.0,
    "p90": 25.0,
    "n": 222
  },
  "10": {
    "mean": 15.079310344827586,
    "std": 7.006904661990929,
    "p10": 6.0,
    "p90": 24.0,
    "n": 232
  },
  "11": {
    "mean": 14.077358490566038,
    "std": 6.020317621934884,
    "p10": 5.080000000000001,
    "p90": 21.0,
    "n": 212
  },
  "12": {
    "mean": 12.024778761061947,
    "std": 5.320125829313136,
    "p10": 5.0,
    "p90": 18.5,
    "n": 226
  },
  "13": {
    "mean": 9.778217821782178,
    "std": 4.666288626345077,
    "p10": 4.0,
    "p90": 15.0,
    "n": 202
  },
  "14": {
    "mean": 8.217,
    "std": 4.154783040130105,
    "p10": 3.0,
    "p90": 13.0,
    "n": 200
  },
  "15": {
    "mean": 5.911428571428572,
    "std": 3.1621509936049534,
    "p10": 2.0,
    "p90": 10.0,
    "n": 210
  },
  "16": {
    "mean": 4.731797235023041,
    "std": 3.3129030845445677,
    "p10": 1.0,
    "p90": 9.0,
    "n": 217
  },
  "17": {
    "mean": 3.4985915492957744,
    "std": 2.9755367182453583,
    "p10": 0.0,
    "p90": 7.0,
    "n": 213
  },
  "18": {
    "mean": 2.8791878172588836,
    "std": 3.377389305464673,
    "p10": 0.0,
    "p90": 7.0,
    "n": 197
  },
  "19": {
    "mean": 2.4955223880597015,
    "std": 3.3075111263223667,
    "p10": 0.0,
    "p90": 6.0,
    "n": 201
  },
  "20": {
    "mean": 2.658638743455497,
    "std": 3.615335207632021,
    "p10": 0.0,
    "p90": 7.0,
    "n": 191
  },
  "21": {
    "mean": 3.3635416666666664,
    "std": 4.150837165082444,
    "p10": 0.0,
    "p90": 9.0,
    "n": 192
  },
  "22": {
    "mean": 4.4663157894736845,
    "std": 4.563023932983135,
    "p10": 0.0,
    "p90": 11.0,
    "n": 190
  },
  "23": {
    "mean": 6.4,
    "std": 4.705887876974963,
    "p10": 1.0,
    "p90": 12.0,
    "n": 198
  }
}