{
  "0": {
    "mean": 5.662874251497006,
    "std": 5.286861311996453,
    "p10": 0.0,
    "p90": 13.0,
    "n": 167
  },
  "1": {
    "mean": 6.45031847133758,
    "std": 5.35537860716971,
    "p10": 1.0,
    "p90": 15.0,
    "n": 157
  },
  "2": {
    "mean": 6.68527607361963,
    "std": 5.170168862357223,
    "p10": 1.0,
    "p90": 14.080000000000002,
    "n": 163
  },
  "3": {
    "mean": 7.142690058479532,
    "std": 5.232847814568086,
    "p10": 1.0,
    "p90": 15.0,
    "n": 171
  },
  "4": {
    "mean": 7.403488372093023,
    "std": 5.186249197884158,
    "p10": 2.0,
    "p90": 15.0,
    "n": 172
  },
  "5": {
    "mean": 7.783908045977012,
    "std": 5.214971191031402,
    "p10": 3.0,
    "p90": 15.760000000000014,
    "n": 174
  },
  "6": {
    "mean": 8.635672514619882,
    "std": 5.316462998062672,
    "p10": 3.0,
    "p90": 16.0,
    "n": 171
  },
  "7": {
    "mean": 9.159649122807018,
    "std": 5.351718568914744,
    "p10": 3.0,
    "p90": 17.2,
    "n": 171
  },
  "8": {
    "mean": 9.00355029585799,
    "std": 5.088723451710751,
    "p10": 3.8000000000000007,
    "p90": 16.0,
    "n": 169
  },
  "9": {
    "mean": 9.793785310734464,
    "std": 5.069193478437025,
    "p10": 4.0,
    "p90": 17.320000000000004,
    "n": 177
  },
  "10": {
    "mean": 9.555737704918034,
    "std": 5.150264836575612,
    "p10": 3.0,
    "p90": 17.0,
    "n": 183
  },
  "11": {
    "mean": 9.501666666666667,
    "std": 4.902017313618624,
    "p10": 3.0,
    "p90": 16.089999999999996,
    "n": 180
  },
  "12": {
    "mean": 9.852150537634408,
    "std": 4.642508722886884,
    "p10": 4.0,
    "p90": 16.5,
    "n": 186
  },
  "13": {
    "mean": 8.10340909090909,
    "std": 3.9033011336892445,
    "p10": 3.0,
    "p90": 13.0,
    "n": 176
  },
  "14": {
    "mean": 6.97093023255814,
    "std": 3.4191023848242788,
    "p10": 3.1000000000000014,
    "p90": 12.0,
    "n": 172
  },
  "15": {
    "mean": 5.483832335329341,
    "std": 3.4948726188978023,
    "p10": 2.0,
    "p90": 11.0,
    "n": 167
  },
  "16": {
    "mean": 4.2406976744186045,
    "std": 3.514344137258371,
    "p10": 1.0,
    "p90": 9.0,
    "n": 172
  },
  "17": {
    "mean": 3.832596685082873,
    "std": 4.181239635136138,
    "p10": 0.0,
    "p90": 12.0,
    "n": 181
  },
  "18": {
    "mean": 3.297093023255814,
    "std": 3.799606432767432,
    "p10": 0.0,
    "p90": 10.0,
    "n": 172
  },
  "19": {
    "mean": 2.5593939393939396,
    "std": 3.520772797819462,
    "p10": 0.0,
    "p90": 8.0,
    "n": 165
  },
  "20": {
    "mean": 2.938372093023256,
    "std": 3.549538100406052,
    "p10": 0.0,
    "p90": 8.0,
    "n": 172
  },
  "21": {
    "mean": 3.5999999999999996,
    "std": 3.495761553254069,
    "p10": 0.0,
    "p90": 8.98,
    "n": 173
  },
  "22": {
    "mean": 4.314197530864197,
    "std": 3.602308909056406,
    "p10": 1.0,
    "p90": 9.0,
    "n": 162
  },
  "23": {
    "mean": 4.947904191616766,
    "std": 4.094837159675511,
    "p10": 0.9599999999999995,
    "p90": 11.0,
    "n": 167
  }
}