{
  "0": {
    "mean": 6.8456692913385835,
    "std": 5.6105450023234935,
    "p10": 0.0,
    "p90": 14.0,
    "n": 127
  },
  "1": {
    "mean": 7.91908396946565,
    "std": 5.4488829413265565,
    "p10": 1.0,
    "p90": 15.0,
    "n": 131
  },
  "2": {
    "mean": 8.67426470588235,
    "std": 5.528498507880234,
    "p10": 2.0,
    "p90": 17.0,
    "n": 136
  },
  "3": {
    "mean": 9.165034965034964,
    "std": 5.561553875748515,
    "p10": 2.200000000000001,
    "p90": 17.0,
    "n": 143
  },
  "4": {
    "mean": 10.068085106382979,
    "std": 5.336067561535984,
    "p10": 3.0,
    "p90": 17.0,
    "n": 141
  },
  "5": {
    "mean": 10.931578947368422,
    "std": 5.43712502602656,
    "p10": 4.0,
    "p90": 18.84,
    "n": 133
  },
  "6": {
    "mean": 11.345454545454546,
    "std": 5.783374998773679,
    "p10": 4.040000000000001,
    "p90": 19.0,
    "n": 143
  },
  "7": {
    "mean": 12.18296296296296,
    "std": 5.731564095099173,
    "p10": 5.0,
    "p90": 20.60000000000001,
    "n": 135
  },
  "8": {
    "mean": 12.692957746478873,
    "std": 6.013963042235899,
    "p10": 5.100000000000001,
    "p90": 21.900000000000006,
    "n": 142
  },
  "9": {
    "mean": 13.132846715328467,
    "std": 6.0667016609116,
    "p10": 5.0,
    "p90": 23.0,
    "n": 137
  },
  "10": {
    "mean": 13.53202614379085,
    "std": 6.316609825176993,
    "p10": 6.0,
    "p90": 23.0,
    "n": 153
  },
  "11": {
    "mean": 13.51275167785235,
    "std": 6.1740223932412,
    "p10": 5.0,
    "p90": 24.0,
    "n": 149
  },
  "12": {
    "mean": 11.98014705882353,
    "std": 5.123913721957597,
    "p10": 6.0,
    "p90": 20.0,
    "n": 136
  },
  "13": {
    "mean": 9.657534246575343,
    "std": 4.3579785826005715,
    "p10": 5.0,
    "p90": 15.0,
    "n": 146
  },
  "14": {
    "mean": 7.727777777777779,
    "std": 3.830945846151584,
    "p10": 3.6000000000000014,
    "p90": 12.700000000000017,
    "n": 144
  },
  "15": {
    "mean": 5.9361702127659575,
    "std": 4.0043061927263235,
    "p10": 2.0,
    "p90": 11.0,
    "n": 141
  },
  "16": {
    "mean": 3.9485714285714284,
    "std": 3.3159194329037525,
    "p10": 1.0,
    "p90": 9.0,
    "n": 140
  },
  "17": {
    "mean": 3.011594202898551,
    "std": 3.5509857264916143,
    "p10": 0.0,
    "p90": 8.0,
    "n": 138
  },
  "18": {
    "mean": 2.362857142857143,
    "std": 3.7666912537434913,
    "p10": 0.0,
    "p90": 8.0,
    "n": 140
  },
  "19": {
    "mean": 2.072058823529412,
    "std": 3.612789856144738,
    "p10": 0.0,
    "p90": 7.0,
    "n": 136
  },
  "20": {
    "mean": 2.48,
    "std": 3.4961418380749336,
    "p10": 0.0,
    "p90": 6.1000000000000085,
    "n": 130
  },
  "21": {
    "mean": 3.9291338582677167,
    "std": 3.56228280287431,
    "p10": 1.0,
    "p90": 8.0,
    "n": 127
  },
  "22": {
    "mean": 5.260465116279069,
    "std": 3.8519154854405557,
    "p10": 1.0,
    "p90": 10.0,
    "n": 129
  },
  "23": {
    "mean": 6.241538461538462,
    "std": 4.271317437693903,
    "p10": 1.0,
    "p90": 12.0,
    "n": 130
  }
}