{
  "0": {
    "mean": 8.423333333333334,
    "std": 5.1927441857625665,
    "p10": 1.0,
    "p90": 13.639999999999993,
    "n": 180
  },
  "1": {
    "mean": 9.98791208791209,
    "std": 4.925171229372396,
    "p10": 3.0,
    "p90": 15.0,
    "n": 182
  },
  "2": {
    "mean": 11.292485549132948,
    "std": 4.704500709497455,
    "p10": 5.0,
    "p90": 16.0,
    "n": 173
  },
  "3": {
    "mean": 12.2031746031746,
    "std": 5.001509397298622,
    "p10": 5.0,
    "p90": 18.0,
    "n": 189
  },
  "4": {
    "mean": 12.936458333333333,
    "std": 5.026872702886922,
    "p10": 6.0,
    "p90": 18.0,
    "n": 192
  },
  "5": {
    "mean": 13.802094240837695,
    "std": 4.84991544272663,
    "p10": 7.0,
    "p90": 19.0,
    "n": 191
  },
  "6": {
    "mean": 14.752747252747254,
    "std": 4.918582211820793,
    "p10": 8.0,
    "p90": 20.0,
    "n": 182
  },
  "7": {
    "mean": 15.36021505376344,
    "std": 4.848753303907154,
    "p10": 8.5,
    "p90": 21.0,
    "n": 186
  },
  "8": {
    "mean": 15.40752688172043,
    "std": 5.1904431214079185,
    "p10": 8.0,
    "p90": 21.0,
    "n": 186
  },
  "9": {
    "mean": 15.539047619047619,
    "std": 5.183235678896411,
    "p10": 8.0,
    "p90": 22.0,
    "n": 210
  },
  "10": {
    "mean": 14.931632653061223,
    "std": 4.720540971579867,
    "p10": 8.0,
    "p90": 20.0,
    "n": 196
  },
  "11": {
    "mean": 13.405970149253733,
    "std": 4.099019904697278,
    "p10": 7.0,
    "p90": 18.0,
    "n": 201
  },
  "12": {
    "mean": 11.330964467005074,
    "std": 3.8519151854200713,
    "p10": 6.0,
    "p90": 15.0,
    "n": 197
  },
  "13": {
    "mean": 8.851612903225806,
    "std": 3.4678948487199763,
    "p10": 4.0,
    "p90": 13.0,
    "n": 186
  },
  "14": {
    "mean": 7.047916666666666,
    "std": 3.5272159249896893,
    "p10": 3.0,
    "p90": 11.0,
    "n": 192
  },
  "15": {
    "mean": 5.348863636363636,
    "std": 2.8277601158385535,
    "p10": 2.0,
    "p90": 9.0,
    "n": 176
  },
  "16": {
    "mean": 4.336263736263737,
    "std": 3.0799123358234133,
    "p10": 1.0,
    "p90": 8.940000000000005,
    "n": 182
  },
  "17": {
    "mean": 3.0285714285714285,
    "std": 3.0218145029077466,
    "p10": 0.0,
    "p90": 7.599999999999994,
    "n": 175
  },
  "18": {
    "mean": 2.7005649717514126,
    "std": 3.748583022822532,
    "p10": 0.0,
    "p90": 7.0,
    "n": 177
  },
  "19": {
    "mean": 1.9965317919075143,
    "std": 2.781957984438489,
    "p10": 0.0,
    "p90": 6.0,
    "n": 173
  },
  "20": {
    "mean": 2.5942857142857143,
    "std": 3.527001172982512,
    "p10": 0.0,
    "p90": 8.0,
    "n": 175
  },
  "21": {
    "mean": 4.843999999999999,
    "std": 5.2956475918517665,
    "p10": 0.0,
    "p90": 14.0,
    "n": 200
  },
  "22": {
    "mean": 5.480898876404495,
    "std": 5.3009939672257405,
    "p10": 1.0,
    "p90": 14.0,
    "n": 178
  },
  "23": {
    "mean": 7.25,
    "std": 5.085079427785297,
    "p10": 2.0,
    "p90": 15.0,
    "n": 184
  }
}