{
  "0": {
    "mean": 6.441721854304636,
    "std": 5.222239080648504,
    "p10": 0.0,
    "p90": 14.0,
    "n": 151
  },
  "1": {
    "mean": 7.1214723926380366,
    "std": 5.123496374803849,
    "p10": 1.0,
    "p90": 14.0,
    "n": 163
  },
  "2": {
    "mean": 7.384375,
    "std": 4.974406786478012,
    "p10": 2.0,
    "p90": 14.459999999999996,
    "n": 160
  },
  "3": {
    "mean": 7.681875,
    "std": 4.9044309560992545,
    "p10": 2.0,
    "p90": 15.0,
    "n": 160
  },
  "4": {
    "mean": 8.152095808383233,
    "std": 4.986316678156517,
    "p10": 2.0,
    "p90": 15.400000000000006,
    "n": 167
  },
  "5": {
    "mean": 8.436470588235295,
    "std": 5.166227311037264,
    "p10": 3.0,
    "p90": 15.0,
    "n": 170
  },
  "6": {
    "mean": 8.783647798742138,
    "std": 5.699176869434148,
    "p10": 1.0,
    "p90": 17.0,
    "n": 159
  },
  "7": {
    "mean": 9.48076923076923,
    "std": 5.628030256293656,
    "p10": 2.0,
    "p90": 17.5,
    "n": 156
  },
  "8": {
    "mean": 9.451807228915662,
    "std": 5.892591372033669,
    "p10": 2.0,
    "p90": 18.0,
    "n": 166
  },
  "9": {
    "mean": 9.814556962025316,
    "std": 5.977620960736626,
    "p10": 2.34,
    "p90": 18.0,
    "n": 158
  },
  "10": {
    "mean": 10.042767295597484,
    "std": 6.205637077215643,
    "p10": 2.8800000000000017,
    "p90": 18.200000000000017,
    "n": 159
  },
  "11": {
    "mean": 9.516374269005848,
    "std": 5.774606761272493,
    "p10": 3.0,
    "p90": 17.0,
    "n": 171
  },
  "12": {
    "mean": 9.01818181818182,
    "std": 5.3554605746625015,
    "p10": 3.0,
    "p90": 16.0,
    "n": 187
  },
  "13": {
    "mean": 7.759649122807018,
    "std": 4.231472820319441,
    "p10": 3.0,
    "p90": 14.0,
    "n": 171
  },
  "14": {
    "mean": 6.33101604278075,
    "std": 3.598028213705801,
    "p10": 2.0,
    "p90": 11.640000000000002,
    "n": 187
  },
  "15": {
    "mean": 5.081182795698925,
    "std": 3.6040398802312135,
    "p10": 1.0,
    "p90": 9.0,
    "n": 186
  },
  "16": {
    "mean": 3.8146892655367233,
    "std": 3.3820228346408063,
    "p10": 1.0,
    "p90": 8.0,
    "n": 177
  },
  "17": {
    "mean": 3.3736263736263736,
    "std": 4.18630588257775,
    "p10": 1.0,
    "p90": 7.900000000000006,
    "n": 182
  },
  "18": {
    "mean": 2.5259493670886077,
    "std": 5.050309700785985,
    "p10": 0.0,
    "p90": 6.300000000000011,
    "n": 158
  },
  "19": {
    "mean": 1.782191780821918,
    "std": 3.6569571849587805,
    "p10": 0.0,
    "p90": 4.5,
    "n": 146
  },
  "20": {
    "mean": 2.2350993377483444,
    "std": 3.858345045491166,
    "p10": 0.0,
    "p90": 4.399999999999999,
    "n": 151
  },
  "21": {
    "mean": 3.424342105263158,
    "std": 4.2119193326760636,
    "p10": 1.0,
    "p90": 7.0,
    "n": 152
  },
  "22": {
    "mean": 4.290140845070422,
    "std": 4.703300634602745,
    "p10": 1.0,
    "p90": 8.0,
    "n": 142
  },
  "23": {
    "mean": 5.122292993630573,
    "std": 5.108083070702177,
    "p10": 1.0,
    "p90": 10.0,
    "n": 157
  }
}