{
  "0": {
    "mean": 8.10153846153846,
    "std": 4.51455237957719,
    "p10": 1.0,
    "p90": 14.0,
    "n": 195
  },
  "1": {
    "mean": 9.57319587628866,
    "std": 3.9401353298322435,
    "p10": 4.0,
    "p90": 14.420000000000007,
    "n": 194
  },
  "2": {
    "mean": 10.728260869565217,
    "std": 3.6678585073494663,
    "p10": 5.0,
    "p90": 15.0,
    "n": 184
  },
  "3": {
    "mean": 11.660732984293192,
    "std": 3.4941872764727693,
    "p10": 7.0,
    "p90": 16.0,
    "n": 191
  },
  "4": {
    "mean": 12.468817204301073,
    "std": 3.429348011302049,
    "p10": 7.0,
    "p90": 16.0,
    "n": 186
  },
  "5": {
    "mean": 12.926424870466322,
    "std": 3.558934789986779,
    "p10": 8.0,
    "p90": 17.0,
    "n": 193
  },
  "6": {
    "mean": 13.742156862745096,
    "std": 3.459660175074567,
    "p10": 8.3,
    "p90": 18.0,
    "n": 204
  },
  "7": {
    "mean": 13.799033816425121,
    "std": 3.506526374818463,
    "p10": 9.0,
    "p90": 18.0,
    "n": 207
  },
  "8": {
    "mean": 14.454545454545455,
    "std": 3.5577690131197754,
    "p10": 9.419999999999998,
    "p90": 19.0,
    "n": 198
  },
  "9": {
    "mean": 14.666037735849056,
    "std": 3.4756536237538573,
    "p10": 10.0,
    "p90": 19.0,
    "n": 212
  },
  "10": {
    "mean": 13.855276381909547,
    "std": 3.1754678012161586,
    "p10": 10.0,
    "p90": 18.0,
    "n": 199
  },
  "11": {
    "mean": 12.499465240641712,
    "std": 2.9387565457308007,
    "p10": 8.600000000000001,
    "p90": 16.0,
    "n": 187
  },
  "12": {
    "mean": 10.424719101123594,
    "std": 2.57485805209659,
    "p10": 7.0,
    "p90": 14.0,
    "n": 178
  },
  "13": {
    "mean": 8.504864864864865,
    "std": 2.656662688270368,
    "p10": 5.0,
    "p90": 11.919999999999998,
    "n": 185
  },
  "14": {
    "mean": 6.397790055248619,
    "std": 2.3404642417241592,
    "p10": 3.0,
    "p90": 10.0,
    "n": 181
  },
  "15": {
    "mean": 4.849180327868853,
    "std": 2.2963867665506417,
    "p10": 2.0,
    "p90": 8.0,
    "n": 183
  },
  "16": {
    "mean": 3.4171428571428573,
    "std": 2.4165004755720756,
    "p10": 1.0,
    "p90": 7.0,
    "n": 175
  },
  "17": {
    "mean": 2.4432748538011695,
    "std": 2.3098252621482143,
    "p10": 0.0,
    "p90": 6.0,
    "n": 171
  },
  "18": {
    "mean": 2.138121546961326,
    "std": 2.983833255437604,
    "p10": 0.0,
    "p90": 6.0,
    "n": 181
  },
  "19": {
    "mean": 2.0089385474860335,
    "std": 3.4076464730025045,
    "p10": 0.0,
    "p90": 6.0,
    "n": 179
  },
  "20": {
    "mean": 3.815957446808511,
    "std": 5.152265545841365,
    "p10": 0.0,
    "p90": 13.0,
    "n": 188
  },
  "21": {
    "mean": 4.177083333333333,
    "std": 4.6714343944788235,
    "p10": 0.0,
    "p90": 12.0,
    "n": 192
  },
  "22": {
    "mean": 6.202955665024631,
    "std": 5.252231127326399,
    "p10": 1.0,
    "p90": 15.0,
    "n": 203
  },
  "23": {
    "mean": 6.9762886597938145,
    "std": 4.686399088175602,
    "p10": 2.0,
    "p90": 15.0,
    "n": 194
  }
}