{
  "0": {
    "mean": 7.930538922155689,
    "std": 4.47794747213888,
    "p10": 1.0,
    "p90": 14.0,
    "n": 167
  },
  "1": {
    "mean": 9.067901234567902,
    "std": 4.582286368490696,
    "p10": 2.0,
    "p90": 15.0,
    "n": 162
  },
  "2": {
    "mean": 10.204624277456649,
    "std": 4.6562263269746476,
    "p10": 3.0,
    "p90": 16.0,
    "n": 173
  },
  "3": {
    "mean": 11.076300578034681,
    "std": 4.740297822290421,
    "p10": 5.0,
    "p90": 17.0,
    "n": 173
  },
  "4": {
    "mean": 11.424043715846993,
    "std": 5.05776207278393,
    "p10": 5.0,
    "p90": 18.0,
    "n": 183
  },
  "5": {
    "mean": 11.792134831460674,
    "std": 5.293524980216967,
    "p10": 5.0,
    "p90": 18.0,
    "n": 178
  },
  "6": {
    "mean": 12.36759776536313,
    "std": 5.263234825282109,
    "p10": 5.0,
    "p90": 19.0,
    "n": 179
  },
  "7": {
    "mean": 13.051685393258426,
    "std": 5.47772298686255,
    "p10": 5.0,
    "p90": 19.30000000000001,
    "n": 178
  },
  "8": {
    "mean": 13.726627218934912,
    "std": 5.4369821469413955,
    "p10": 5.0,
    "p90": 20.0,
    "n": 169
  },
  "9": {
    "mean": 13.816042780748665,
    "std": 5.673515092386402,
    "p10": 5.0,
    "p90": 21.0,
    "n": 187
  },
  "10": {
    "mean": 13.531216931216932,
    "std": 5.601645759357582,
    "p10": 5.0,
    "p90": 20.0,
    "n": 189
  },
  "11": {
    "mean": 12.936125654450263,
    "std": 4.856542376816255,
    "p10": 5.0,
    "p90": 19.0,
    "n": 191
  },
  "12": {
    "mean": 10.64949494949495,
    "std": 4.275033736616933,
    "p10": 4.0,
    "p90": 16.0,
    "n": 198
  },
  "13": {
    "mean": 8.519148936170213,
    "std": 3.3432277015379035,
    "p10": 4.0,
    "p90": 12.0,
    "n": 188
  },
  "14": {
    "mean": 6.32,
    "std": 2.586525650854584,
    "p10": 3.0,
    "p90": 10.0,
    "n": 175
  },
  "15": {
    "mean": 4.443529411764706,
    "std": 2.1695551889879967,
    "p10": 2.0,
    "p90": 7.0,
    "n": 170
  },
  "16": {
    "mean": 3.0,
    "std": 2.0238338900358968,
    "p10": 1.0,
    "p90": 5.0,
    "n": 167
  },
  "17": {
    "mean": 2.3134502923976608,
    "std": 2.867668723511957,
    "p10": 0.0,
    "p90": 4.0,
    "n": 171
  },
  "18": {
    "mean": 1.8059523809523808,
    "std": 2.7356528822805033,
    "p10": 0.0,
    "p90": 4.0,
    "n": 168
  },
  "19": {
    "mean": 1.7967032967032968,
    "std": 2.7057928668973608,
    "p10": 0.0,
    "p90": 4.0,
    "n": 182
  },
  "20": {
    "mean": 2.4180790960451977,
    "std": 3.2037816317140404,
    "p10": 0.0,
    "p90": 6.0,
    "n": 177
  },
  "21": {
    "mean": 3.0773809523809526,
    "std": 2.9303226280233483,
    "p10": 0.0,
    "p90": 6.0,
    "n": 168
  },
  "22": {
    "mean": 4.75808383233533,
    "std": 2.8536877291638625,
    "p10": 2.0,
    "p90": 8.0,
    "n": 167
  },
  "23": {
    "mean": 6.417391304347826,
    "std": 3.2289620084748463,
    "p10": 3.0,
    "p90": 11.0,
    "n": 161
  }
}