{
  "0": {
    "mean": 7.803508771929825,
    "std": 4.5028343327135385,
    "p10": 1.0,
    "p90": 14.0,
    "n": 171
  },
  "1": {
    "mean": 9.0,
    "std": 4.595489920276397,
    "p10": 2.0,
    "p90": 15.0,
    "n": 164
  },
  "2": {
    "mean": 10.139428571428573,
    "std": 4.669464233005422,
    "p10": 3.0,
    "p90": 16.0,
    "n": 175
  },
  "3": {
    "mean": 11.012571428571427,
    "std": 4.753034325962383,
    "p10": 5.0,
    "p90": 17.0,
    "n": 175
  },
  "4": {
    "mean": 11.376216216216216,
    "std": 5.055375610347081,
    "p10": 5.0,
    "p90": 18.0,
    "n": 185
  },
  "5": {
    "mean": 11.75,
    "std": 5.28317134317455,
    "p10": 5.0,
    "p90": 18.0,
    "n": 180
  },
  "6": {
    "mean": 12.32486187845304,
    "std": 5.256201692364598,
    "p10": 5.0,
    "p90": 19.0,
    "n": 181
  },
  "7": {
    "mean": 13.01222222222222,
    "std": 5.466205526264937,
    "p10": 5.0,
    "p90": 19.099999999999994,
    "n": 180
  },
  "8": {
    "mean": 13.683040935672516,
    "std": 5.424162076093062,
    "p10": 5.0,
    "p90": 20.0,
    "n": 171
  },
  "9": {
    "mean": 13.791534391534393,
    "std": 5.654139161215969,
    "p10": 5.0,
    "p90": 21.0,
    "n": 189
  },
  "10": {
    "mean": 13.515183246073299,
    "std": 5.582767644413237,
    "p10": 5.0,
    "p90": 20.0,
    "n": 191
  },
  "11": {
    "mean": 12.931606217616581,
    "std": 4.8381175327594566,
    "p10": 5.0,
    "p90": 19.0,
    "n": 193
  },
  "12": {
    "mean": 10.642999999999999,
    "std": 4.258712736362279,
    "p10": 4.0,
    "p90": 16.0,
    "n": 200
  },
  "13": {
    "mean": 8.50842105263158,
    "std": 3.330702554164264,
    "p10": 4.0,
    "p90": 12.0,
    "n": 190
  },
  "14": {
    "mean": 6.305084745762712,
    "std": 2.584399683820574,
    "p10": 3.0,
    "p90": 10.0,
    "n": 177
  },
  "15": {
    "mean": 4.432558139534883,
    "std": 2.165300074309496,
    "p10": 2.0,
    "p90": 7.0,
    "n": 172
  },
  "16": {
    "mean": 2.9822485207100593,
    "std": 2.0249437757658066,
    "p10": 1.0,
    "p90": 5.0,
    "n": 169
  },
  "17": {
    "mean": 2.309826589595376,
    "std": 2.851145521313756,
    "p10": 0.0,
    "p90": 4.0,
    "n": 173
  },
  "18": {
    "mean": 1.8023529411764705,
    "std": 2.7201625634760997,
    "p10": 0.0,
    "p90": 4.0,
    "n": 170
  },
  "19": {
    "mean": 1.7880434782608696,
    "std": 2.692241124290948,
    "p10": 0.0,
    "p90": 4.0,
    "n": 184
  },
  "20": {
    "mean": 2.4022346368715084,
    "std": 3.1909977888517025,
    "p10": 0.0,
    "p90": 6.0,
    "n": 179
  },
  "21": {
    "mean": 3.0647058823529414,
    "std": 2.9172900565301503,
    "p10": 0.0,
    "p90": 6.0,
    "n": 170
  },
  "22": {
    "mean": 4.743195266272189,
    "std": 2.840454644356097,
    "p10": 2.0,
    "p90": 8.0,
    "n": 169
  },
  "23": {
    "mean": 6.387730061349694,
    "std": 3.2219688215712394,
    "p10": 3.0,
    "p90": 11.0,
    "n": 163
  }
}