{
  "0": {
    "mean": 8.379999999999999,
    "std": 7.1252434011183015,
    "p10": 0.0,
    "p90": 17.0,
    "n": 140
  },
  "1": {
    "mean": 9.882857142857143,
    "std": 6.698952380859841,
    "p10": 1.0,
    "p90": 19.0,
    "n": 140
  },
  "2": {
    "mean": 10.805298013245032,
    "std": 6.780872982927496,
    "p10": 2.0,
    "p90": 20.0,
    "n": 151
  },
  "3": {
    "mean": 11.94421768707483,
    "std": 6.9476233174019235,
    "p10": 3.0,
    "p90": 22.0,
    "n": 147
  },
  "4": {
    "mean": 12.681379310344827,
    "std": 7.2617145416417435,
    "p10": 3.0,
    "p90": 23.0,
    "n": 145
  },
  "5": {
    "mean": 13.708333333333334,
    "std": 7.362269147009432,
    "p10": 4.0,
    "p90": 24.0,
    "n": 144
  },
  "6": {
    "mean": 14.64516129032258,
    "std": 7.82243023276934,
    "p10": 5.0,
    "p90": 26.0,
    "n": 155
  },
  "7": {
    "mean": 14.68888888888889,
    "std": 7.533744748896161,
    "p10": 5.0,
    "p90": 25.0,
    "n": 153
  },
  "8": {
    "mean": 14.994904458598725,
    "std": 7.870814281811131,
    "p10": 5.0,
    "p90": 26.0,
    "n": 157
  },
  "9": {
    "mean": 15.50596026490066,
    "std": 7.589775857806603,
    "p10": 6.0,
    "p90": 26.0,
    "n": 151
  },
  "10": {
    "mean": 15.416560509554138,
    "std": 7.700181875422445,
    "p10": 6.0,
    "p90": 26.0,
    "n": 157
  },
  "11": {
    "mean": 13.4125,
    "std": 6.870177553938582,
    "p10": 5.0,
    "p90": 24.0,
    "n": 160
  },
  "12": {
    "mean": 11.8075,
    "std": 5.731294979179207,
    "p10": 4.0,
    "p90": 19.0,
    "n": 160
  },
  "13": {
    "mean": 10.111392405063292,
    "std": 5.051152037145817,
    "p10": 4.0,
    "p90": 16.0,
    "n": 158
  },
  "14": {
    "mean": 8.523170731707317,
    "std": 4.643427937808085,
    "p10": 3.0,
    "p90": 14.0,
    "n": 164
  },
  "15": {
    "mean": 6.417687074829932,
    "std": 3.916800845117254,
    "p10": 1.0,
    "p90": 11.0,
    "n": 147
  },
  "16": {
    "mean": 4.598648648648648,
    "std": 3.2925805376331914,
    "p10": 1.0,
    "p90": 9.0,
    "n": 148
  },
  "17": {
    "mean": 3.6769230769230767,
    "std": 3.1957650742090116,
    "p10": 0.0,
    "p90": 7.799999999999997,
    "n": 143
  },
  "18": {
    "mean": 2.7527777777777778,
    "std": 3.028164863375579,
    "p10": 0.0,
    "p90": 7.0,
    "n": 144
  },
  "19": {
    "mean": 2.217391304347826,
    "std": 2.8760758201298366,
    "p10": 0.0,
    "p90": 5.299999999999997,
    "n": 138
  },
  "20": {
    "mean": 2.3120567375886525,
    "std": 2.9663222823004487,
    "p10": 0.0,
    "p90": 5.0,
    "n": 141
  },
  "21": {
    "mean": 3.4510067114093963,
    "std": 3.901915978594195,
    "p10": 0.0,
    "p90": 9.200000000000017,
    "n": 149
  },
  "22": {
    "mean": 4.39448275862069,
    "std": 3.788648603070479,
    "p10": 1.0,
    "p90": 10.0,
    "n": 145
  },
  "23": {
    "mean": 7.102702702702701,
    "std": 4.780657540888903,
    "p10": 2.0,
    "p90": 16.0,
    "n": 148
  }
}