{
  "0": {
    "mean": 8.493258426966293,
    "std": 6.024137845392969,
    "p10": 0.0,
    "p90": 17.0,
    "n": 178
  },
  "1": {
    "mean": 10.35819209039548,
    "std": 6.194302102018716,
    "p10": 2.0,
    "p90": 18.0,
    "n": 177
  },
  "2": {
    "mean": 11.398870056497175,
    "std": 6.326225974434492,
    "p10": 3.0,
    "p90": 19.400000000000006,
    "n": 177
  },
  "3": {
    "mean": 11.49896907216495,
    "std": 6.517008354713963,
    "p10": 3.0,
    "p90": 20.0,
    "n": 194
  },
  "4": {
    "mean": 13.30108695652174,
    "std": 6.22527888312846,
    "p10": 5.0,
    "p90": 21.0,
    "n": 184
  },
  "5": {
    "mean": 13.569565217391306,
    "std": 6.537721384613086,
    "p10": 5.0,
    "p90": 22.0,
    "n": 184
  },
  "6": {
    "mean": 14.595530726256985,
    "std": 6.77500214543728,
    "p10": 5.0,
    "p90": 23.0,
    "n": 179
  },
  "7": {
    "mean": 15.427027027027027,
    "std": 6.801656154164436,
    "p10": 6.0,
    "p90": 24.0,
    "n": 185
  },
  "8": {
    "mean": 15.664210526315788,
    "std": 6.748159314608567,
    "p10": 6.0,
    "p90": 24.0,
    "n": 190
  },
  "9": {
    "mean": 16.11830985915493,
    "std": 7.188190849997465,
    "p10": 6.0,
    "p90": 25.0,
    "n": 213
  },
  "10": {
    "mean": 15.114932126696832,
    "std": 7.09701625011971,
    "p10": 6.0,
    "p90": 24.0,
    "n": 221
  },
  "11": {
    "mean": 14.179310344827586,
    "std": 6.074729796153784,
    "p10": 5.160000000000002,
    "p90": 21.80000000000001,
    "n": 203
  },
  "12": {
    "mean": 12.125581395348837,
    "std": 5.400211705059842,
    "p10": 5.0,
    "p90": 19.0,
    "n": 215
  },
  "13": {
    "mean": 9.902590673575128,
    "std": 4.699694529447727,
    "p10": 4.0,
    "p90": 15.0,
    "n": 193
  },
  "14": {
    "mean": 8.352879581151832,
    "std": 4.140185551543848,
    "p10": 3.0,
    "p90": 13.0,
    "n": 191
  },
  "15": {
    "mean": 6.002000000000001,
    "std": 3.1562964111717817,
    "p10": 2.0,
    "p90": 10.0,
    "n": 200
  },
  "16": {
    "mean": 4.78647342995169,
    "std": 3.3260096836228135,
    "p10": 1.0,
    "p90": 9.0,
    "n": 207
  },
  "17": {
    "mean": 3.5401960784313724,
    "std": 2.9830641767394335,
    "p10": 0.0,
    "p90": 7.0,
    "n": 204
  },
  "18": {
    "mean": 2.8840425531914895,
    "std": 3.4269084051708885,
    "p10": 0.0,
    "p90": 7.0,
    "n": 188
  },
  "19": {
    "mean": 2.539583333333333,
    "std": 3.360830088396552,
    "p10": 0.0,
    "p90": 6.900000000000006,
    "n": 192
  },
  "20": {
    "mean": 2.724175824175824,
    "std": 3.673733574683234,
    "p10": 0.0,
    "p90": 7.900000000000006,
    "n": 182
  },
  "21": {
    "mean": 3.4306010928961745,
    "std": 4.223995188324417,
    "p10": 0.0,
    "p90": 9.800000000000011,
    "n": 183
  },
  "22": {
    "mean": 4.54475138121547,
    "std": 4.637292980591726,
    "p10": 0.0,
    "p90": 11.0,
    "n": 181
  },
  "23": {
    "mean": 6.493121693121694,
    "std": 4.769339720905806,
    "p10": 1.0,
    "p90": 12.0,
    "n": 189
  }
}