{
  "0": {
    "mean": 8.214814814814815,
    "std": 5.2846692865872935,
    "p10": 1.0,
    "p90": 15.0,
    "n": 162
  },
  "1": {
    "mean": 8.573863636363637,
    "std": 5.388919728865503,
    "p10": 2.0,
    "p90": 16.0,
    "n": 176
  },
  "2": {
    "mean": 9.784,
    "std": 5.810709098714634,
    "p10": 2.0,
    "p90": 18.0,
    "n": 175
  },
  "3": {
    "mean": 11.037714285714285,
    "std": 5.847738086003499,
    "p10": 4.0,
    "p90": 19.0,
    "n": 175
  },
  "4": {
    "mean": 11.586666666666668,
    "std": 6.136819440518717,
    "p10": 3.48,
    "p90": 20.0,
    "n": 165
  },
  "5": {
    "mean": 12.368888888888886,
    "std": 6.138433633559857,
    "p10": 4.0,
    "p90": 21.0,
    "n": 180
  },
  "6": {
    "mean": 12.571122994652407,
    "std": 6.311605654380184,
    "p10": 4.600000000000001,
    "p90": 22.0,
    "n": 187
  },
  "7": {
    "mean": 13.339130434782609,
    "std": 6.35068012401338,
    "p10": 5.0,
    "p90": 22.0,
    "n": 184
  },
  "8": {
    "mean": 13.51746031746032,
    "std": 6.530905406649048,
    "p10": 5.0,
    "p90": 23.0,
    "n": 189
  },
  "9": {
    "mean": 14.11005291005291,
    "std": 6.513435745438162,
    "p10": 5.0,
    "p90": 23.0,
    "n": 189
  },
  "10": {
    "mean": 13.875132275132275,
    "std": 6.503294223213857,
    "p10": 5.0,
    "p90": 23.0,
    "n": 189
  },
  "11": {
    "mean": 13.714851485148515,
    "std": 6.477383326155169,
    "p10": 5.0,
    "p90": 22.0,
    "n": 202
  },
  "12": {
    "mean": 11.317821782178218,
    "std": 5.18702737058566,
    "p10": 5.0,
    "p90": 19.0,
    "n": 202
  },
  "13": {
    "mean": 9.338219895287958,
    "std": 4.221617920558544,
    "p10": 4.600000000000001,
    "p90": 16.0,
    "n": 191
  },
  "14": {
    "mean": 7.089247311827957,
    "std": 3.319067350784974,
    "p10": 3.0,
    "p90": 12.0,
    "n": 186
  },
  "15": {
    "mean": 4.814689265536723,
    "std": 2.573114720163628,
    "p10": 1.6800000000000024,
    "p90": 8.0,
    "n": 177
  },
  "16": {
    "mean": 3.166101694915255,
    "std": 2.2752080451445047,
    "p10": 1.0,
    "p90": 6.0,
    "n": 177
  },
  "17": {
    "mean": 1.8036144578313251,
    "std": 1.7686115617955724,
    "p10": 0.0,
    "p90": 3.5,
    "n": 166
  },
  "18": {
    "mean": 1.3223529411764707,
    "std": 2.0777990443684105,
    "p10": 0.0,
    "p90": 3.0999999999999943,
    "n": 170
  },
  "19": {
    "mean": 1.3828571428571428,
    "std": 2.290796894207131,
    "p10": 0.0,
    "p90": 4.0,
    "n": 175
  },
  "20": {
    "mean": 2.1165714285714285,
    "std": 2.8376997553437215,
    "p10": 0.0,
    "p90": 5.0,
    "n": 175
  },
  "21": {
    "mean": 3.25521472392638,
    "std": 2.5536503374976047,
    "p10": 1.0,
    "p90": 6.0,
    "n": 163
  },
  "22": {
    "mean": 5.597560975609756,
    "std": 3.0142392384220615,
    "p10": 3.0,
    "p90": 10.0,
    "n": 164
  },
  "23": {
    "mean": 6.944943820224718,
    "std": 3.497650906141545,
    "p10": 3.0,
    "p90": 12.0,
    "n": 178
  }
}