{
  "0": {
    "mean": 5.534895833333334,
    "std": 5.245938941863756,
    "p10": 0.0,
    "p90": 13.0,
    "n": 192
  },
  "1": {
    "mean": 6.316759776536312,
    "std": 5.30632954707802,
    "p10": 1.0,
    "p90": 15.0,
    "n": 179
  },
  "2": {
    "mean": 6.6233695652173905,
    "std": 5.1620777316390685,
    "p10": 1.0,
    "p90": 14.730000000000016,
    "n": 184
  },
  "3": {
    "mean": 7.059685863874346,
    "std": 5.161017637897963,
    "p10": 1.0,
    "p90": 15.0,
    "n": 191
  },
  "4": {
    "mean": 7.304166666666667,
    "std": 5.0931925960289695,
    "p10": 2.0,
    "p90": 15.0,
    "n": 192
  },
  "5": {
    "mean": 7.697938144329897,
    "std": 5.10933270602114,
    "p10": 2.859999999999998,
    "p90": 15.0,
    "n": 194
  },
  "6": {
    "mean": 8.532124352331607,
    "std": 5.20989684649539,
    "p10": 3.0,
    "p90": 15.800000000000011,
    "n": 193
  },
  "7": {
    "mean": 8.886802030456852,
    "std": 5.213476299838282,
    "p10": 3.0,
    "p90": 17.0,
    "n": 197
  },
  "8": {
    "mean": 8.882474226804124,
    "std": 4.956421705855474,
    "p10": 3.3000000000000007,
    "p90": 16.0,
    "n": 194
  },
  "9": {
    "mean": 9.664141414141413,
    "std": 4.992286132894667,
    "p10": 4.0,
    "p90": 17.0,
    "n": 198
  },
  "10": {
    "mean": 9.386893203883494,
    "std": 5.05736584845553,
    "p10": 3.0,
    "p90": 17.0,
    "n": 206
  },
  "11": {
    "mean": 9.352970297029703,
    "std": 4.830697454779265,
    "p10": 3.0,
    "p90": 16.0,
    "n": 202
  },
  "12": {
    "mean": 9.65952380952381,
    "std": 4.591966123808572,
    "p10": 4.0,
    "p90": 16.0,
    "n": 210
  },
  "13": {
    "mean": 8.041836734693877,
    "std": 3.8522700192760198,
    "p10": 3.0,
    "p90": 13.0,
    "n": 196
  },
  "14": {
    "mean": 6.864583333333333,
    "std": 3.357151596396374,
    "p10": 3.1000000000000014,
    "p90": 12.0,
    "n": 192
  },
  "15": {
    "mean": 5.358730158730158,
    "std": 3.3859205474130825,
    "p10": 2.0,
    "p90": 10.200000000000017,
    "n": 189
  },
  "16": {
    "mean": 4.100518134715027,
    "std": 3.401875974635885,
    "p10": 1.0,
    "p90": 9.0,
    "n": 193
  },
  "17": {
    "mean": 3.6435000000000004,
    "std": 4.050901971650214,
    "p10": 0.0,
    "p90": 10.0,
    "n": 200
  },
  "18": {
    "mean": 2.9904522613065323,
    "std": 3.6562468056078496,
    "p10": 0.0,
    "p90": 9.0,
    "n": 199
  },
  "19": {
    "mean": 2.352659574468085,
    "std": 3.380637434919402,
    "p10": 0.0,
    "p90": 7.300000000000011,
    "n": 188
  },
  "20": {
    "mean": 2.737435897435897,
    "std": 3.4357405284912153,
    "p10": 0.0,
    "p90": 8.0,
    "n": 195
  },
  "21": {
    "mean": 3.43265306122449,
    "std": 3.388132395627163,
    "p10": 0.0,
    "p90": 8.0,
    "n": 196
  },
  "22": {
    "mean": 4.105851063829787,
    "std": 3.501049165767575,
    "p10": 1.0,
    "p90": 8.93,
    "n": 188
  },
  "23": {
    "mean": 4.768783068783068,
    "std": 3.984535144745472,
    "p10": 0.8999999999999986,
    "p90": 10.0,
    "n": 189
  }
}