{
  "0": {
    "mean": 8.572727272727272,
    "std": 7.272880435826103,
    "p10": 0.0,
    "p90": 18.0,
    "n": 187
  },
  "1": {
    "mean": 9.869312169312169,
    "std": 7.129867508908225,
    "p10": 1.0,
    "p90": 20.0,
    "n": 189
  },
  "2": {
    "mean": 10.17897435897436,
    "std": 7.163022095496863,
    "p10": 1.0,
    "p90": 20.0,
    "n": 195
  },
  "3": {
    "mean": 11.640837696335076,
    "std": 7.383096435695663,
    "p10": 2.0,
    "p90": 22.0,
    "n": 191
  },
  "4": {
    "mean": 12.004232804232805,
    "std": 7.565521108796243,
    "p10": 2.0,
    "p90": 22.0,
    "n": 189
  },
  "5": {
    "mean": 13.319895287958117,
    "std": 7.516019522504042,
    "p10": 3.0,
    "p90": 24.0,
    "n": 191
  },
  "6": {
    "mean": 14.316494845360824,
    "std": 7.787044913139254,
    "p10": 3.6000000000000014,
    "p90": 25.700000000000017,
    "n": 194
  },
  "7": {
    "mean": 14.662755102040814,
    "std": 7.793132450826666,
    "p10": 4.0,
    "p90": 25.0,
    "n": 196
  },
  "8": {
    "mean": 14.623383084577116,
    "std": 7.968481693366208,
    "p10": 4.0,
    "p90": 26.0,
    "n": 201
  },
  "9": {
    "mean": 15.158585858585859,
    "std": 7.816058052003341,
    "p10": 4.0,
    "p90": 26.30000000000001,
    "n": 198
  },
  "10": {
    "mean": 15.139170506912441,
    "std": 8.167680506992872,
    "p10": 5.0,
    "p90": 26.0,
    "n": 217
  },
  "11": {
    "mean": 14.753271028037382,
    "std": 8.552684752765622,
    "p10": 5.0,
    "p90": 26.0,
    "n": 214
  },
  "12": {
    "mean": 13.025373134328358,
    "std": 6.844362861879445,
    "p10": 5.0,
    "p90": 22.0,
    "n": 201
  },
  "13": {
    "mean": 11.237745098039216,
    "std": 6.300683895456784,
    "p10": 3.0,
    "p90": 19.0,
    "n": 204
  },
  "14": {
    "mean": 9.80261780104712,
    "std": 5.365527732468822,
    "p10": 3.0,
    "p90": 17.0,
    "n": 191
  },
  "15": {
    "mean": 7.966,
    "std": 5.559259919653994,
    "p10": 2.0,
    "p90": 16.0,
    "n": 200
  },
  "16": {
    "mean": 6.321649484536083,
    "std": 6.0549166730809025,
    "p10": 1.0,
    "p90": 15.0,
    "n": 194
  },
  "17": {
    "mean": 4.745856353591161,
    "std": 5.979032526841517,
    "p10": 0.0,
    "p90": 10.0,
    "n": 181
  },
  "18": {
    "mean": 3.724468085106383,
    "std": 6.0762390945168825,
    "p10": 0.0,
    "p90": 7.0,
    "n": 188
  },
  "19": {
    "mean": 3.3869565217391306,
    "std": 6.8599290632044925,
    "p10": 0.0,
    "p90": 8.700000000000017,
    "n": 184
  },
  "20": {
    "mean": 3.893513513513513,
    "std": 6.954148049051846,
    "p10": 0.0,
    "p90": 13.599999999999994,
    "n": 185
  },
  "21": {
    "mean": 4.1840909090909095,
    "std": 6.739374898755374,
    "p10": 0.0,
    "p90": 13.0,
    "n": 176
  },
  "22": {
    "mean": 5.436813186813187,
    "std": 6.227378221360046,
    "p10": 1.0,
    "p90": 12.0,
    "n": 182
  },
  "23": {
    "mean": 6.2298913043478255,
    "std": 5.668437009458356,
    "p10": 1.0,
    "p90": 13.0,
    "n": 184
  }
}