{
  "0": {
    "mean": 6.354069767441861,
    "std": 5.281052499632621,
    "p10": 0.0,
    "p90": 13.0,
    "n": 172
  },
  "1": {
    "mean": 7.230601092896175,
    "std": 5.132662395197614,
    "p10": 1.0,
    "p90": 14.0,
    "n": 183
  },
  "2": {
    "mean": 7.747058823529412,
    "std": 4.99894928871506,
    "p10": 2.0,
    "p90": 14.640000000000002,
    "n": 187
  },
  "3": {
    "mean": 8.06457142857143,
    "std": 5.090661013724076,
    "p10": 2.0,
    "p90": 15.0,
    "n": 175
  },
  "4": {
    "mean": 8.67663043478261,
    "std": 5.32390706137836,
    "p10": 2.0,
    "p90": 16.0,
    "n": 184
  },
  "5": {
    "mean": 9.171657754010695,
    "std": 5.625393551870016,
    "p10": 3.0,
    "p90": 17.400000000000006,
    "n": 187
  },
  "6": {
    "mean": 9.428729281767955,
    "std": 5.93996380822065,
    "p10": 2.0,
    "p90": 18.1,
    "n": 181
  },
  "7": {
    "mean": 9.780924855491328,
    "std": 5.757173004186561,
    "p10": 2.0,
    "p90": 18.80000000000001,
    "n": 173
  },
  "8": {
    "mean": 9.837777777777776,
    "std": 5.907935725052103,
    "p10": 2.0,
    "p90": 19.0,
    "n": 180
  },
  "9": {
    "mean": 10.333701657458564,
    "std": 6.010677730270017,
    "p10": 2.6000000000000014,
    "p90": 19.0,
    "n": 181
  },
  "10": {
    "mean": 10.544623655913979,
    "std": 6.141449614798857,
    "p10": 3.0,
    "p90": 19.55,
    "n": 186
  },
  "11": {
    "mean": 9.96806282722513,
    "std": 5.758213896708116,
    "p10": 3.0,
    "p90": 18.0,
    "n": 191
  },
  "12": {
    "mean": 9.320100502512563,
    "std": 5.437161506004159,
    "p10": 3.0,
    "p90": 18.0,
    "n": 199
  },
  "13": {
    "mean": 8.015934065934067,
    "std": 4.35302891386107,
    "p10": 3.0,
    "p90": 13.900000000000006,
    "n": 182
  },
  "14": {
    "mean": 6.589756097560976,
    "std": 3.823372707674285,
    "p10": 2.0,
    "p90": 11.239999999999997,
    "n": 205
  },
  "15": {
    "mean": 5.332178217821783,
    "std": 3.869719699816136,
    "p10": 1.0,
    "p90": 9.900000000000006,
    "n": 202
  },
  "16": {
    "mean": 4.033333333333333,
    "std": 3.6705163608585014,
    "p10": 1.0,
    "p90": 9.0,
    "n": 198
  },
  "17": {
    "mean": 3.477386934673367,
    "std": 4.359540936590488,
    "p10": 1.0,
    "p90": 8.0,
    "n": 199
  },
  "18": {
    "mean": 2.8394444444444447,
    "std": 5.179056418688428,
    "p10": 0.0,
    "p90": 8.099999999999994,
    "n": 180
  },
  "19": {
    "mean": 2.052173913043478,
    "std": 4.094189281111124,
    "p10": 0.0,
    "p90": 7.0,
    "n": 161
  },
  "20": {
    "mean": 2.507831325301205,
    "std": 4.266969557864223,
    "p10": 0.0,
    "p90": 7.0,
    "n": 166
  },
  "21": {
    "mean": 3.6112426035502962,
    "std": 4.526462299273639,
    "p10": 1.0,
    "p90": 8.0,
    "n": 169
  },
  "22": {
    "mean": 4.683116883116884,
    "std": 5.118948589894963,
    "p10": 1.0,
    "p90": 9.0,
    "n": 154
  },
  "23": {
    "mean": 5.288505747126437,
    "std": 5.3248772742210635,
    "p10": 1.0,
    "p90": 10.700000000000017,
    "n": 174
  }
}