{
  "0": {
    "mean": 7.223376623376624,
    "std": 5.819505091009592,
    "p10": 0.0,
    "p90": 15.0,
    "n": 154
  },
  "1": {
    "mean": 8.285534591194969,
    "std": 5.636475203416811,
    "p10": 1.0,
    "p90": 16.0,
    "n": 159
  },
  "2": {
    "mean": 9.213772455089819,
    "std": 5.757644642336783,
    "p10": 2.0,
    "p90": 17.0,
    "n": 167
  },
  "3": {
    "mean": 9.69122807017544,
    "std": 5.824460006328919,
    "p10": 2.0,
    "p90": 17.0,
    "n": 171
  },
  "4": {
    "mean": 10.54792899408284,
    "std": 5.7056893990768245,
    "p10": 3.0,
    "p90": 19.0,
    "n": 169
  },
  "5": {
    "mean": 11.375308641975309,
    "std": 5.868867876566624,
    "p10": 4.0,
    "p90": 19.0,
    "n": 162
  },
  "6": {
    "mean": 11.715789473684211,
    "std": 6.175848295350419,
    "p10": 4.0,
    "p90": 20.0,
    "n": 171
  },
  "7": {
    "mean": 12.562576687116563,
    "std": 6.128229417118445,
    "p10": 5.0,
    "p90": 22.0,
    "n": 163
  },
  "8": {
    "mean": 12.950292397660819,
    "std": 6.388605428868291,
    "p10": 5.0,
    "p90": 23.0,
    "n": 171
  },
  "9": {
    "mean": 13.436144578313254,
    "std": 6.543997079225346,
    "p10": 5.0,
    "p90": 23.0,
    "n": 166
  },
  "10": {
    "mean": 13.897790055248619,
    "std": 6.5912227478089225,
    "p10": 5.0,
    "p90": 23.0,
    "n": 181
  },
  "11": {
    "mean": 13.680446927374303,
    "std": 6.4999747468160285,
    "p10": 5.0,
    "p90": 24.0,
    "n": 179
  },
  "12": {
    "mean": 11.901197604790418,
    "std": 5.6145356535777236,
    "p10": 5.0,
    "p90": 20.0,
    "n": 167
  },
  "13": {
    "mean": 9.679310344827586,
    "std": 4.656964153669522,
    "p10": 4.0,
    "p90": 15.700000000000017,
    "n": 174
  },
  "14": {
    "mean": 7.5625,
    "std": 3.953524648064957,
    "p10": 3.0,
    "p90": 12.0,
    "n": 176
  },
  "15": {
    "mean": 5.76046511627907,
    "std": 3.980633793309404,
    "p10": 2.0,
    "p90": 11.0,
    "n": 172
  },
  "16": {
    "mean": 3.902380952380952,
    "std": 3.363558715297207,
    "p10": 1.0,
    "p90": 9.0,
    "n": 168
  },
  "17": {
    "mean": 2.9127272727272726,
    "std": 3.542652369244355,
    "p10": 0.0,
    "p90": 7.599999999999994,
    "n": 165
  },
  "18": {
    "mean": 2.3281437125748505,
    "std": 3.8170335770883472,
    "p10": 0.0,
    "p90": 7.400000000000006,
    "n": 167
  },
  "19": {
    "mean": 2.1276073619631903,
    "std": 3.806350903806487,
    "p10": 0.0,
    "p90": 7.0,
    "n": 163
  },
  "20": {
    "mean": 2.591139240506329,
    "std": 3.6577355381592054,
    "p10": 0.0,
    "p90": 7.0,
    "n": 158
  },
  "21": {
    "mean": 4.135483870967742,
    "std": 3.672214766366825,
    "p10": 1.0,
    "p90": 8.0,
    "n": 155
  },
  "22": {
    "mean": 5.516666666666666,
    "std": 3.9523587621755985,
    "p10": 1.0,
    "p90": 10.0,
    "n": 156
  },
  "23": {
    "mean": 6.531210191082802,
    "std": 4.350638819924489,
    "p10": 2.0,
    "p90": 12.0,
    "n": 157
  }
}