{
  "0": {
    "mean": 8.309947643979058,
    "std": 4.401657044124015,
    "p10": 3.0,
    "p90": 14.0,
    "n": 191
  },
  "1": {
    "mean": 9.47872340425532,
    "std": 3.9318491748515574,
    "p10": 4.0,
    "p90": 14.0,
    "n": 188
  },
  "2": {
    "mean": 10.579057591623036,
    "std": 3.6497701660634507,
    "p10": 5.0,
    "p90": 15.0,
    "n": 191
  },
  "3": {
    "mean": 11.330726256983239,
    "std": 3.5863199860889856,
    "p10": 7.0,
    "p90": 16.0,
    "n": 179
  },
  "4": {
    "mean": 11.998958333333334,
    "std": 3.696977534190214,
    "p10": 7.0,
    "p90": 16.0,
    "n": 192
  },
  "5": {
    "mean": 12.440999999999999,
    "std": 3.824769707653379,
    "p10": 7.0,
    "p90": 17.0,
    "n": 200
  },
  "6": {
    "mean": 13.12,
    "std": 3.906367813865806,
    "p10": 7.900000000000002,
    "p90": 17.099999999999994,
    "n": 180
  },
  "7": {
    "mean": 13.54059405940594,
    "std": 3.8767627213406386,
    "p10": 7.639999999999995,
    "p90": 18.0,
    "n": 202
  },
  "8": {
    "mean": 14.003980099502488,
    "std": 3.936951114708182,
    "p10": 8.0,
    "p90": 19.0,
    "n": 201
  },
  "9": {
    "mean": 14.202985074626866,
    "std": 4.036457734793731,
    "p10": 8.0,
    "p90": 19.0,
    "n": 201
  },
  "10": {
    "mean": 14.055721393034824,
    "std": 3.9288776516952075,
    "p10": 8.0,
    "p90": 19.0,
    "n": 201
  },
  "11": {
    "mean": 13.122772277227723,
    "std": 3.279360488199784,
    "p10": 8.100000000000001,
    "p90": 17.0,
    "n": 202
  },
  "12": {
    "mean": 11.08061224489796,
    "std": 2.8549608884389226,
    "p10": 7.0,
    "p90": 15.0,
    "n": 196
  },
  "13": {
    "mean": 8.868817204301076,
    "std": 2.57093856012131,
    "p10": 6.0,
    "p90": 12.0,
    "n": 186
  },
  "14": {
    "mean": 6.879569892473118,
    "std": 2.8785341291925777,
    "p10": 4.0,
    "p90": 10.0,
    "n": 186
  },
  "15": {
    "mean": 4.826815642458101,
    "std": 2.784014647179321,
    "p10": 2.0,
    "p90": 8.0,
    "n": 179
  },
  "16": {
    "mean": 3.2189944134078217,
    "std": 2.2968168238761506,
    "p10": 1.0,
    "p90": 5.080000000000008,
    "n": 179
  },
  "17": {
    "mean": 2.4066666666666667,
    "std": 2.5079003660054062,
    "p10": 0.0,
    "p90": 5.0,
    "n": 180
  },
  "18": {
    "mean": 1.6627906976744187,
    "std": 2.269092948677404,
    "p10": 0.0,
    "p90": 4.900000000000006,
    "n": 172
  },
  "19": {
    "mean": 1.4344827586206896,
    "std": 2.3428073464770383,
    "p10": 0.0,
    "p90": 4.0,
    "n": 174
  },
  "20": {
    "mean": 1.700558659217877,
    "std": 2.4158069628288037,
    "p10": 0.0,
    "p90": 6.0,
    "n": 179
  },
  "21": {
    "mean": 2.8021505376344087,
    "std": 2.9174582975179715,
    "p10": 0.0,
    "p90": 8.0,
    "n": 186
  },
  "22": {
    "mean": 4.535135135135135,
    "std": 4.088917698315257,
    "p10": 1.0,
    "p90": 10.0,
    "n": 185
  },
  "23": {
    "mean": 6.416853932584269,
    "std": 4.068113180406891,
    "p10": 2.6999999999999993,
    "p90": 13.0,
    "n": 178
  }
}