{
  "0": {
    "mean": 7.406666666666666,
    "std": 6.296206110199524,
    "p10": 0.0,
    "p90": 16.599999999999994,
    "n": 165
  },
  "1": {
    "mean": 8.560714285714285,
    "std": 6.335944751489429,
    "p10": 1.0,
    "p90": 17.30000000000001,
    "n": 168
  },
  "2": {
    "mean": 9.440983606557378,
    "std": 5.9341360327998665,
    "p10": 2.2800000000000007,
    "p90": 18.0,
    "n": 183
  },
  "3": {
    "mean": 10.012994350282485,
    "std": 6.221306915184497,
    "p10": 3.0,
    "p90": 18.400000000000006,
    "n": 177
  },
  "4": {
    "mean": 10.767455621301776,
    "std": 6.3046425665825065,
    "p10": 4.0,
    "p90": 19.400000000000034,
    "n": 169
  },
  "5": {
    "mean": 11.143604651162791,
    "std": 6.533137736562005,
    "p10": 4.0,
    "p90": 21.0,
    "n": 172
  },
  "6": {
    "mean": 11.25625,
    "std": 6.5689282122080535,
    "p10": 4.0,
    "p90": 21.1,
    "n": 176
  },
  "7": {
    "mean": 11.722619047619048,
    "std": 6.744780216240076,
    "p10": 4.0,
    "p90": 21.37000000000001,
    "n": 168
  },
  "8": {
    "mean": 11.588888888888889,
    "std": 6.645802547169548,
    "p10": 4.0,
    "p90": 21.0,
    "n": 180
  },
  "9": {
    "mean": 11.926436781609198,
    "std": 6.735308735453504,
    "p10": 4.0,
    "p90": 20.700000000000017,
    "n": 174
  },
  "10": {
    "mean": 11.96989247311828,
    "std": 6.845725199121639,
    "p10": 3.0,
    "p90": 21.0,
    "n": 186
  },
  "11": {
    "mean": 12.628723404255318,
    "std": 6.755360277530387,
    "p10": 5.0,
    "p90": 22.0,
    "n": 188
  },
  "12": {
    "mean": 11.858064516129032,
    "std": 6.091754685849715,
    "p10": 4.899999999999999,
    "p90": 20.0,
    "n": 186
  },
  "13": {
    "mean": 10.21607142857143,
    "std": 5.071221260476783,
    "p10": 4.0,
    "p90": 17.0,
    "n": 168
  },
  "14": {
    "mean": 8.599435028248587,
    "std": 4.464181910892383,
    "p10": 3.0,
    "p90": 14.0,
    "n": 177
  },
  "15": {
    "mean": 6.545505617977527,
    "std": 3.987679758443559,
    "p10": 2.279999999999999,
    "p90": 11.0,
    "n": 178
  },
  "16": {
    "mean": 5.039156626506024,
    "std": 3.8761551411611177,
    "p10": 1.0,
    "p90": 9.5,
    "n": 166
  },
  "17": {
    "mean": 4.207142857142857,
    "std": 4.200891998642673,
    "p10": 1.0,
    "p90": 9.300000000000011,
    "n": 168
  },
  "18": {
    "mean": 3.165454545454545,
    "std": 4.293055290239741,
    "p10": 0.0,
    "p90": 9.0,
    "n": 165
  },
  "19": {
    "mean": 2.372093023255814,
    "std": 4.148208974834606,
    "p10": 0.0,
    "p90": 7.800000000000011,
    "n": 172
  },
  "20": {
    "mean": 2.4947368421052634,
    "std": 4.298635394386222,
    "p10": 0.0,
    "p90": 8.0,
    "n": 171
  },
  "21": {
    "mean": 3.267878787878788,
    "std": 4.442683597353472,
    "p10": 0.0,
    "p90": 8.0,
    "n": 165
  },
  "22": {
    "mean": 5.157861635220125,
    "std": 4.706356913628154,
    "p10": 1.0,
    "p90": 11.0,
    "n": 159
  },
  "23": {
    "mean": 6.17516339869281,
    "std": 4.467503733773826,
    "p10": 2.0,
    "p90": 11.800000000000011,
    "n": 153
  }
}