{
  "0": {
    "mean": 3.743949044585987,
    "std": 3.041325149347496,
    "p10": 0.0,
    "p90": 8.0,
    "n": 157
  },
  "1": {
    "mean": 6.11875,
    "std": 3.5205986394183313,
    "p10": 2.0,
    "p90": 11.0,
    "n": 160
  },
  "2": {
    "mean": 8.405228758169935,
    "std": 3.2412593160536174,
    "p10": 4.200000000000001,
    "p90": 13.0,
    "n": 153
  },
  "3": {
    "mean": 10.23841059602649,
    "std": 3.4033485653035345,
    "p10": 6.0,
    "p90": 15.0,
    "n": 151
  },
  "4": {
    "mean": 12.064935064935066,
    "std": 3.697155459605115,
    "p10": 7.0,
    "p90": 17.0,
    "n": 154
  },
  "5": {
    "mean": 13.703846153846156,
    "std": 3.990276643580955,
    "p10": 9.0,
    "p90": 18.5,
    "n": 156
  },
  "6": {
    "mean": 15.592105263157896,
    "std": 4.022050584310642,
    "p10": 10.100000000000001,
    "p90": 21.0,
    "n": 152
  },
  "7": {
    "mean": 16.917721518987342,
    "std": 4.088145344172022,
    "p10": 12.0,
    "p90": 22.0,
    "n": 158
  },
  "8": {
    "mean": 18.08974358974359,
    "std": 4.4841970473693555,
    "p10": 12.0,
    "p90": 23.5,
    "n": 156
  },
  "9": {
    "mean": 19.414012738853504,
    "std": 4.25025577810605,
    "p10": 14.0,
    "p90": 25.0,
    "n": 157
  },
  "10": {
    "mean": 20.486274509803923,
    "std": 4.66424048681942,
    "p10": 14.0,
    "p90": 26.0,
    "n": 153
  },
  "11": {
    "mean": 21.359477124183005,
    "std": 4.48332345459107,
    "p10": 16.0,
    "p90": 27.80000000000001,
    "n": 153
  },
  "12": {
    "mean": 21.980392156862745,
    "std": 4.6798428170794,
    "p10": 16.0,
    "p90": 27.0,
    "n": 153
  },
  "13": {
    "mean": 22.490066225165563,
    "std": 4.773353188509273,
    "p10": 16.0,
    "p90": 28.0,
    "n": 151
  },
  "14": {
    "mean": 19.269565217391303,
    "std": 4.381053575885898,
    "p10": 14.0,
    "p90": 25.0,
    "n": 161
  },
  "15": {
    "mean": 15.509677419354839,
    "std": 3.2441110321276794,
    "p10": 11.0,
    "p90": 19.0,
    "n": 155
  },
  "16": {
    "mean": 11.756410256410257,
    "std": 2.705721047233531,
    "p10": 9.0,
    "p90": 15.0,
    "n": 156
  },
  "17": {
    "mean": 8.867924528301886,
    "std": 2.8906510316316343,
    "p10": 6.0,
    "p90": 12.0,
    "n": 159
  },
  "18": {
    "mean": 6.095541401273885,
    "std": 2.688492665785064,
    "p10": 3.6000000000000014,
    "p90": 9.0,
    "n": 157
  },
  "19": {
    "mean": 3.9936708860759493,
    "std": 2.552622818602746,
    "p10": 2.0,
    "p90": 6.0,
    "n": 158
  },
  "20": {
    "mean": 2.876923076923077,
    "std": 3.8917495147702272,
    "p10": 0.0,
    "p90": 7.0,
    "n": 169
  },
  "21": {
    "mean": 2.032258064516129,
    "std": 3.9434630354792293,
    "p10": 0.0,
    "p90": 5.599999999999994,
    "n": 155
  },
  "22": {
    "mean": 1.4251655629139073,
    "std": 3.062400334009177,
    "p10": 0.0,
    "p90": 3.0,
    "n": 151
  },
  "23": {
    "mean": 2.232258064516129,
    "std": 3.5379562572797285,
    "p10": 0.0,
    "p90": 5.0,
    "n": 155
  }
}