{
  "0": {
    "mean": 4.0508474576271185,
    "std": 3.1237919583023075,
    "p10": 0.0,
    "p90": 8.299999999999997,
    "n": 118
  },
  "1": {
    "mean": 6.582608695652174,
    "std": 3.544163991432865,
    "p10": 2.0,
    "p90": 11.0,
    "n": 115
  },
  "2": {
    "mean": 8.703389830508474,
    "std": 3.3950927936512336,
    "p10": 4.0,
    "p90": 13.299999999999997,
    "n": 118
  },
  "3": {
    "mean": 10.278260869565218,
    "std": 4.090098926627047,
    "p10": 5.0,
    "p90": 16.0,
    "n": 115
  },
  "4": {
    "mean": 11.735042735042734,
    "std": 4.192343518748488,
    "p10": 7.0,
    "p90": 17.0,
    "n": 117
  },
  "5": {
    "mean": 13.072268907563025,
    "std": 4.550040498418162,
    "p10": 7.0,
    "p90": 19.0,
    "n": 119
  },
  "6": {
    "mean": 14.658119658119658,
    "std": 4.788928310683805,
    "p10": 8.600000000000001,
    "p90": 20.0,
    "n": 117
  },
  "7": {
    "mean": 15.689655172413794,
    "std": 5.373710228435321,
    "p10": 8.0,
    "p90": 22.0,
    "n": 116
  },
  "8": {
    "mean": 16.425,
    "std": 5.485906312290329,
    "p10": 8.0,
    "p90": 23.0,
    "n": 120
  },
  "9": {
    "mean": 17.35042735042735,
    "std": 5.585258057996777,
    "p10": 9.0,
    "p90": 23.400000000000006,
    "n": 117
  },
  "10": {
    "mean": 17.917355371900825,
    "std": 5.720703303003198,
    "p10": 9.0,
    "p90": 25.0,
    "n": 121
  },
  "11": {
    "mean": 18.91304347826087,
    "std": 5.529133711835536,
    "p10": 11.0,
    "p90": 25.0,
    "n": 115
  },
  "12": {
    "mean": 19.02542372881356,
    "std": 5.964942974640594,
    "p10": 10.0,
    "p90": 25.299999999999997,
    "n": 118
  },
  "13": {
    "mean": 19.46153846153846,
    "std": 5.915407208326263,
    "p10": 10.0,
    "p90": 26.0,
    "n": 117
  },
  "14": {
    "mean": 18.88130081300813,
    "std": 6.215941293389779,
    "p10": 9.0,
    "p90": 26.0,
    "n": 123
  },
  "15": {
    "mean": 15.867768595041323,
    "std": 4.82863360375778,
    "p10": 8.0,
    "p90": 21.0,
    "n": 121
  },
  "16": {
    "mean": 12.504201680672269,
    "std": 3.642670722543903,
    "p10": 7.0,
    "p90": 17.0,
    "n": 119
  },
  "17": {
    "mean": 9.036065573770493,
    "std": 3.2110363810291283,
    "p10": 5.0,
    "p90": 12.0,
    "n": 122
  },
  "18": {
    "mean": 6.341666666666667,
    "std": 2.9690160023834444,
    "p10": 3.9000000000000004,
    "p90": 9.0,
    "n": 120
  },
  "19": {
    "mean": 4.404958677685951,
    "std": 3.166434673247646,
    "p10": 2.0,
    "p90": 7.0,
    "n": 121
  },
  "20": {
    "mean": 2.8666666666666667,
    "std": 3.2278549563212477,
    "p10": 0.0,
    "p90": 5.1000000000000085,
    "n": 120
  },
  "21": {
    "mean": 1.6779661016949152,
    "std": 2.8967454650761715,
    "p10": 0.0,
    "p90": 3.0,
    "n": 118
  },
  "22": {
    "mean": 1.3103448275862069,
    "std": 2.8784470242414226,
    "p10": 0.0,
    "p90": 3.0,
    "n": 116
  },
  "23": {
    "mean": 2.083760683760684,
    "std": 2.997727796554253,
    "p10": 0.0,
    "p90": 4.400000000000006,
    "n": 117
  }
}