{
  "0": {
    "mean": 2.869565217391304,
    "std": 2.77067328185454,
    "p10": 0.0,
    "p90": 6.0,
    "n": 161
  },
  "1": {
    "mean": 4.593548387096774,
    "std": 2.9358880472337914,
    "p10": 1.0,
    "p90": 8.0,
    "n": 155
  },
  "2": {
    "mean": 6.590909090909091,
    "std": 2.891532909521335,
    "p10": 3.0,
    "p90": 10.0,
    "n": 154
  },
  "3": {
    "mean": 8.993464052287582,
    "std": 2.9680241789210196,
    "p10": 5.0,
    "p90": 13.0,
    "n": 153
  },
  "4": {
    "mean": 11.548684210526316,
    "std": 2.6987852759791306,
    "p10": 8.0,
    "p90": 15.0,
    "n": 152
  },
  "5": {
    "mean": 13.130718954248366,
    "std": 2.853190297621418,
    "p10": 10.0,
    "p90": 16.0,
    "n": 153
  },
  "6": {
    "mean": 14.705882352941176,
    "std": 3.088353233779198,
    "p10": 11.0,
    "p90": 18.0,
    "n": 153
  },
  "7": {
    "mean": 16.31578947368421,
    "std": 3.2641359467038074,
    "p10": 13.0,
    "p90": 21.0,
    "n": 152
  },
  "8": {
    "mean": 18.223684210526315,
    "std": 3.43375794450787,
    "p10": 14.0,
    "p90": 23.0,
    "n": 152
  },
  "9": {
    "mean": 19.986754966887418,
    "std": 3.6110695644861908,
    "p10": 16.0,
    "p90": 25.0,
    "n": 151
  },
  "10": {
    "mean": 21.827814569536425,
    "std": 3.6143447343494577,
    "p10": 18.0,
    "p90": 26.0,
    "n": 151
  },
  "11": {
    "mean": 23.401315789473685,
    "std": 3.645299737711876,
    "p10": 20.0,
    "p90": 28.0,
    "n": 152
  },
  "12": {
    "mean": 24.348684210526315,
    "std": 3.456944002061853,
    "p10": 21.0,
    "p90": 28.0,
    "n": 152
  },
  "13": {
    "mean": 22.209150326797385,
    "std": 3.0471159677101607,
    "p10": 19.0,
    "p90": 26.0,
    "n": 153
  },
  "14": {
    "mean": 19.0,
    "std": 2.5939307664608267,
    "p10": 16.0,
    "p90": 22.0,
    "n": 152
  },
  "15": {
    "mean": 15.394736842105264,
    "std": 2.238015602620785,
    "p10": 13.0,
    "p90": 18.0,
    "n": 152
  },
  "16": {
    "mean": 11.927631578947368,
    "std": 2.3895522418116664,
    "p10": 9.0,
    "p90": 15.0,
    "n": 152
  },
  "17": {
    "mean": 9.038216560509554,
    "std": 2.44394948938129,
    "p10": 6.0,
    "p90": 12.0,
    "n": 157
  },
  "18": {
    "mean": 6.5,
    "std": 2.4349604222788748,
    "p10": 4.0,
    "p90": 9.0,
    "n": 156
  },
  "19": {
    "mean": 4.520958083832335,
    "std": 2.5408430518029044,
    "p10": 2.0,
    "p90": 8.0,
    "n": 167
  },
  "20": {
    "mean": 2.943396226415094,
    "std": 2.763334261493742,
    "p10": 0.0,
    "p90": 6.0,
    "n": 159
  },
  "21": {
    "mean": 1.9620253164556962,
    "std": 2.8706422547522363,
    "p10": 0.0,
    "p90": 4.300000000000011,
    "n": 158
  },
  "22": {
    "mean": 1.6835443037974684,
    "std": 2.830877534029749,
    "p10": 0.0,
    "p90": 4.0,
    "n": 158
  },
  "23": {
    "mean": 1.8782608695652172,
    "std": 2.7533773727046116,
    "p10": 0.0,
    "p90": 5.0,
    "n": 161
  }
}