{
  "0": {
    "mean": 3.8285714285714283,
    "std": 2.8322022990975952,
    "p10": 0.0,
    "p90": 7.879999999999999,
    "n": 147
  },
  "1": {
    "mean": 6.551020408163265,
    "std": 3.041231891419805,
    "p10": 2.6000000000000014,
    "p90": 10.0,
    "n": 147
  },
  "2": {
    "mean": 8.863013698630137,
    "std": 3.4433947503455946,
    "p10": 4.0,
    "p90": 13.5,
    "n": 146
  },
  "3": {
    "mean": 10.668965517241379,
    "std": 3.7231542265444784,
    "p10": 6.0,
    "p90": 15.0,
    "n": 145
  },
  "4": {
    "mean": 12.404109589041095,
    "std": 4.028482673411465,
    "p10": 7.0,
    "p90": 17.0,
    "n": 146
  },
  "5": {
    "mean": 14.087671232876714,
    "std": 4.383918738407436,
    "p10": 8.0,
    "p90": 19.0,
    "n": 146
  },
  "6": {
    "mean": 15.569444444444445,
    "std": 4.4038330058876145,
    "p10": 9.0,
    "p90": 21.0,
    "n": 144
  },
  "7": {
    "mean": 16.958620689655174,
    "std": 4.8144398861783,
    "p10": 10.0,
    "p90": 22.0,
    "n": 145
  },
  "8": {
    "mean": 18.171232876712327,
    "std": 4.747935433778083,
    "p10": 11.0,
    "p90": 24.0,
    "n": 146
  },
  "9": {
    "mean": 19.2,
    "std": 4.867123266251728,
    "p10": 13.0,
    "p90": 25.0,
    "n": 145
  },
  "10": {
    "mean": 19.99310344827586,
    "std": 4.946233909254336,
    "p10": 13.0,
    "p90": 25.599999999999994,
    "n": 145
  },
  "11": {
    "mean": 20.561643835616437,
    "std": 4.940993342456872,
    "p10": 13.5,
    "p90": 26.0,
    "n": 146
  },
  "12": {
    "mean": 21.27123287671233,
    "std": 5.033829815107319,
    "p10": 14.0,
    "p90": 26.0,
    "n": 146
  },
  "13": {
    "mean": 21.58108108108108,
    "std": 5.066917528940235,
    "p10": 14.0,
    "p90": 27.0,
    "n": 148
  },
  "14": {
    "mean": 19.88888888888889,
    "std": 4.692597131254431,
    "p10": 14.0,
    "p90": 25.0,
    "n": 153
  },
  "15": {
    "mean": 15.609271523178808,
    "std": 3.7735456535090437,
    "p10": 11.0,
    "p90": 20.0,
    "n": 151
  },
  "16": {
    "mean": 11.635761589403973,
    "std": 2.7748476083288116,
    "p10": 9.0,
    "p90": 15.0,
    "n": 151
  },
  "17": {
    "mean": 8.115646258503402,
    "std": 2.4537279627346154,
    "p10": 5.0,
    "p90": 11.0,
    "n": 147
  },
  "18": {
    "mean": 5.550335570469799,
    "std": 2.273336164992768,
    "p10": 3.0,
    "p90": 8.0,
    "n": 149
  },
  "19": {
    "mean": 3.5231788079470197,
    "std": 2.29444092561737,
    "p10": 1.0,
    "p90": 5.0,
    "n": 151
  },
  "20": {
    "mean": 2.4167741935483873,
    "std": 3.5318186212425577,
    "p10": 0.0,
    "p90": 4.0,
    "n": 155
  },
  "21": {
    "mean": 1.7490196078431375,
    "std": 3.7131721019666655,
    "p10": 0.0,
    "p90": 4.0,
    "n": 153
  },
  "22": {
    "mean": 1.1073825503355705,
    "std": 2.5893256442277837,
    "p10": 0.0,
    "p90": 3.0,
    "n": 149
  },
  "23": {
    "mean": 2.054421768707483,
    "std": 2.6503613424494183,
    "p10": 0.0,
    "p90": 4.0,
    "n": 147
  }
}