{
  "0": {
    "mean": 3.7266666666666666,
    "std": 3.611868331094491,
    "p10": 0.0,
    "p90": 9.0,
    "n": 150
  },
  "1": {
    "mean": 5.577922077922078,
    "std": 3.647512300296815,
    "p10": 1.0,
    "p90": 10.0,
    "n": 154
  },
  "2": {
    "mean": 8.031847133757962,
    "std": 3.6098518723882127,
    "p10": 3.0,
    "p90": 13.0,
    "n": 157
  },
  "3": {
    "mean": 10.411249999999999,
    "std": 3.847223739678348,
    "p10": 5.0,
    "p90": 15.0,
    "n": 160
  },
  "4": {
    "mean": 11.873333333333333,
    "std": 3.9413428479631327,
    "p10": 7.0,
    "p90": 17.0,
    "n": 150
  },
  "5": {
    "mean": 13.846357615894041,
    "std": 4.229953109817918,
    "p10": 8.0,
    "p90": 19.0,
    "n": 151
  },
  "6": {
    "mean": 15.17687074829932,
    "std": 4.520426516838701,
    "p10": 9.600000000000001,
    "p90": 21.0,
    "n": 147
  },
  "7": {
    "mean": 17.06081081081081,
    "std": 4.879815920682488,
    "p10": 11.0,
    "p90": 24.0,
    "n": 148
  },
  "8": {
    "mean": 18.46938775510204,
    "std": 5.081939714953767,
    "p10": 12.0,
    "p90": 25.0,
    "n": 147
  },
  "9": {
    "mean": 19.666666666666668,
    "std": 5.056282777468749,
    "p10": 13.0,
    "p90": 26.0,
    "n": 150
  },
  "10": {
    "mean": 20.765333333333334,
    "std": 5.231538158025939,
    "p10": 14.0,
    "p90": 28.0,
    "n": 150
  },
  "11": {
    "mean": 22.02027027027027,
    "std": 5.275369019680424,
    "p10": 15.0,
    "p90": 28.30000000000001,
    "n": 148
  },
  "12": {
    "mean": 22.967105263157894,
    "std": 5.432813917455113,
    "p10": 15.100000000000001,
    "p90": 30.0,
    "n": 152
  },
  "13": {
    "mean": 22.953246753246756,
    "std": 5.459478402043095,
    "p10": 16.3,
    "p90": 29.0,
    "n": 154
  },
  "14": {
    "mean": 20.82894736842105,
    "std": 4.501326244283619,
    "p10": 15.0,
    "p90": 26.0,
    "n": 152
  },
  "15": {
    "mean": 17.10657894736842,
    "std": 3.5422833032309193,
    "p10": 13.0,
    "p90": 21.0,
    "n": 152
  },
  "16": {
    "mean": 13.477124183006536,
    "std": 3.1415822516190217,
    "p10": 10.0,
    "p90": 17.0,
    "n": 153
  },
  "17": {
    "mean": 10.470588235294118,
    "std": 3.4221777144966525,
    "p10": 7.0,
    "p90": 14.0,
    "n": 153
  },
  "18": {
    "mean": 7.6118421052631575,
    "std": 3.351483495004601,
    "p10": 5.0,
    "p90": 11.0,
    "n": 152
  },
  "19": {
    "mean": 5.963414634146342,
    "std": 4.427868026782936,
    "p10": 2.0,
    "p90": 11.0,
    "n": 164
  },
  "20": {
    "mean": 4.574842767295597,
    "std": 5.215252321692487,
    "p10": 1.0,
    "p90": 10.520000000000016,
    "n": 159
  },
  "21": {
    "mean": 2.7756410256410255,
    "std": 4.381152769127671,
    "p10": 0.0,
    "p90": 8.0,
    "n": 156
  },
  "22": {
    "mean": 2.384105960264901,
    "std": 4.284640672841103,
    "p10": 0.0,
    "p90": 7.0,
    "n": 151
  },
  "23": {
    "mean": 2.959006211180124,
    "std": 5.0421284202419105,
    "p10": 0.0,
    "p90": 8.0,
    "n": 161
  }
}