{
  "0": {
    "mean": 4.326027397260273,
    "std": 5.183848321462913,
    "p10": 0.0,
    "p90": 10.0,
    "n": 146
  },
  "1": {
    "mean": 6.4442953020134235,
    "std": 5.602984033028264,
    "p10": 1.0,
    "p90": 15.0,
    "n": 149
  },
  "2": {
    "mean": 7.937142857142858,
    "std": 4.89022432371763,
    "p10": 3.0,
    "p90": 15.0,
    "n": 140
  },
  "3": {
    "mean": 9.33049645390071,
    "std": 4.332401895062888,
    "p10": 5.0,
    "p90": 15.0,
    "n": 141
  },
  "4": {
    "mean": 10.585034013605442,
    "std": 4.013408242132021,
    "p10": 6.0,
    "p90": 17.0,
    "n": 147
  },
  "5": {
    "mean": 12.30896551724138,
    "std": 3.942783795911549,
    "p10": 7.4,
    "p90": 17.599999999999994,
    "n": 145
  },
  "6": {
    "mean": 14.353424657534246,
    "std": 4.410585454665294,
    "p10": 9.0,
    "p90": 19.0,
    "n": 146
  },
  "7": {
    "mean": 14.560283687943262,
    "std": 3.8865496896829805,
    "p10": 10.0,
    "p90": 19.0,
    "n": 141
  },
  "8": {
    "mean": 16.014705882352942,
    "std": 3.8238729525571915,
    "p10": 11.0,
    "p90": 21.0,
    "n": 136
  },
  "9": {
    "mean": 16.89855072463768,
    "std": 3.7226665254158897,
    "p10": 12.0,
    "p90": 22.0,
    "n": 138
  },
  "10": {
    "mean": 17.959090909090907,
    "std": 3.550872477356948,
    "p10": 14.0,
    "p90": 23.0,
    "n": 132
  },
  "11": {
    "mean": 18.684615384615384,
    "std": 3.352737202667259,
    "p10": 15.0,
    "p90": 23.0,
    "n": 130
  },
  "12": {
    "mean": 19.40751879699248,
    "std": 3.237975987242983,
    "p10": 16.0,
    "p90": 23.0,
    "n": 133
  },
  "13": {
    "mean": 19.068217054263567,
    "std": 3.193792428684021,
    "p10": 15.0,
    "p90": 23.0,
    "n": 129
  },
  "14": {
    "mean": 17.215151515151515,
    "std": 3.1536356057921195,
    "p10": 14.0,
    "p90": 21.0,
    "n": 132
  },
  "15": {
    "mean": 14.392307692307693,
    "std": 2.7151488712340655,
    "p10": 11.0,
    "p90": 18.0,
    "n": 130
  },
  "16": {
    "mean": 11.67716535433071,
    "std": 2.814029167400477,
    "p10": 8.0,
    "p90": 15.0,
    "n": 127
  },
  "17": {
    "mean": 9.346969696969696,
    "std": 3.0494008770573906,
    "p10": 6.0,
    "p90": 13.0,
    "n": 132
  },
  "18": {
    "mean": 6.971641791044776,
    "std": 2.829400211163508,
    "p10": 4.0,
    "p90": 11.0,
    "n": 134
  },
  "19": {
    "mean": 4.6838235294117645,
    "std": 2.4606599713396777,
    "p10": 2.0,
    "p90": 8.0,
    "n": 136
  },
  "20": {
    "mean": 3.1940298507462686,
    "std": 2.6851796314655694,
    "p10": 0.0,
    "p90": 6.700000000000003,
    "n": 134
  },
  "21": {
    "mean": 2.255944055944056,
    "std": 2.726748628193525,
    "p10": 0.0,
    "p90": 5.799999999999997,
    "n": 143
  },
  "22": {
    "mean": 2.227972027972028,
    "std": 3.5982469439484785,
    "p10": 0.0,
    "p90": 5.799999999999997,
    "n": 143
  },
  "23": {
    "mean": 2.7664233576642334,
    "std": 4.206547371662256,
    "p10": 0.0,
    "p90": 6.400000000000006,
    "n": 137
  }
}