{
  "0": {
    "mean": 3.4403508771929823,
    "std": 3.5941131636772097,
    "p10": 0.0,
    "p90": 8.400000000000006,
    "n": 114
  },
  "1": {
    "mean": 5.476106194690265,
    "std": 3.8304530302815905,
    "p10": 1.0,
    "p90": 10.599999999999994,
    "n": 113
  },
  "2": {
    "mean": 7.452991452991453,
    "std": 3.7072522739004605,
    "p10": 3.0,
    "p90": 13.400000000000006,
    "n": 117
  },
  "3": {
    "mean": 9.643902439024389,
    "std": 3.7741603417827667,
    "p10": 6.0,
    "p90": 13.799999999999997,
    "n": 123
  },
  "4": {
    "mean": 11.685217391304347,
    "std": 3.9495112617528303,
    "p10": 7.4,
    "p90": 16.0,
    "n": 115
  },
  "5": {
    "mean": 12.732710280373833,
    "std": 3.504384738638546,
    "p10": 9.0,
    "p90": 16.400000000000006,
    "n": 107
  },
  "6": {
    "mean": 14.540170940170938,
    "std": 3.39109024857432,
    "p10": 10.600000000000001,
    "p90": 18.0,
    "n": 117
  },
  "7": {
    "mean": 16.007207207207205,
    "std": 3.5056243565736085,
    "p10": 12.0,
    "p90": 19.0,
    "n": 111
  },
  "8": {
    "mean": 17.22037037037037,
    "std": 3.289171109947877,
    "p10": 13.0,
    "p90": 22.0,
    "n": 108
  },
  "9": {
    "mean": 18.08301886792453,
    "std": 3.345942011227594,
    "p10": 14.0,
    "p90": 22.0,
    "n": 106
  },
  "10": {
    "mean": 19.110280373831774,
    "std": 3.5591215414852044,
    "p10": 14.0,
    "p90": 23.0,
    "n": 107
  },
  "11": {
    "mean": 19.847169811320757,
    "std": 3.6200028294429827,
    "p10": 15.0,
    "p90": 24.5,
    "n": 106
  },
  "12": {
    "mean": 20.683333333333334,
    "std": 3.812436608941357,
    "p10": 15.559999999999999,
    "p90": 26.0,
    "n": 108
  },
  "13": {
    "mean": 20.420183486238535,
    "std": 3.702846248008609,
    "p10": 15.8,
    "p90": 25.0,
    "n": 109
  },
  "14": {
    "mean": 18.214414414414414,
    "std": 3.0980007291168477,
    "p10": 14.0,
    "p90": 22.0,
    "n": 111
  },
  "15": {
    "mean": 14.809090909090909,
    "std": 2.468649129335681,
    "p10": 12.0,
    "p90": 18.0,
    "n": 110
  },
  "16": {
    "mean": 11.637037037037036,
    "std": 2.619859188361033,
    "p10": 9.0,
    "p90": 14.0,
    "n": 108
  },
  "17": {
    "mean": 9.025454545454545,
    "std": 2.7829242215133307,
    "p10": 6.0,
    "p90": 12.0,
    "n": 110
  },
  "18": {
    "mean": 6.643859649122807,
    "std": 3.5064298735328236,
    "p10": 4.0,
    "p90": 9.0,
    "n": 114
  },
  "19": {
    "mean": 4.780180180180181,
    "std": 4.680633597744102,
    "p10": 2.0,
    "p90": 7.0,
    "n": 111
  },
  "20": {
    "mean": 4.754782608695652,
    "std": 7.938096500346773,
    "p10": 0.40000000000000036,
    "p90": 8.480000000000006,
    "n": 115
  },
  "21": {
    "mean": 2.688495575221239,
    "std": 5.9973766915864015,
    "p10": 0.0,
    "p90": 5.799999999999997,
    "n": 113
  },
  "22": {
    "mean": 3.1189655172413793,
    "std": 7.20337980809496,
    "p10": 0.0,
    "p90": 6.0,
    "n": 116
  },
  "23": {
    "mean": 2.561818181818182,
    "std": 4.594891096296228,
    "p10": 0.0,
    "p90": 5.0,
    "n": 110
  }
}