{
  "0": {
    "mean": 3.6159420289855073,
    "std": 3.142184055549673,
    "p10": 0.0,
    "p90": 8.0,
    "n": 138
  },
  "1": {
    "mean": 6.014705882352941,
    "std": 3.3110036390857704,
    "p10": 2.0,
    "p90": 10.0,
    "n": 136
  },
  "2": {
    "mean": 8.725925925925926,
    "std": 3.616771937543676,
    "p10": 4.0,
    "p90": 13.0,
    "n": 135
  },
  "3": {
    "mean": 10.764285714285714,
    "std": 3.5230192951148145,
    "p10": 6.0,
    "p90": 15.0,
    "n": 140
  },
  "4": {
    "mean": 12.107142857142858,
    "std": 3.910319180649186,
    "p10": 7.9,
    "p90": 17.10000000000001,
    "n": 140
  },
  "5": {
    "mean": 13.925925925925926,
    "std": 4.353124850566698,
    "p10": 8.0,
    "p90": 19.0,
    "n": 135
  },
  "6": {
    "mean": 15.355555555555556,
    "std": 4.619017577698159,
    "p10": 9.0,
    "p90": 21.0,
    "n": 135
  },
  "7": {
    "mean": 16.791044776119403,
    "std": 4.758964041664918,
    "p10": 10.0,
    "p90": 22.0,
    "n": 134
  },
  "8": {
    "mean": 17.88888888888889,
    "std": 4.852552285302245,
    "p10": 11.0,
    "p90": 24.0,
    "n": 135
  },
  "9": {
    "mean": 19.26086956521739,
    "std": 4.903900351189391,
    "p10": 12.0,
    "p90": 25.0,
    "n": 138
  },
  "10": {
    "mean": 20.25925925925926,
    "std": 5.066664484594101,
    "p10": 13.0,
    "p90": 26.0,
    "n": 135
  },
  "11": {
    "mean": 20.944117647058825,
    "std": 5.255357262491963,
    "p10": 13.5,
    "p90": 27.5,
    "n": 136
  },
  "12": {
    "mean": 21.53676470588235,
    "std": 5.426830584796104,
    "p10": 14.5,
    "p90": 28.5,
    "n": 136
  },
  "13": {
    "mean": 22.05109489051095,
    "std": 5.293338165983634,
    "p10": 14.0,
    "p90": 29.0,
    "n": 137
  },
  "14": {
    "mean": 21.294964028776977,
    "std": 4.967216053765291,
    "p10": 14.8,
    "p90": 28.0,
    "n": 139
  },
  "15": {
    "mean": 17.448529411764707,
    "std": 3.8060767259177766,
    "p10": 13.0,
    "p90": 22.0,
    "n": 136
  },
  "16": {
    "mean": 13.173913043478262,
    "std": 3.3655902476402435,
    "p10": 9.700000000000001,
    "p90": 17.0,
    "n": 138
  },
  "17": {
    "mean": 9.705882352941176,
    "std": 3.101057518686938,
    "p10": 6.0,
    "p90": 13.0,
    "n": 136
  },
  "18": {
    "mean": 6.970802919708029,
    "std": 3.110564554960989,
    "p10": 4.0,
    "p90": 10.0,
    "n": 137
  },
  "19": {
    "mean": 5.055405405405406,
    "std": 2.99658044983804,
    "p10": 2.0,
    "p90": 8.0,
    "n": 148
  },
  "20": {
    "mean": 3.574468085106383,
    "std": 3.533986099401054,
    "p10": 0.0,
    "p90": 7.0,
    "n": 141
  },
  "21": {
    "mean": 2.318840579710145,
    "std": 3.2510200695547584,
    "p10": 0.0,
    "p90": 6.0,
    "n": 138
  },
  "22": {
    "mean": 1.674074074074074,
    "std": 2.9695711274591896,
    "p10": 0.0,
    "p90": 5.0,
    "n": 135
  },
  "23": {
    "mean": 2.1357142857142857,
    "std": 3.3376222835587783,
    "p10": 0.0,
    "p90": 6.0,
    "n": 140
  }
}