{
  "0": {
    "mean": 3.879032258064516,
    "std": 3.6794148128207285,
    "p10": 0.0,
    "p90": 9.0,
    "n": 124
  },
  "1": {
    "mean": 5.700787401574803,
    "std": 3.7295792362999918,
    "p10": 1.0,
    "p90": 10.0,
    "n": 127
  },
  "2": {
    "mean": 7.969465648854962,
    "std": 3.7864920467320107,
    "p10": 3.0,
    "p90": 13.0,
    "n": 131
  },
  "3": {
    "mean": 10.170149253731344,
    "std": 3.980743684075592,
    "p10": 5.0,
    "p90": 15.700000000000003,
    "n": 134
  },
  "4": {
    "mean": 11.596774193548388,
    "std": 4.030209812849547,
    "p10": 6.300000000000001,
    "p90": 17.0,
    "n": 124
  },
  "5": {
    "mean": 13.3184,
    "std": 4.268572020802063,
    "p10": 8.0,
    "p90": 18.0,
    "n": 125
  },
  "6": {
    "mean": 14.462809917355372,
    "std": 4.47966018486903,
    "p10": 9.0,
    "p90": 19.0,
    "n": 121
  },
  "7": {
    "mean": 16.28688524590164,
    "std": 4.881199399071864,
    "p10": 10.0,
    "p90": 22.0,
    "n": 122
  },
  "8": {
    "mean": 17.570247933884296,
    "std": 4.977995658028426,
    "p10": 11.0,
    "p90": 23.0,
    "n": 121
  },
  "9": {
    "mean": 18.879032258064516,
    "std": 5.026098944566946,
    "p10": 13.0,
    "p90": 25.0,
    "n": 124
  },
  "10": {
    "mean": 19.861290322580647,
    "std": 5.149357994199462,
    "p10": 13.0,
    "p90": 26.0,
    "n": 124
  },
  "11": {
    "mean": 21.09016393442623,
    "std": 5.1937726512688895,
    "p10": 14.100000000000001,
    "p90": 27.0,
    "n": 122
  },
  "12": {
    "mean": 22.0,
    "std": 5.3561179972065585,
    "p10": 15.0,
    "p90": 28.5,
    "n": 126
  },
  "13": {
    "mean": 21.8578125,
    "std": 5.185270012104019,
    "p10": 16.0,
    "p90": 28.0,
    "n": 128
  },
  "14": {
    "mean": 19.904761904761905,
    "std": 4.301494756809212,
    "p10": 14.0,
    "p90": 25.0,
    "n": 126
  },
  "15": {
    "mean": 16.414285714285715,
    "std": 3.4862177622337773,
    "p10": 12.0,
    "p90": 20.0,
    "n": 126
  },
  "16": {
    "mean": 12.992063492063492,
    "std": 3.1937339444506816,
    "p10": 10.0,
    "p90": 17.0,
    "n": 126
  },
  "17": {
    "mean": 10.133858267716535,
    "std": 3.579842606995961,
    "p10": 7.0,
    "p90": 13.0,
    "n": 127
  },
  "18": {
    "mean": 7.325396825396825,
    "std": 3.53684461650068,
    "p10": 4.0,
    "p90": 10.5,
    "n": 126
  },
  "19": {
    "mean": 5.942028985507246,
    "std": 4.759574470248351,
    "p10": 2.0,
    "p90": 13.299999999999997,
    "n": 138
  },
  "20": {
    "mean": 4.798484848484848,
    "std": 5.621523317068855,
    "p10": 1.0,
    "p90": 15.900000000000006,
    "n": 132
  },
  "21": {
    "mean": 2.9375,
    "std": 4.736771883257178,
    "p10": 0.0,
    "p90": 8.299999999999997,
    "n": 128
  },
  "22": {
    "mean": 2.6129032258064515,
    "std": 4.6341076923588815,
    "p10": 0.0,
    "p90": 8.400000000000006,
    "n": 124
  },
  "23": {
    "mean": 3.3037593984962403,
    "std": 5.449970892541642,
    "p10": 0.0,
    "p90": 13.0,
    "n": 133
  }
}