{
  "0": {
    "mean": 2.436942675159236,
    "std": 3.295670948851396,
    "p10": 0.0,
    "p90": 6.0,
    "n": 157
  },
  "1": {
    "mean": 4.1672955974842765,
    "std": 3.852132351383508,
    "p10": 1.0,
    "p90": 9.0,
    "n": 159
  },
  "2": {
    "mean": 6.03125,
    "std": 4.0692463335697,
    "p10": 2.0,
    "p90": 10.099999999999994,
    "n": 160
  },
  "3": {
    "mean": 8.64494382022472,
    "std": 4.773396408602804,
    "p10": 4.0,
    "p90": 13.300000000000011,
    "n": 178
  },
  "4": {
    "mean": 11.18452380952381,
    "std": 5.18131128173478,
    "p10": 6.0,
    "p90": 20.0,
    "n": 168
  },
  "5": {
    "mean": 12.611180124223603,
    "std": 4.781905919568314,
    "p10": 8.0,
    "p90": 19.0,
    "n": 161
  },
  "6": {
    "mean": 13.511949685534589,
    "std": 4.147385401471452,
    "p10": 9.0,
    "p90": 19.0,
    "n": 159
  },
  "7": {
    "mean": 14.882352941176471,
    "std": 4.121415789683822,
    "p10": 11.0,
    "p90": 20.80000000000001,
    "n": 153
  },
  "8": {
    "mean": 15.891156462585034,
    "std": 4.13327501529527,
    "p10": 11.600000000000001,
    "p90": 22.0,
    "n": 147
  },
  "9": {
    "mean": 17.08783783783784,
    "std": 4.011766798341209,
    "p10": 13.0,
    "p90": 22.0,
    "n": 148
  },
  "10": {
    "mean": 18.12925170068027,
    "std": 3.9987534167872436,
    "p10": 14.0,
    "p90": 23.0,
    "n": 147
  },
  "11": {
    "mean": 18.91156462585034,
    "std": 4.261849187158383,
    "p10": 15.0,
    "p90": 24.0,
    "n": 147
  },
  "12": {
    "mean": 19.80263157894737,
    "std": 4.600661446375044,
    "p10": 15.0,
    "p90": 25.900000000000006,
    "n": 152
  },
  "13": {
    "mean": 18.98611111111111,
    "std": 3.6794384474084207,
    "p10": 15.0,
    "p90": 24.0,
    "n": 144
  },
  "14": {
    "mean": 17.301369863013697,
    "std": 3.718304884484603,
    "p10": 14.0,
    "p90": 21.5,
    "n": 146
  },
  "15": {
    "mean": 14.932,
    "std": 3.8833203809637014,
    "p10": 11.0,
    "p90": 18.099999999999994,
    "n": 150
  },
  "16": {
    "mean": 12.472972972972974,
    "std": 3.798399136381613,
    "p10": 9.0,
    "p90": 15.0,
    "n": 148
  },
  "17": {
    "mean": 10.2317880794702,
    "std": 4.307270920369063,
    "p10": 7.0,
    "p90": 13.0,
    "n": 151
  },
  "18": {
    "mean": 7.954545454545454,
    "std": 4.415274895905927,
    "p10": 5.0,
    "p90": 11.700000000000017,
    "n": 154
  },
  "19": {
    "mean": 5.518620689655172,
    "std": 4.120106292569281,
    "p10": 2.0,
    "p90": 9.0,
    "n": 145
  },
  "20": {
    "mean": 3.8876712328767127,
    "std": 4.6272936964532185,
    "p10": 1.0,
    "p90": 6.0,
    "n": 146
  },
  "21": {
    "mean": 2.2913907284768213,
    "std": 3.2012276894414673,
    "p10": 0.0,
    "p90": 5.0,
    "n": 151
  },
  "22": {
    "mean": 2.018543046357616,
    "std": 4.007483066689284,
    "p10": 0.0,
    "p90": 5.0,
    "n": 151
  },
  "23": {
    "mean": 1.8304635761589403,
    "std": 3.485034545548216,
    "p10": 0.0,
    "p90": 4.0,
    "n": 151
  }
}