{
  "0": {
    "mean": 4.231858407079646,
    "std": 5.392757469294312,
    "p10": 0.0,
    "p90": 10.0,
    "n": 113
  },
  "1": {
    "mean": 6.427586206896552,
    "std": 5.933011350752325,
    "p10": 1.0,
    "p90": 15.0,
    "n": 116
  },
  "2": {
    "mean": 8.177777777777779,
    "std": 5.2571505969254755,
    "p10": 3.0,
    "p90": 16.299999999999997,
    "n": 108
  },
  "3": {
    "mean": 9.308256880733945,
    "std": 4.614592964682539,
    "p10": 4.0,
    "p90": 15.0,
    "n": 109
  },
  "4": {
    "mean": 10.912280701754385,
    "std": 3.854801404406184,
    "p10": 6.0,
    "p90": 16.700000000000003,
    "n": 114
  },
  "5": {
    "mean": 12.71743119266055,
    "std": 3.876731250935635,
    "p10": 8.0,
    "p90": 17.200000000000003,
    "n": 109
  },
  "6": {
    "mean": 13.717307692307692,
    "std": 3.8029738569747575,
    "p10": 9.0,
    "p90": 19.0,
    "n": 104
  },
  "7": {
    "mean": 14.429906542056075,
    "std": 3.6032274566547655,
    "p10": 10.0,
    "p90": 19.0,
    "n": 107
  },
  "8": {
    "mean": 16.0,
    "std": 3.301811742712435,
    "p10": 12.0,
    "p90": 20.0,
    "n": 103
  },
  "9": {
    "mean": 17.126923076923074,
    "std": 3.353486253479775,
    "p10": 14.0,
    "p90": 22.0,
    "n": 104
  },
  "10": {
    "mean": 18.146,
    "std": 3.34517351696229,
    "p10": 14.0,
    "p90": 22.0,
    "n": 100
  },
  "11": {
    "mean": 19.13131313131313,
    "std": 3.3644190590694696,
    "p10": 15.0,
    "p90": 22.200000000000003,
    "n": 99
  },
  "12": {
    "mean": 19.79795918367347,
    "std": 3.042041487338393,
    "p10": 16.700000000000003,
    "p90": 23.0,
    "n": 98
  },
  "13": {
    "mean": 19.255102040816325,
    "std": 2.872949648045012,
    "p10": 16.0,
    "p90": 22.0,
    "n": 98
  },
  "14": {
    "mean": 17.53939393939394,
    "std": 3.0625392352944636,
    "p10": 14.0,
    "p90": 20.0,
    "n": 99
  },
  "15": {
    "mean": 14.618556701030927,
    "std": 2.547234198470111,
    "p10": 12.0,
    "p90": 17.0,
    "n": 97
  },
  "16": {
    "mean": 11.731958762886597,
    "std": 2.709994864376767,
    "p10": 9.0,
    "p90": 14.400000000000006,
    "n": 97
  },
  "17": {
    "mean": 9.364356435643565,
    "std": 2.8489150271082426,
    "p10": 6.0,
    "p90": 12.0,
    "n": 101
  },
  "18": {
    "mean": 6.792000000000001,
    "std": 2.813232800156928,
    "p10": 4.0,
    "p90": 10.0,
    "n": 100
  },
  "19": {
    "mean": 4.803738317757009,
    "std": 2.2672369200485223,
    "p10": 2.0,
    "p90": 7.400000000000006,
    "n": 107
  },
  "20": {
    "mean": 3.173076923076923,
    "std": 2.563531801050313,
    "p10": 0.0,
    "p90": 6.0,
    "n": 104
  },
  "21": {
    "mean": 2.3615384615384616,
    "std": 2.7422727337154424,
    "p10": 0.0,
    "p90": 5.0,
    "n": 104
  },
  "22": {
    "mean": 2.1574074074074074,
    "std": 3.5154187398630254,
    "p10": 0.0,
    "p90": 4.299999999999997,
    "n": 108
  },
  "23": {
    "mean": 3.009259259259259,
    "std": 4.335240015066202,
    "p10": 0.0,
    "p90": 7.599999999999994,
    "n": 108
  }
}