{
  "0": {
    "mean": 2.4174603174603178,
    "std": 3.0755833102702166,
    "p10": 0.0,
    "p90": 6.0,
    "n": 126
  },
  "1": {
    "mean": 4.233333333333333,
    "std": 3.9613129136689005,
    "p10": 1.0,
    "p90": 9.0,
    "n": 126
  },
  "2": {
    "mean": 6.015748031496063,
    "std": 4.178524559167209,
    "p10": 2.0,
    "p90": 10.0,
    "n": 127
  },
  "3": {
    "mean": 8.679166666666667,
    "std": 4.897278750575583,
    "p10": 4.0,
    "p90": 13.0,
    "n": 144
  },
  "4": {
    "mean": 11.406015037593985,
    "std": 5.4523244889776645,
    "p10": 6.0,
    "p90": 20.0,
    "n": 133
  },
  "5": {
    "mean": 12.08688524590164,
    "std": 4.536572245516297,
    "p10": 7.0,
    "p90": 18.0,
    "n": 122
  },
  "6": {
    "mean": 13.15967741935484,
    "std": 4.000892570228593,
    "p10": 9.0,
    "p90": 19.0,
    "n": 124
  },
  "7": {
    "mean": 14.408333333333333,
    "std": 3.811737364600909,
    "p10": 10.0,
    "p90": 19.0,
    "n": 120
  },
  "8": {
    "mean": 15.508620689655173,
    "std": 4.076434268061868,
    "p10": 11.0,
    "p90": 21.0,
    "n": 116
  },
  "9": {
    "mean": 16.983050847457626,
    "std": 4.099161996593392,
    "p10": 13.0,
    "p90": 22.0,
    "n": 118
  },
  "10": {
    "mean": 18.11965811965812,
    "std": 4.242970643559795,
    "p10": 14.0,
    "p90": 23.0,
    "n": 117
  },
  "11": {
    "mean": 18.914529914529915,
    "std": 4.591169653338389,
    "p10": 15.0,
    "p90": 24.0,
    "n": 117
  },
  "12": {
    "mean": 19.85123966942149,
    "std": 4.991093996685151,
    "p10": 15.0,
    "p90": 26.0,
    "n": 121
  },
  "13": {
    "mean": 19.026315789473685,
    "std": 3.9250963041356868,
    "p10": 15.0,
    "p90": 24.0,
    "n": 114
  },
  "14": {
    "mean": 17.344827586206897,
    "std": 3.9827965885376533,
    "p10": 14.0,
    "p90": 22.0,
    "n": 116
  },
  "15": {
    "mean": 14.871186440677965,
    "std": 4.074815326839825,
    "p10": 11.0,
    "p90": 18.0,
    "n": 118
  },
  "16": {
    "mean": 12.584745762711865,
    "std": 4.0977923411958175,
    "p10": 9.0,
    "p90": 15.0,
    "n": 118
  },
  "17": {
    "mean": 10.479338842975206,
    "std": 4.638784275996099,
    "p10": 7.0,
    "p90": 13.0,
    "n": 121
  },
  "18": {
    "mean": 8.097560975609756,
    "std": 4.777705454738196,
    "p10": 5.0,
    "p90": 11.799999999999997,
    "n": 123
  },
  "19": {
    "mean": 5.6482758620689655,
    "std": 4.435714397804547,
    "p10": 2.0,
    "p90": 8.5,
    "n": 116
  },
  "20": {
    "mean": 4.056410256410256,
    "std": 5.100023404533593,
    "p10": 1.0,
    "p90": 6.0,
    "n": 117
  },
  "21": {
    "mean": 2.5041322314049586,
    "std": 3.447520768470558,
    "p10": 0.0,
    "p90": 5.0,
    "n": 121
  },
  "22": {
    "mean": 2.14,
    "std": 4.400809703954511,
    "p10": 0.0,
    "p90": 5.0,
    "n": 120
  },
  "23": {
    "mean": 1.7866666666666666,
    "std": 3.438167709533603,
    "p10": 0.0,
    "p90": 3.1000000000000085,
    "n": 120
  }
}