{
  "0": {
    "mean": 3.935433070866142,
    "std": 3.125307034035675,
    "p10": 0.0,
    "p90": 8.0,
    "n": 127
  },
  "1": {
    "mean": 6.229007633587786,
    "std": 3.6596865891371766,
    "p10": 2.0,
    "p90": 11.0,
    "n": 131
  },
  "2": {
    "mean": 8.298387096774194,
    "std": 3.368867119682232,
    "p10": 4.0,
    "p90": 13.0,
    "n": 124
  },
  "3": {
    "mean": 10.073770491803279,
    "std": 3.616235275355486,
    "p10": 6.0,
    "p90": 15.0,
    "n": 122
  },
  "4": {
    "mean": 11.824,
    "std": 3.86895001176655,
    "p10": 7.0,
    "p90": 17.0,
    "n": 125
  },
  "5": {
    "mean": 13.50236220472441,
    "std": 4.154925640022422,
    "p10": 8.0,
    "p90": 19.0,
    "n": 127
  },
  "6": {
    "mean": 15.300813008130081,
    "std": 4.180232481082238,
    "p10": 10.0,
    "p90": 21.0,
    "n": 123
  },
  "7": {
    "mean": 16.651162790697676,
    "std": 4.289615299604925,
    "p10": 11.0,
    "p90": 22.0,
    "n": 129
  },
  "8": {
    "mean": 17.700787401574804,
    "std": 4.7044642098821665,
    "p10": 12.0,
    "p90": 23.400000000000006,
    "n": 127
  },
  "9": {
    "mean": 18.9765625,
    "std": 4.4233895930752,
    "p10": 13.0,
    "p90": 25.0,
    "n": 128
  },
  "10": {
    "mean": 19.99516129032258,
    "std": 4.8789885470317085,
    "p10": 13.0,
    "p90": 26.700000000000003,
    "n": 124
  },
  "11": {
    "mean": 20.878048780487806,
    "std": 4.665157502399154,
    "p10": 15.0,
    "p90": 27.799999999999997,
    "n": 123
  },
  "12": {
    "mean": 21.479674796747968,
    "std": 4.869358178826428,
    "p10": 15.200000000000001,
    "p90": 27.799999999999997,
    "n": 123
  },
  "13": {
    "mean": 22.065573770491802,
    "std": 5.002045374897101,
    "p10": 16.0,
    "p90": 29.80000000000001,
    "n": 122
  },
  "14": {
    "mean": 18.827480916030535,
    "std": 4.512189532215263,
    "p10": 13.0,
    "p90": 25.0,
    "n": 131
  },
  "15": {
    "mean": 15.285714285714286,
    "std": 3.4008402323123454,
    "p10": 11.0,
    "p90": 20.0,
    "n": 126
  },
  "16": {
    "mean": 11.614173228346457,
    "std": 2.867572514947781,
    "p10": 8.0,
    "p90": 15.0,
    "n": 127
  },
  "17": {
    "mean": 8.891472868217054,
    "std": 3.118093142444792,
    "p10": 5.0,
    "p90": 13.0,
    "n": 129
  },
  "18": {
    "mean": 6.203125,
    "std": 2.890002792685897,
    "p10": 3.0,
    "p90": 9.299999999999997,
    "n": 128
  },
  "19": {
    "mean": 4.124031007751938,
    "std": 2.7214648856876695,
    "p10": 1.8000000000000007,
    "p90": 7.0,
    "n": 129
  },
  "20": {
    "mean": 3.094964028776978,
    "std": 4.2098800929774,
    "p10": 0.0,
    "p90": 7.200000000000003,
    "n": 139
  },
  "21": {
    "mean": 2.3015873015873014,
    "std": 4.286294140667139,
    "p10": 0.0,
    "p90": 7.0,
    "n": 126
  },
  "22": {
    "mean": 1.6198347107438016,
    "std": 3.3547384357728682,
    "p10": 0.0,
    "p90": 4.0,
    "n": 121
  },
  "23": {
    "mean": 2.1707317073170733,
    "std": 3.5383318220832165,
    "p10": 0.0,
    "p90": 4.799999999999997,
    "n": 123
  }
}