{
  "0": {
    "mean": 3.611842105263158,
    "std": 2.7789400573696827,
    "p10": 0.0,
    "p90": 7.0,
    "n": 152
  },
  "1": {
    "mean": 6.0,
    "std": 2.9821692328460054,
    "p10": 2.0,
    "p90": 10.0,
    "n": 151
  },
  "2": {
    "mean": 8.233766233766234,
    "std": 3.3407607598869036,
    "p10": 4.0,
    "p90": 13.0,
    "n": 154
  },
  "3": {
    "mean": 9.909090909090908,
    "std": 3.7977696178300353,
    "p10": 5.0,
    "p90": 15.0,
    "n": 154
  },
  "4": {
    "mean": 11.390728476821192,
    "std": 4.323537918470281,
    "p10": 6.0,
    "p90": 17.0,
    "n": 151
  },
  "5": {
    "mean": 12.993377483443709,
    "std": 4.5276876935020205,
    "p10": 7.0,
    "p90": 18.0,
    "n": 151
  },
  "6": {
    "mean": 14.230263157894736,
    "std": 4.902317866080352,
    "p10": 8.0,
    "p90": 20.0,
    "n": 152
  },
  "7": {
    "mean": 15.58,
    "std": 5.102006448315968,
    "p10": 8.9,
    "p90": 22.0,
    "n": 150
  },
  "8": {
    "mean": 16.42105263157895,
    "std": 5.359309923687818,
    "p10": 9.0,
    "p90": 23.0,
    "n": 152
  },
  "9": {
    "mean": 17.144736842105264,
    "std": 5.525866801127153,
    "p10": 9.0,
    "p90": 24.0,
    "n": 152
  },
  "10": {
    "mean": 18.2,
    "std": 5.457585079440251,
    "p10": 10.0,
    "p90": 24.0,
    "n": 150
  },
  "11": {
    "mean": 18.603896103896105,
    "std": 5.546498431612521,
    "p10": 11.0,
    "p90": 25.0,
    "n": 154
  },
  "12": {
    "mean": 19.07236842105263,
    "std": 5.646427662408396,
    "p10": 9.200000000000003,
    "p90": 25.900000000000006,
    "n": 152
  },
  "13": {
    "mean": 19.36315789473684,
    "std": 5.728165387223117,
    "p10": 10.100000000000001,
    "p90": 26.0,
    "n": 152
  },
  "14": {
    "mean": 19.10062893081761,
    "std": 6.116169654899391,
    "p10": 9.0,
    "p90": 26.0,
    "n": 159
  },
  "15": {
    "mean": 16.064102564102566,
    "std": 4.685846206746836,
    "p10": 9.0,
    "p90": 22.0,
    "n": 156
  },
  "16": {
    "mean": 12.510126582278481,
    "std": 3.6064731236372993,
    "p10": 8.0,
    "p90": 17.0,
    "n": 158
  },
  "17": {
    "mean": 9.139240506329115,
    "std": 2.6311905576574017,
    "p10": 6.0,
    "p90": 12.0,
    "n": 158
  },
  "18": {
    "mean": 6.392356687898088,
    "std": 2.3483638985820163,
    "p10": 3.6000000000000014,
    "p90": 9.0,
    "n": 157
  },
  "19": {
    "mean": 4.1455696202531644,
    "std": 1.9148296538863196,
    "p10": 2.0,
    "p90": 7.0,
    "n": 158
  },
  "20": {
    "mean": 2.55,
    "std": 1.7654974177481733,
    "p10": 0.9000000000000004,
    "p90": 5.0,
    "n": 160
  },
  "21": {
    "mean": 1.5565217391304347,
    "std": 1.8945574222194892,
    "p10": 0.0,
    "p90": 5.0,
    "n": 161
  },
  "22": {
    "mean": 1.1320754716981132,
    "std": 2.1051871065921075,
    "p10": 0.0,
    "p90": 4.0,
    "n": 159
  },
  "23": {
    "mean": 1.4967320261437909,
    "std": 2.179824301848225,
    "p10": 0.0,
    "p90": 3.0,
    "n": 153
  }
}