{
  "0": {
    "mean": 3.876543209876543,
    "std": 3.0756410553305096,
    "p10": 0.0,
    "p90": 7.0,
    "n": 81
  },
  "1": {
    "mean": 6.395061728395062,
    "std": 3.1011248457038896,
    "p10": 2.0,
    "p90": 10.0,
    "n": 81
  },
  "2": {
    "mean": 8.91358024691358,
    "std": 3.3808191716808715,
    "p10": 5.0,
    "p90": 13.0,
    "n": 81
  },
  "3": {
    "mean": 10.604938271604938,
    "std": 3.6286327051166234,
    "p10": 6.0,
    "p90": 15.0,
    "n": 81
  },
  "4": {
    "mean": 12.292682926829269,
    "std": 3.7826367604075313,
    "p10": 7.1,
    "p90": 17.0,
    "n": 82
  },
  "5": {
    "mean": 13.768292682926829,
    "std": 4.214316518220751,
    "p10": 8.0,
    "p90": 19.0,
    "n": 82
  },
  "6": {
    "mean": 15.345679012345679,
    "std": 4.249001335099699,
    "p10": 9.0,
    "p90": 21.0,
    "n": 81
  },
  "7": {
    "mean": 16.876543209876544,
    "std": 4.575430897875583,
    "p10": 10.0,
    "p90": 22.0,
    "n": 81
  },
  "8": {
    "mean": 18.02469135802469,
    "std": 4.42146838912701,
    "p10": 12.0,
    "p90": 23.0,
    "n": 81
  },
  "9": {
    "mean": 19.012345679012345,
    "std": 4.484678993976309,
    "p10": 13.0,
    "p90": 24.0,
    "n": 81
  },
  "10": {
    "mean": 19.962962962962962,
    "std": 4.56739653534824,
    "p10": 13.0,
    "p90": 25.0,
    "n": 81
  },
  "11": {
    "mean": 20.567901234567902,
    "std": 4.350109974486099,
    "p10": 15.0,
    "p90": 26.0,
    "n": 81
  },
  "12": {
    "mean": 21.19753086419753,
    "std": 4.276154093009337,
    "p10": 15.0,
    "p90": 26.0,
    "n": 81
  },
  "13": {
    "mean": 21.75609756097561,
    "std": 4.159062618776923,
    "p10": 16.0,
    "p90": 26.900000000000006,
    "n": 82
  },
  "14": {
    "mean": 19.988095238095237,
    "std": 3.6848568251895117,
    "p10": 15.0,
    "p90": 25.0,
    "n": 84
  },
  "15": {
    "mean": 15.879518072289157,
    "std": 3.198313543261645,
    "p10": 12.0,
    "p90": 20.0,
    "n": 83
  },
  "16": {
    "mean": 11.654761904761905,
    "std": 2.4763656211503995,
    "p10": 9.0,
    "p90": 15.0,
    "n": 84
  },
  "17": {
    "mean": 8.24390243902439,
    "std": 2.3962984604076354,
    "p10": 6.0,
    "p90": 11.900000000000006,
    "n": 82
  },
  "18": {
    "mean": 5.927710843373494,
    "std": 2.492834279417124,
    "p10": 3.0,
    "p90": 8.0,
    "n": 83
  },
  "19": {
    "mean": 3.9767441860465116,
    "std": 2.656741676149438,
    "p10": 2.0,
    "p90": 6.0,
    "n": 86
  },
  "20": {
    "mean": 3.0068181818181823,
    "std": 4.506286680263823,
    "p10": 0.0,
    "p90": 5.0,
    "n": 88
  },
  "21": {
    "mean": 2.2941176470588234,
    "std": 4.705173265904761,
    "p10": 0.0,
    "p90": 4.6000000000000085,
    "n": 85
  },
  "22": {
    "mean": 1.4698795180722892,
    "std": 3.2246661744321057,
    "p10": 0.0,
    "p90": 4.0,
    "n": 83
  },
  "23": {
    "mean": 2.2962962962962963,
    "std": 2.993511501750261,
    "p10": 1.0,
    "p90": 4.0,
    "n": 81
  }
}