{
  "0": {
    "mean": 3.607142857142857,
    "std": 3.1295675766557722,
    "p10": 0.0,
    "p90": 8.0,
    "n": 140
  },
  "1": {
    "mean": 6.0144927536231885,
    "std": 3.288967417766491,
    "p10": 2.0,
    "p90": 10.0,
    "n": 138
  },
  "2": {
    "mean": 8.72992700729927,
    "std": 3.5922785854954737,
    "p10": 4.0,
    "p90": 13.0,
    "n": 137
  },
  "3": {
    "mean": 10.76056338028169,
    "std": 3.5026425231374407,
    "p10": 6.0,
    "p90": 14.900000000000006,
    "n": 142
  },
  "4": {
    "mean": 12.126760563380282,
    "std": 3.890084057013718,
    "p10": 8.0,
    "p90": 17.0,
    "n": 142
  },
  "5": {
    "mean": 13.956204379562044,
    "std": 4.3282053969193575,
    "p10": 8.0,
    "p90": 19.0,
    "n": 137
  },
  "6": {
    "mean": 15.401459854014599,
    "std": 4.600926783260147,
    "p10": 9.0,
    "p90": 21.0,
    "n": 137
  },
  "7": {
    "mean": 16.830882352941178,
    "std": 4.7384247219214,
    "p10": 10.0,
    "p90": 22.0,
    "n": 136
  },
  "8": {
    "mean": 17.94160583941606,
    "std": 4.836695553051362,
    "p10": 11.0,
    "p90": 24.0,
    "n": 137
  },
  "9": {
    "mean": 19.307142857142857,
    "std": 4.884119661876779,
    "p10": 12.0,
    "p90": 25.0,
    "n": 140
  },
  "10": {
    "mean": 20.284671532846716,
    "std": 5.033635256816782,
    "p10": 13.0,
    "p90": 26.0,
    "n": 137
  },
  "11": {
    "mean": 20.995652173913044,
    "std": 5.2346106676273045,
    "p10": 13.700000000000001,
    "p90": 27.299999999999997,
    "n": 138
  },
  "12": {
    "mean": 21.58695652173913,
    "std": 5.404415957114319,
    "p10": 14.700000000000001,
    "p90": 28.299999999999997,
    "n": 138
  },
  "13": {
    "mean": 22.12230215827338,
    "std": 5.289393860858271,
    "p10": 14.0,
    "p90": 29.0,
    "n": 139
  },
  "14": {
    "mean": 21.347517730496453,
    "std": 4.952612320213065,
    "p10": 15.0,
    "p90": 28.0,
    "n": 141
  },
  "15": {
    "mean": 17.463768115942027,
    "std": 3.7807800923118036,
    "p10": 13.0,
    "p90": 22.0,
    "n": 138
  },
  "16": {
    "mean": 13.185714285714285,
    "std": 3.342737675854721,
    "p10": 9.9,
    "p90": 17.0,
    "n": 140
  },
  "17": {
    "mean": 9.710144927536232,
    "std": 3.080911085625294,
    "p10": 6.0,
    "p90": 13.0,
    "n": 138
  },
  "18": {
    "mean": 6.971223021582734,
    "std": 3.0879439387303536,
    "p10": 4.0,
    "p90": 10.0,
    "n": 139
  },
  "19": {
    "mean": 5.054666666666667,
    "std": 2.9764080569875233,
    "p10": 2.0,
    "p90": 8.0,
    "n": 150
  },
  "20": {
    "mean": 3.5454545454545454,
    "std": 3.5220178129918653,
    "p10": 0.0,
    "p90": 7.0,
    "n": 143
  },
  "21": {
    "mean": 2.3,
    "std": 3.233591673033822,
    "p10": 0.0,
    "p90": 6.0,
    "n": 140
  },
  "22": {
    "mean": 1.6569343065693432,
    "std": 2.95166442627859,
    "p10": 0.0,
    "p90": 5.0,
    "n": 137
  },
  "23": {
    "mean": 2.119718309859155,
    "std": 3.3187248563056473,
    "p10": 0.0,
    "p90": 6.0,
    "n": 142
  }
}