{
  "0": {
    "mean": 3.611842105263158,
    "std": 3.367254353652083,
    "p10": 0.0,
    "p90": 8.0,
    "n": 152
  },
  "1": {
    "mean": 5.283783783783784,
    "std": 3.348348238418705,
    "p10": 2.0,
    "p90": 10.0,
    "n": 148
  },
  "2": {
    "mean": 7.5,
    "std": 3.33911063966823,
    "p10": 3.700000000000001,
    "p90": 12.0,
    "n": 148
  },
  "3": {
    "mean": 9.657534246575343,
    "std": 3.414852662372951,
    "p10": 6.0,
    "p90": 14.0,
    "n": 146
  },
  "4": {
    "mean": 11.821917808219178,
    "std": 3.2898693643634584,
    "p10": 8.0,
    "p90": 16.0,
    "n": 146
  },
  "5": {
    "mean": 13.575342465753424,
    "std": 3.7376659071715466,
    "p10": 9.0,
    "p90": 18.0,
    "n": 146
  },
  "6": {
    "mean": 15.219047619047618,
    "std": 4.161949841602878,
    "p10": 10.0,
    "p90": 21.0,
    "n": 147
  },
  "7": {
    "mean": 17.04861111111111,
    "std": 4.464827361968588,
    "p10": 11.0,
    "p90": 23.0,
    "n": 144
  },
  "8": {
    "mean": 19.015172413793103,
    "std": 4.416514636290368,
    "p10": 13.0,
    "p90": 24.599999999999994,
    "n": 145
  },
  "9": {
    "mean": 20.63448275862069,
    "std": 4.564071332312499,
    "p10": 14.0,
    "p90": 26.0,
    "n": 145
  },
  "10": {
    "mean": 22.143835616438356,
    "std": 4.761903018646913,
    "p10": 15.0,
    "p90": 28.0,
    "n": 146
  },
  "11": {
    "mean": 23.406896551724138,
    "std": 4.6059993361981135,
    "p10": 17.0,
    "p90": 28.0,
    "n": 145
  },
  "12": {
    "mean": 24.547651006711412,
    "std": 4.439466486886858,
    "p10": 18.0,
    "p90": 30.0,
    "n": 149
  },
  "13": {
    "mean": 23.664383561643834,
    "std": 4.060367568311627,
    "p10": 17.5,
    "p90": 28.0,
    "n": 146
  },
  "14": {
    "mean": 20.09655172413793,
    "std": 3.4486795740685587,
    "p10": 15.0,
    "p90": 24.0,
    "n": 145
  },
  "15": {
    "mean": 16.268456375838927,
    "std": 3.0305446671354312,
    "p10": 12.8,
    "p90": 20.0,
    "n": 149
  },
  "16": {
    "mean": 12.863013698630137,
    "std": 2.758385677282754,
    "p10": 10.0,
    "p90": 16.0,
    "n": 146
  },
  "17": {
    "mean": 9.705479452054794,
    "std": 2.7622275074698575,
    "p10": 7.0,
    "p90": 12.0,
    "n": 146
  },
  "18": {
    "mean": 7.052631578947368,
    "std": 2.8232466250313895,
    "p10": 4.0,
    "p90": 10.0,
    "n": 152
  },
  "19": {
    "mean": 4.77748344370861,
    "std": 2.788886807442005,
    "p10": 2.0,
    "p90": 8.0,
    "n": 151
  },
  "20": {
    "mean": 3.1161290322580646,
    "std": 2.956293833500959,
    "p10": 1.0,
    "p90": 6.0,
    "n": 155
  },
  "21": {
    "mean": 2.396103896103896,
    "std": 2.9998231563755886,
    "p10": 0.0,
    "p90": 6.0,
    "n": 154
  },
  "22": {
    "mean": 1.7733333333333334,
    "std": 3.221460477215881,
    "p10": 0.0,
    "p90": 5.099999999999994,
    "n": 150
  },
  "23": {
    "mean": 1.972972972972973,
    "std": 3.2741950164990627,
    "p10": 0.0,
    "p90": 6.0,
    "n": 148
  }
}