{
  "0": {
    "mean": 3.0258620689655173,
    "std": 2.8604080186196357,
    "p10": 0.0,
    "p90": 7.0,
    "n": 116
  },
  "1": {
    "mean": 4.794642857142857,
    "std": 3.0406803199673598,
    "p10": 1.1000000000000014,
    "p90": 8.0,
    "n": 112
  },
  "2": {
    "mean": 6.781818181818182,
    "std": 3.005749286613625,
    "p10": 4.0,
    "p90": 10.0,
    "n": 110
  },
  "3": {
    "mean": 9.081818181818182,
    "std": 3.041401832092159,
    "p10": 5.0,
    "p90": 13.100000000000009,
    "n": 110
  },
  "4": {
    "mean": 11.527777777777779,
    "std": 2.7118925809693324,
    "p10": 8.0,
    "p90": 15.0,
    "n": 108
  },
  "5": {
    "mean": 13.118181818181819,
    "std": 2.8630253395803584,
    "p10": 9.9,
    "p90": 16.0,
    "n": 110
  },
  "6": {
    "mean": 14.627272727272727,
    "std": 3.0435948412962204,
    "p10": 11.0,
    "p90": 18.0,
    "n": 110
  },
  "7": {
    "mean": 16.155963302752294,
    "std": 3.2777993744861185,
    "p10": 12.0,
    "p90": 21.0,
    "n": 109
  },
  "8": {
    "mean": 18.110091743119266,
    "std": 3.408430315222461,
    "p10": 14.0,
    "p90": 23.0,
    "n": 109
  },
  "9": {
    "mean": 19.5,
    "std": 3.391853902690424,
    "p10": 15.700000000000001,
    "p90": 24.0,
    "n": 108
  },
  "10": {
    "mean": 21.425925925925927,
    "std": 3.4700418907318267,
    "p10": 18.0,
    "p90": 26.0,
    "n": 108
  },
  "11": {
    "mean": 22.862385321100916,
    "std": 3.601614581114094,
    "p10": 19.0,
    "p90": 27.0,
    "n": 109
  },
  "12": {
    "mean": 23.862385321100916,
    "std": 3.497268484139144,
    "p10": 20.0,
    "p90": 28.0,
    "n": 109
  },
  "13": {
    "mean": 21.80909090909091,
    "std": 3.0213170909616207,
    "p10": 18.9,
    "p90": 25.0,
    "n": 110
  },
  "14": {
    "mean": 18.660550458715598,
    "std": 2.6041995410769054,
    "p10": 16.0,
    "p90": 21.200000000000003,
    "n": 109
  },
  "15": {
    "mean": 15.155963302752294,
    "std": 2.2980439021956527,
    "p10": 12.0,
    "p90": 18.0,
    "n": 109
  },
  "16": {
    "mean": 11.752293577981652,
    "std": 2.5537045106724356,
    "p10": 8.8,
    "p90": 15.0,
    "n": 109
  },
  "17": {
    "mean": 8.901785714285714,
    "std": 2.667656870531361,
    "p10": 6.0,
    "p90": 12.0,
    "n": 112
  },
  "18": {
    "mean": 6.383928571428571,
    "std": 2.661861218772525,
    "p10": 4.0,
    "p90": 9.0,
    "n": 112
  },
  "19": {
    "mean": 4.53781512605042,
    "std": 2.6737579596045946,
    "p10": 2.0,
    "p90": 7.200000000000003,
    "n": 119
  },
  "20": {
    "mean": 2.9649122807017543,
    "std": 2.843809686329282,
    "p10": 0.0,
    "p90": 6.0,
    "n": 114
  },
  "21": {
    "mean": 2.0956521739130434,
    "std": 3.089239709575629,
    "p10": 0.0,
    "p90": 4.0,
    "n": 115
  },
  "22": {
    "mean": 1.8245614035087718,
    "std": 3.1629649304194785,
    "p10": 0.0,
    "p90": 4.700000000000003,
    "n": 114
  },
  "23": {
    "mean": 2.0205128205128204,
    "std": 2.9555773828107577,
    "p10": 0.0,
    "p90": 4.400000000000006,
    "n": 117
  }
}