{
  "0": {
    "mean": 3.6906474820143886,
    "std": 2.815199225486253,
    "p10": 0.0,
    "p90": 8.0,
    "n": 139
  },
  "1": {
    "mean": 6.158273381294964,
    "std": 2.9715047493560776,
    "p10": 2.0,
    "p90": 10.0,
    "n": 139
  },
  "2": {
    "mean": 8.397163120567376,
    "std": 3.3888039032422927,
    "p10": 4.0,
    "p90": 13.0,
    "n": 141
  },
  "3": {
    "mean": 10.112676056338028,
    "std": 3.833592821712426,
    "p10": 5.0,
    "p90": 15.0,
    "n": 142
  },
  "4": {
    "mean": 11.532374100719425,
    "std": 4.423753665917178,
    "p10": 6.0,
    "p90": 17.0,
    "n": 139
  },
  "5": {
    "mean": 13.223021582733812,
    "std": 4.592121743619876,
    "p10": 7.0,
    "p90": 19.0,
    "n": 139
  },
  "6": {
    "mean": 14.442857142857143,
    "std": 4.98381759509431,
    "p10": 8.0,
    "p90": 20.0,
    "n": 140
  },
  "7": {
    "mean": 15.818840579710145,
    "std": 5.1746652732063865,
    "p10": 8.700000000000001,
    "p90": 22.0,
    "n": 138
  },
  "8": {
    "mean": 16.62857142857143,
    "std": 5.473734349479724,
    "p10": 8.0,
    "p90": 23.0,
    "n": 140
  },
  "9": {
    "mean": 17.335714285714285,
    "std": 5.64490056279322,
    "p10": 8.0,
    "p90": 24.0,
    "n": 140
  },
  "10": {
    "mean": 18.39855072463768,
    "std": 5.5874466376033665,
    "p10": 10.0,
    "p90": 24.0,
    "n": 138
  },
  "11": {
    "mean": 18.809859154929576,
    "std": 5.649242839608955,
    "p10": 11.0,
    "p90": 25.0,
    "n": 142
  },
  "12": {
    "mean": 19.26950354609929,
    "std": 5.735702015352255,
    "p10": 9.0,
    "p90": 26.0,
    "n": 141
  },
  "13": {
    "mean": 19.55142857142857,
    "std": 5.844550874354574,
    "p10": 10.0,
    "p90": 26.0,
    "n": 140
  },
  "14": {
    "mean": 19.26530612244898,
    "std": 6.240967753605014,
    "p10": 9.0,
    "p90": 26.0,
    "n": 147
  },
  "15": {
    "mean": 16.23611111111111,
    "std": 4.770225414490442,
    "p10": 9.0,
    "p90": 22.0,
    "n": 144
  },
  "16": {
    "mean": 12.661643835616438,
    "std": 3.67211787568996,
    "p10": 8.0,
    "p90": 17.0,
    "n": 146
  },
  "17": {
    "mean": 9.227586206896552,
    "std": 2.689343237634131,
    "p10": 6.0,
    "p90": 12.0,
    "n": 145
  },
  "18": {
    "mean": 6.318881118881119,
    "std": 2.162319797879806,
    "p10": 4.0,
    "p90": 9.0,
    "n": 143
  },
  "19": {
    "mean": 4.158620689655172,
    "std": 1.8844239543814827,
    "p10": 2.0,
    "p90": 7.0,
    "n": 145
  },
  "20": {
    "mean": 2.5850340136054424,
    "std": 1.7627948598782657,
    "p10": 1.0,
    "p90": 5.0,
    "n": 147
  },
  "21": {
    "mean": 1.612162162162162,
    "std": 1.9089800462712958,
    "p10": 0.0,
    "p90": 5.0,
    "n": 148
  },
  "22": {
    "mean": 1.1496598639455782,
    "std": 2.14971722095963,
    "p10": 0.0,
    "p90": 4.0,
    "n": 147
  },
  "23": {
    "mean": 1.50354609929078,
    "std": 2.234866929484288,
    "p10": 0.0,
    "p90": 3.0,
    "n": 141
  }
}