{
  "0": {
    "mean": 3.189928057553957,
    "std": 4.050000804509288,
    "p10": 0.0,
    "p90": 7.0,
    "n": 139
  },
  "1": {
    "mean": 4.518796992481203,
    "std": 3.6005081791143962,
    "p10": 1.0,
    "p90": 8.0,
    "n": 133
  },
  "2": {
    "mean": 6.603053435114504,
    "std": 3.327460083128725,
    "p10": 3.0,
    "p90": 10.0,
    "n": 131
  },
  "3": {
    "mean": 8.911111111111111,
    "std": 3.408651562221757,
    "p10": 5.0,
    "p90": 13.0,
    "n": 135
  },
  "4": {
    "mean": 11.023255813953488,
    "std": 3.465150421245877,
    "p10": 7.0,
    "p90": 15.0,
    "n": 129
  },
  "5": {
    "mean": 13.135338345864662,
    "std": 3.277059738331637,
    "p10": 9.200000000000001,
    "p90": 17.0,
    "n": 133
  },
  "6": {
    "mean": 14.580152671755725,
    "std": 2.9715424600528024,
    "p10": 11.0,
    "p90": 18.0,
    "n": 131
  },
  "7": {
    "mean": 15.96,
    "std": 3.318765064054339,
    "p10": 12.9,
    "p90": 20.0,
    "n": 130
  },
  "8": {
    "mean": 17.965151515151515,
    "std": 3.6784909129580923,
    "p10": 14.0,
    "p90": 22.900000000000006,
    "n": 132
  },
  "9": {
    "mean": 19.709923664122137,
    "std": 3.6679244804286815,
    "p10": 15.0,
    "p90": 25.0,
    "n": 131
  },
  "10": {
    "mean": 21.476923076923075,
    "std": 4.04665693129753,
    "p10": 16.0,
    "p90": 26.0,
    "n": 130
  },
  "11": {
    "mean": 22.79230769230769,
    "std": 3.8713740802113925,
    "p10": 17.9,
    "p90": 28.0,
    "n": 130
  },
  "12": {
    "mean": 23.527131782945737,
    "std": 3.933187160600175,
    "p10": 18.8,
    "p90": 29.0,
    "n": 129
  },
  "13": {
    "mean": 21.78125,
    "std": 3.3342354422343914,
    "p10": 17.0,
    "p90": 26.0,
    "n": 128
  },
  "14": {
    "mean": 18.823076923076922,
    "std": 2.8132173768731135,
    "p10": 15.0,
    "p90": 22.0,
    "n": 130
  },
  "15": {
    "mean": 15.65891472868217,
    "std": 2.3995316080403075,
    "p10": 13.0,
    "p90": 19.0,
    "n": 129
  },
  "16": {
    "mean": 12.458015267175572,
    "std": 2.1349096251264204,
    "p10": 10.0,
    "p90": 15.0,
    "n": 131
  },
  "17": {
    "mean": 9.62406015037594,
    "std": 2.4045458960168533,
    "p10": 7.0,
    "p90": 12.0,
    "n": 133
  },
  "18": {
    "mean": 6.889705882352941,
    "std": 2.696150325838805,
    "p10": 4.0,
    "p90": 9.0,
    "n": 136
  },
  "19": {
    "mean": 5.159420289855072,
    "std": 3.749932119700173,
    "p10": 2.0,
    "p90": 8.0,
    "n": 138
  },
  "20": {
    "mean": 3.3021276595744684,
    "std": 3.661663714080686,
    "p10": 1.0,
    "p90": 6.0,
    "n": 141
  },
  "21": {
    "mean": 2.1870503597122304,
    "std": 3.068229781192919,
    "p10": 0.0,
    "p90": 4.0,
    "n": 139
  },
  "22": {
    "mean": 1.5944055944055944,
    "std": 3.1134369447577668,
    "p10": 0.0,
    "p90": 4.0,
    "n": 143
  },
  "23": {
    "mean": 2.2,
    "std": 3.8538031295268675,
    "p10": 0.0,
    "p90": 5.0,
    "n": 140
  }
}