{
  "0": {
    "mean": 3.4593548387096775,
    "std": 3.490333530265074,
    "p10": 0.0,
    "p90": 8.599999999999994,
    "n": 155
  },
  "1": {
    "mean": 5.46578947368421,
    "std": 3.654754777708959,
    "p10": 1.1000000000000014,
    "p90": 10.900000000000006,
    "n": 152
  },
  "2": {
    "mean": 7.378205128205129,
    "std": 3.5992525186675652,
    "p10": 3.0,
    "p90": 13.0,
    "n": 156
  },
  "3": {
    "mean": 9.444311377245509,
    "std": 3.772787866817098,
    "p10": 5.0,
    "p90": 14.0,
    "n": 167
  },
  "4": {
    "mean": 11.659354838709676,
    "std": 3.972252734766041,
    "p10": 7.0,
    "p90": 16.0,
    "n": 155
  },
  "5": {
    "mean": 12.644594594594595,
    "std": 3.7039284859573374,
    "p10": 8.0,
    "p90": 17.0,
    "n": 148
  },
  "6": {
    "mean": 14.565384615384614,
    "std": 3.4108111578248406,
    "p10": 11.0,
    "p90": 18.0,
    "n": 156
  },
  "7": {
    "mean": 16.02516556291391,
    "std": 3.6025401879423224,
    "p10": 11.0,
    "p90": 20.0,
    "n": 151
  },
  "8": {
    "mean": 17.161904761904765,
    "std": 3.4769167047384837,
    "p10": 13.0,
    "p90": 22.0,
    "n": 147
  },
  "9": {
    "mean": 18.10896551724138,
    "std": 3.4756277858463385,
    "p10": 13.4,
    "p90": 22.0,
    "n": 145
  },
  "10": {
    "mean": 19.12191780821918,
    "std": 3.668946915541297,
    "p10": 14.0,
    "p90": 23.0,
    "n": 146
  },
  "11": {
    "mean": 19.929655172413796,
    "std": 3.811279388173037,
    "p10": 15.0,
    "p90": 25.0,
    "n": 145
  },
  "12": {
    "mean": 20.719727891156463,
    "std": 3.9426477344959894,
    "p10": 15.0,
    "p90": 26.0,
    "n": 147
  },
  "13": {
    "mean": 20.56621621621622,
    "std": 3.8249014758384705,
    "p10": 15.700000000000001,
    "p90": 25.30000000000001,
    "n": 148
  },
  "14": {
    "mean": 18.230463576158943,
    "std": 3.121772859076146,
    "p10": 14.0,
    "p90": 22.0,
    "n": 151
  },
  "15": {
    "mean": 14.879194630872483,
    "std": 2.483874348559208,
    "p10": 12.0,
    "p90": 18.0,
    "n": 149
  },
  "16": {
    "mean": 11.610884353741497,
    "std": 2.5189454537292217,
    "p10": 9.0,
    "p90": 14.0,
    "n": 147
  },
  "17": {
    "mean": 8.953020134228188,
    "std": 2.605025212488352,
    "p10": 6.0,
    "p90": 12.0,
    "n": 149
  },
  "18": {
    "mean": 6.4512820512820515,
    "std": 3.184468096153218,
    "p10": 4.0,
    "p90": 9.0,
    "n": 156
  },
  "19": {
    "mean": 4.524,
    "std": 4.196749781060604,
    "p10": 1.9000000000000004,
    "p90": 7.0,
    "n": 150
  },
  "20": {
    "mean": 4.081528662420382,
    "std": 6.948527068195276,
    "p10": 1.0,
    "p90": 6.400000000000006,
    "n": 157
  },
  "21": {
    "mean": 2.3712418300653595,
    "std": 5.303892230222791,
    "p10": 0.0,
    "p90": 5.0,
    "n": 153
  },
  "22": {
    "mean": 2.688607594936709,
    "std": 6.334879431521688,
    "p10": 0.0,
    "p90": 4.300000000000011,
    "n": 158
  },
  "23": {
    "mean": 2.4053333333333335,
    "std": 4.177597438473677,
    "p10": 0.0,
    "p90": 5.0,
    "n": 150
  }
}