{
  "0": {
    "mean": 3.814516129032258,
    "std": 3.4177131504266898,
    "p10": 0.0,
    "p90": 8.0,
    "n": 124
  },
  "1": {
    "mean": 5.541666666666667,
    "std": 3.3728920172789536,
    "p10": 2.0,
    "p90": 10.0,
    "n": 120
  },
  "2": {
    "mean": 7.858333333333333,
    "std": 3.3237010689167286,
    "p10": 4.0,
    "p90": 12.0,
    "n": 120
  },
  "3": {
    "mean": 10.128205128205128,
    "std": 3.328400417147858,
    "p10": 6.0,
    "p90": 14.0,
    "n": 117
  },
  "4": {
    "mean": 12.271186440677965,
    "std": 3.220290948657062,
    "p10": 8.0,
    "p90": 16.0,
    "n": 118
  },
  "5": {
    "mean": 14.059322033898304,
    "std": 3.6847859367514553,
    "p10": 9.0,
    "p90": 18.299999999999997,
    "n": 118
  },
  "6": {
    "mean": 15.676666666666668,
    "std": 4.1989341051090125,
    "p10": 10.0,
    "p90": 21.10000000000001,
    "n": 120
  },
  "7": {
    "mean": 17.675213675213676,
    "std": 4.324806273973157,
    "p10": 12.0,
    "p90": 23.0,
    "n": 117
  },
  "8": {
    "mean": 19.65128205128205,
    "std": 4.290338291151398,
    "p10": 14.600000000000001,
    "p90": 25.0,
    "n": 117
  },
  "9": {
    "mean": 21.28813559322034,
    "std": 4.302854736967102,
    "p10": 16.0,
    "p90": 26.0,
    "n": 118
  },
  "10": {
    "mean": 22.840336134453782,
    "std": 4.539811078868683,
    "p10": 16.8,
    "p90": 28.0,
    "n": 119
  },
  "11": {
    "mean": 24.205128205128204,
    "std": 4.397370808395081,
    "p10": 19.0,
    "p90": 29.0,
    "n": 117
  },
  "12": {
    "mean": 25.25289256198347,
    "std": 4.222619139431616,
    "p10": 19.0,
    "p90": 30.0,
    "n": 121
  },
  "13": {
    "mean": 24.279661016949152,
    "std": 3.930780556269232,
    "p10": 18.700000000000003,
    "p90": 29.0,
    "n": 118
  },
  "14": {
    "mean": 20.683760683760685,
    "std": 3.367311351113445,
    "p10": 16.6,
    "p90": 24.400000000000006,
    "n": 117
  },
  "15": {
    "mean": 16.71900826446281,
    "std": 3.0665483867476255,
    "p10": 13.0,
    "p90": 20.0,
    "n": 121
  },
  "16": {
    "mean": 13.211864406779661,
    "std": 2.8729558170561003,
    "p10": 10.0,
    "p90": 16.0,
    "n": 118
  },
  "17": {
    "mean": 9.991525423728813,
    "std": 2.874871272367068,
    "p10": 7.0,
    "p90": 13.0,
    "n": 118
  },
  "18": {
    "mean": 7.209677419354839,
    "std": 2.9446774183852056,
    "p10": 4.0,
    "p90": 10.0,
    "n": 124
  },
  "19": {
    "mean": 4.913821138211382,
    "std": 2.8025844396764805,
    "p10": 3.0,
    "p90": 7.799999999999997,
    "n": 123
  },
  "20": {
    "mean": 3.1023622047244093,
    "std": 3.049420048086405,
    "p10": 1.0,
    "p90": 6.0,
    "n": 127
  },
  "21": {
    "mean": 2.4471544715447155,
    "std": 3.167983409959563,
    "p10": 0.0,
    "p90": 6.799999999999997,
    "n": 123
  },
  "22": {
    "mean": 1.8099173553719008,
    "std": 3.347422016982564,
    "p10": 0.0,
    "p90": 5.0,
    "n": 121
  },
  "23": {
    "mean": 2.0166666666666666,
    "std": 3.4201167932618652,
    "p10": 0.0,
    "p90": 5.1000000000000085,
    "n": 120
  }
}