{
  "0": {
    "mean": 4.187096774193549,
    "std": 3.182311291013439,
    "p10": 0.0,
    "p90": 8.0,
    "n": 155
  },
  "1": {
    "mean": 6.748344370860927,
    "std": 3.583701146480378,
    "p10": 2.0,
    "p90": 12.0,
    "n": 151
  },
  "2": {
    "mean": 9.038709677419355,
    "std": 3.6995680178990615,
    "p10": 5.0,
    "p90": 14.0,
    "n": 155
  },
  "3": {
    "mean": 10.47682119205298,
    "std": 4.183833070420938,
    "p10": 5.0,
    "p90": 16.0,
    "n": 151
  },
  "4": {
    "mean": 12.013071895424837,
    "std": 4.241069453173238,
    "p10": 7.0,
    "p90": 18.0,
    "n": 153
  },
  "5": {
    "mean": 13.423225806451612,
    "std": 4.557565700131818,
    "p10": 8.0,
    "p90": 19.0,
    "n": 155
  },
  "6": {
    "mean": 14.915032679738562,
    "std": 4.751658591894519,
    "p10": 9.0,
    "p90": 20.0,
    "n": 153
  },
  "7": {
    "mean": 16.04605263157895,
    "std": 5.279397436755901,
    "p10": 8.100000000000001,
    "p90": 22.0,
    "n": 152
  },
  "8": {
    "mean": 16.858974358974358,
    "std": 5.388696314836438,
    "p10": 9.0,
    "p90": 23.0,
    "n": 156
  },
  "9": {
    "mean": 17.869281045751634,
    "std": 5.556755976260263,
    "p10": 10.0,
    "p90": 24.0,
    "n": 153
  },
  "10": {
    "mean": 18.354430379746834,
    "std": 5.788277137563199,
    "p10": 10.0,
    "p90": 25.0,
    "n": 158
  },
  "11": {
    "mean": 19.32450331125828,
    "std": 5.542020893590076,
    "p10": 11.0,
    "p90": 26.0,
    "n": 151
  },
  "12": {
    "mean": 19.571428571428573,
    "std": 5.973642699071632,
    "p10": 10.3,
    "p90": 26.0,
    "n": 154
  },
  "13": {
    "mean": 20.013071895424837,
    "std": 5.8747753911203136,
    "p10": 11.0,
    "p90": 26.0,
    "n": 153
  },
  "14": {
    "mean": 19.289024390243902,
    "std": 6.125407332844605,
    "p10": 9.0,
    "p90": 26.0,
    "n": 164
  },
  "15": {
    "mean": 16.21829268292683,
    "std": 4.587676959995251,
    "p10": 10.0,
    "p90": 21.0,
    "n": 164
  },
  "16": {
    "mean": 12.76875,
    "std": 3.589330581759953,
    "p10": 7.0,
    "p90": 17.0,
    "n": 160
  },
  "17": {
    "mean": 9.12125,
    "std": 3.1387292124651944,
    "p10": 5.0,
    "p90": 12.099999999999994,
    "n": 160
  },
  "18": {
    "mean": 6.365384615384615,
    "std": 2.8806059811884297,
    "p10": 3.5,
    "p90": 9.0,
    "n": 156
  },
  "19": {
    "mean": 4.3630573248407645,
    "std": 2.983185498934283,
    "p10": 2.0,
    "p90": 7.0,
    "n": 157
  },
  "20": {
    "mean": 2.7564102564102564,
    "std": 3.0740785031464366,
    "p10": 0.0,
    "p90": 5.0,
    "n": 156
  },
  "21": {
    "mean": 1.544871794871795,
    "std": 2.7739408294685903,
    "p10": 0.0,
    "p90": 3.0,
    "n": 156
  },
  "22": {
    "mean": 1.236842105263158,
    "std": 2.7446198837052034,
    "p10": 0.0,
    "p90": 2.9000000000000057,
    "n": 152
  },
  "23": {
    "mean": 2.0575163398692813,
    "std": 2.885688206031387,
    "p10": 0.0,
    "p90": 4.0,
    "n": 153
  }
}