{
  "0": {
    "mean": 3.112258064516129,
    "std": 3.9176645488589035,
    "p10": 0.0,
    "p90": 7.0,
    "n": 155
  },
  "1": {
    "mean": 4.36,
    "std": 3.5222780913806533,
    "p10": 1.0,
    "p90": 8.0,
    "n": 150
  },
  "2": {
    "mean": 6.476510067114094,
    "std": 3.2747681837028653,
    "p10": 3.0,
    "p90": 10.0,
    "n": 149
  },
  "3": {
    "mean": 8.796052631578947,
    "std": 3.3481017964804582,
    "p10": 5.0,
    "p90": 13.0,
    "n": 152
  },
  "4": {
    "mean": 11.027397260273972,
    "std": 3.3854561256981177,
    "p10": 7.5,
    "p90": 15.0,
    "n": 146
  },
  "5": {
    "mean": 13.086666666666666,
    "std": 3.2335005376633763,
    "p10": 9.0,
    "p90": 17.0,
    "n": 150
  },
  "6": {
    "mean": 14.5,
    "std": 2.926538202439896,
    "p10": 11.0,
    "p90": 18.0,
    "n": 148
  },
  "7": {
    "mean": 15.923809523809526,
    "std": 3.2521717366348004,
    "p10": 12.600000000000001,
    "p90": 20.0,
    "n": 147
  },
  "8": {
    "mean": 17.948993288590604,
    "std": 3.595579445270536,
    "p10": 14.0,
    "p90": 22.200000000000017,
    "n": 149
  },
  "9": {
    "mean": 19.751677852348994,
    "std": 3.5544149179623354,
    "p10": 15.0,
    "p90": 24.200000000000017,
    "n": 149
  },
  "10": {
    "mean": 21.639455782312925,
    "std": 3.916850807695352,
    "p10": 16.6,
    "p90": 26.0,
    "n": 147
  },
  "11": {
    "mean": 23.0,
    "std": 3.7943721844295406,
    "p10": 18.0,
    "p90": 28.0,
    "n": 147
  },
  "12": {
    "mean": 23.698630136986303,
    "std": 3.8171479929639816,
    "p10": 19.0,
    "p90": 28.5,
    "n": 146
  },
  "13": {
    "mean": 21.97241379310345,
    "std": 3.2701189826854224,
    "p10": 17.4,
    "p90": 26.0,
    "n": 145
  },
  "14": {
    "mean": 18.993197278911566,
    "std": 2.7881761079170895,
    "p10": 15.600000000000001,
    "p90": 22.0,
    "n": 147
  },
  "15": {
    "mean": 15.767123287671232,
    "std": 2.381077982156216,
    "p10": 13.0,
    "p90": 19.0,
    "n": 146
  },
  "16": {
    "mean": 12.466216216216216,
    "std": 2.087916451727681,
    "p10": 10.0,
    "p90": 15.0,
    "n": 148
  },
  "17": {
    "mean": 9.609271523178808,
    "std": 2.309324605258067,
    "p10": 7.0,
    "p90": 12.0,
    "n": 151
  },
  "18": {
    "mean": 6.895424836601308,
    "std": 2.585799781327996,
    "p10": 4.0,
    "p90": 9.0,
    "n": 153
  },
  "19": {
    "mean": 5.070967741935484,
    "std": 3.5858844430924437,
    "p10": 2.0,
    "p90": 7.599999999999994,
    "n": 155
  },
  "20": {
    "mean": 3.211320754716981,
    "std": 3.4912726839115957,
    "p10": 1.0,
    "p90": 5.200000000000017,
    "n": 159
  },
  "21": {
    "mean": 2.088607594936709,
    "std": 2.915759390952759,
    "p10": 0.0,
    "p90": 4.0,
    "n": 158
  },
  "22": {
    "mean": 1.5220125786163523,
    "std": 2.9763550854656904,
    "p10": 0.0,
    "p90": 4.0,
    "n": 159
  },
  "23": {
    "mean": 2.070063694267516,
    "std": 3.6709438625605357,
    "p10": 0.0,
    "p90": 5.0,
    "n": 157
  }
}