{
  "0": {
    "mean": 6.978064516129032,
    "std": 3.3589243595165246,
    "p10": 3.0,
    "p90": 11.599999999999994,
    "n": 155
  },
  "1": {
    "mean": 9.142857142857142,
    "std": 3.2728404473541843,
    "p10": 5.0,
    "p90": 13.700000000000017,
    "n": 154
  },
  "2": {
    "mean": 10.818791946308725,
    "std": 3.2819195340597256,
    "p10": 6.800000000000001,
    "p90": 15.0,
    "n": 149
  },
  "3": {
    "mean": 12.926797385620915,
    "std": 3.6272181332680975,
    "p10": 9.0,
    "p90": 17.0,
    "n": 153
  },
  "4": {
    "mean": 14.336842105263157,
    "std": 3.2660745462698126,
    "p10": 11.0,
    "p90": 19.0,
    "n": 152
  },
  "5": {
    "mean": 15.642857142857142,
    "std": 3.344449252565788,
    "p10": 12.0,
    "p90": 20.0,
    "n": 154
  },
  "6": {
    "mean": 16.80246913580247,
    "std": 3.5249589331519795,
    "p10": 13.0,
    "p90": 21.0,
    "n": 162
  },
  "7": {
    "mean": 17.62857142857143,
    "std": 3.5343505591702313,
    "p10": 14.0,
    "p90": 21.0,
    "n": 168
  },
  "8": {
    "mean": 18.33142857142857,
    "std": 3.7415783924695587,
    "p10": 15.0,
    "p90": 23.0,
    "n": 175
  },
  "9": {
    "mean": 19.105882352941176,
    "std": 4.099194694795624,
    "p10": 15.0,
    "p90": 24.0,
    "n": 170
  },
  "10": {
    "mean": 19.81529411764706,
    "std": 4.402957743975235,
    "p10": 15.0,
    "p90": 25.0,
    "n": 170
  },
  "11": {
    "mean": 20.057777777777776,
    "std": 4.675646587563469,
    "p10": 15.0,
    "p90": 26.0,
    "n": 180
  },
  "12": {
    "mean": 19.75294117647059,
    "std": 4.365496364363842,
    "p10": 15.0,
    "p90": 25.0,
    "n": 187
  },
  "13": {
    "mean": 16.764021164021162,
    "std": 3.252491143392642,
    "p10": 13.0,
    "p90": 21.0,
    "n": 189
  },
  "14": {
    "mean": 13.392265193370166,
    "std": 2.396234512812316,
    "p10": 10.400000000000006,
    "p90": 16.0,
    "n": 181
  },
  "15": {
    "mean": 10.374157303370787,
    "std": 2.2351090717650606,
    "p10": 8.0,
    "p90": 13.0,
    "n": 178
  },
  "16": {
    "mean": 7.596407185628742,
    "std": 1.8791786277862932,
    "p10": 5.0,
    "p90": 10.0,
    "n": 167
  },
  "17": {
    "mean": 5.159006211180125,
    "std": 1.7293232798442244,
    "p10": 3.0,
    "p90": 7.0,
    "n": 161
  },
  "18": {
    "mean": 3.2091503267973858,
    "std": 1.3796147191537984,
    "p10": 1.200000000000001,
    "p90": 5.0,
    "n": 153
  },
  "19": {
    "mean": 1.835294117647059,
    "std": 1.9850914929277497,
    "p10": 0.0,
    "p90": 3.0,
    "n": 153
  },
  "20": {
    "mean": 1.3670886075949367,
    "std": 2.6077650591193313,
    "p10": 0.0,
    "p90": 3.0,
    "n": 158
  },
  "21": {
    "mean": 1.2597402597402598,
    "std": 2.7051275320719688,
    "p10": 0.0,
    "p90": 3.0,
    "n": 154
  },
  "22": {
    "mean": 2.175324675324675,
    "std": 4.014895658519527,
    "p10": 0.0,
    "p90": 5.0,
    "n": 154
  },
  "23": {
    "mean": 4.093589743589744,
    "std": 4.114328691170766,
    "p10": 1.0,
    "p90": 7.0,
    "n": 156
  }
}