{
  "0": {
    "mean": 8.078688524590165,
    "std": 5.895638246359196,
    "p10": 0.0,
    "p90": 16.0,
    "n": 122
  },
  "1": {
    "mean": 9.065891472868216,
    "std": 6.109527601981993,
    "p10": 1.0,
    "p90": 18.200000000000003,
    "n": 129
  },
  "2": {
    "mean": 10.141538461538461,
    "std": 6.415651702054527,
    "p10": 2.0,
    "p90": 19.0,
    "n": 130
  },
  "3": {
    "mean": 11.3796992481203,
    "std": 6.938842792771894,
    "p10": 3.0,
    "p90": 22.0,
    "n": 133
  },
  "4": {
    "mean": 12.189208633093527,
    "std": 7.049099959481742,
    "p10": 4.0,
    "p90": 23.0,
    "n": 139
  },
  "5": {
    "mean": 13.174615384615382,
    "std": 7.4978065168489465,
    "p10": 4.0,
    "p90": 26.0,
    "n": 130
  },
  "6": {
    "mean": 13.769655172413792,
    "std": 7.772220154516227,
    "p10": 5.0,
    "p90": 26.0,
    "n": 145
  },
  "7": {
    "mean": 14.526712328767124,
    "std": 8.034488513178589,
    "p10": 6.0,
    "p90": 28.0,
    "n": 146
  },
  "8": {
    "mean": 14.673972602739724,
    "std": 8.126576704687851,
    "p10": 6.0,
    "p90": 28.0,
    "n": 146
  },
  "9": {
    "mean": 14.815231788079473,
    "std": 8.223654891789264,
    "p10": 6.0,
    "p90": 28.0,
    "n": 151
  },
  "10": {
    "mean": 14.549342105263158,
    "std": 8.181055459931823,
    "p10": 5.819999999999998,
    "p90": 28.0,
    "n": 152
  },
  "11": {
    "mean": 15.173202614379084,
    "std": 8.439248895051309,
    "p10": 6.0,
    "p90": 29.0,
    "n": 153
  },
  "12": {
    "mean": 14.973548387096775,
    "std": 8.206673538891515,
    "p10": 6.0,
    "p90": 29.0,
    "n": 155
  },
  "13": {
    "mean": 14.643125000000001,
    "std": 7.803672912652925,
    "p10": 6.0,
    "p90": 27.0,
    "n": 160
  },
  "14": {
    "mean": 12.420000000000002,
    "std": 5.959816661118558,
    "p10": 6.0,
    "p90": 21.599999999999994,
    "n": 165
  },
  "15": {
    "mean": 10.044848484848485,
    "std": 4.075527888306813,
    "p10": 5.0,
    "p90": 14.0,
    "n": 165
  },
  "16": {
    "mean": 7.890740740740741,
    "std": 3.361118668323613,
    "p10": 4.0,
    "p90": 12.0,
    "n": 162
  },
  "17": {
    "mean": 5.816107382550335,
    "std": 3.497297549616452,
    "p10": 2.8000000000000007,
    "p90": 9.040000000000004,
    "n": 149
  },
  "18": {
    "mean": 4.8581699346405225,
    "std": 4.818913045969649,
    "p10": 1.0,
    "p90": 9.0,
    "n": 153
  },
  "19": {
    "mean": 2.962068965517241,
    "std": 3.574369971009597,
    "p10": 0.0,
    "p90": 6.599999999999994,
    "n": 145
  },
  "20": {
    "mean": 1.96793893129771,
    "std": 3.897519273659796,
    "p10": 0.0,
    "p90": 4.0,
    "n": 131
  },
  "21": {
    "mean": 1.9873239436619718,
    "std": 4.215689357574213,
    "p10": 0.0,
    "p90": 5.0,
    "n": 142
  },
  "22": {
    "mean": 3.3152,
    "std": 5.437282528094573,
    "p10": 0.0,
    "p90": 7.6000000000000085,
    "n": 125
  },
  "23": {
    "mean": 5.999193548387097,
    "std": 5.623679551865658,
    "p10": 2.0,
    "p90": 10.0,
    "n": 124
  }
}