{
  "0": {
    "mean": 6.518032786885247,
    "std": 4.6614830469779935,
    "p10": 0.0,
    "p90": 12.900000000000006,
    "n": 122
  },
  "1": {
    "mean": 9.237593984962405,
    "std": 4.8761106194688475,
    "p10": 2.0,
    "p90": 16.0,
    "n": 133
  },
  "2": {
    "mean": 11.377611940298507,
    "std": 4.73747881604635,
    "p10": 5.0,
    "p90": 18.0,
    "n": 134
  },
  "3": {
    "mean": 12.857553956834531,
    "std": 5.062121031330214,
    "p10": 5.800000000000001,
    "p90": 18.200000000000003,
    "n": 139
  },
  "4": {
    "mean": 14.17852348993289,
    "std": 4.92918177188901,
    "p10": 8.0,
    "p90": 20.0,
    "n": 149
  },
  "5": {
    "mean": 15.171428571428569,
    "std": 5.465443601651973,
    "p10": 8.0,
    "p90": 22.0,
    "n": 154
  },
  "6": {
    "mean": 16.19189189189189,
    "std": 5.182801405610855,
    "p10": 9.94,
    "p90": 23.0,
    "n": 148
  },
  "7": {
    "mean": 17.119753086419752,
    "std": 5.559456601380222,
    "p10": 10.0,
    "p90": 24.0,
    "n": 162
  },
  "8": {
    "mean": 17.562820512820515,
    "std": 5.395281306890287,
    "p10": 11.0,
    "p90": 24.0,
    "n": 156
  },
  "9": {
    "mean": 18.15373134328358,
    "std": 5.562544675382549,
    "p10": 11.0,
    "p90": 24.0,
    "n": 134
  },
  "10": {
    "mean": 18.406410256410254,
    "std": 5.607341725287681,
    "p10": 11.0,
    "p90": 24.5,
    "n": 156
  },
  "11": {
    "mean": 18.491017964071855,
    "std": 5.750252234879404,
    "p10": 11.0,
    "p90": 26.0,
    "n": 167
  },
  "12": {
    "mean": 17.89753086419753,
    "std": 5.503662818933161,
    "p10": 10.0,
    "p90": 24.799999999999997,
    "n": 162
  },
  "13": {
    "mean": 16.068263473053893,
    "std": 5.187602108971652,
    "p10": 9.0,
    "p90": 23.400000000000006,
    "n": 167
  },
  "14": {
    "mean": 13.513749999999998,
    "std": 4.710359084443827,
    "p10": 8.0,
    "p90": 20.0,
    "n": 160
  },
  "15": {
    "mean": 10.798757763975155,
    "std": 4.000593511868579,
    "p10": 6.0,
    "p90": 16.0,
    "n": 161
  },
  "16": {
    "mean": 8.272108843537415,
    "std": 3.2732159694393053,
    "p10": 4.0,
    "p90": 13.0,
    "n": 147
  },
  "17": {
    "mean": 6.065693430656935,
    "std": 2.947392615321818,
    "p10": 2.0,
    "p90": 10.0,
    "n": 137
  },
  "18": {
    "mean": 4.3710144927536225,
    "std": 2.925203914497973,
    "p10": 1.0,
    "p90": 8.0,
    "n": 138
  },
  "19": {
    "mean": 2.923529411764706,
    "std": 3.0550561683414488,
    "p10": 0.0,
    "p90": 7.0,
    "n": 136
  },
  "20": {
    "mean": 2.2133333333333334,
    "std": 2.876585870203897,
    "p10": 0.0,
    "p90": 6.0,
    "n": 135
  },
  "21": {
    "mean": 1.9664122137404583,
    "std": 3.0341799218246006,
    "p10": 0.0,
    "p90": 6.0,
    "n": 131
  },
  "22": {
    "mean": 2.5765625,
    "std": 3.568243229390967,
    "p10": 0.0,
    "p90": 7.299999999999997,
    "n": 128
  },
  "23": {
    "mean": 3.9008000000000003,
    "std": 3.334726762516707,
    "p10": 1.0,
    "p90": 7.0,
    "n": 125
  }
}