{
  "0": {
    "mean": 6.695104895104895,
    "std": 4.432201765366683,
    "p10": 2.0,
    "p90": 13.0,
    "n": 143
  },
  "1": {
    "mean": 9.198473282442748,
    "std": 3.6170958332049152,
    "p10": 6.0,
    "p90": 14.0,
    "n": 131
  },
  "2": {
    "mean": 10.877862595419847,
    "std": 3.1280933016858166,
    "p10": 7.0,
    "p90": 14.0,
    "n": 131
  },
  "3": {
    "mean": 12.741605839416058,
    "std": 2.9763934535867196,
    "p10": 9.0,
    "p90": 16.0,
    "n": 137
  },
  "4": {
    "mean": 14.294117647058824,
    "std": 2.9257418104836583,
    "p10": 11.0,
    "p90": 17.0,
    "n": 136
  },
  "5": {
    "mean": 15.345864661654135,
    "std": 2.90518114175231,
    "p10": 12.0,
    "p90": 18.0,
    "n": 133
  },
  "6": {
    "mean": 16.29219858156028,
    "std": 2.994997517814041,
    "p10": 13.0,
    "p90": 20.0,
    "n": 141
  },
  "7": {
    "mean": 17.189928057553956,
    "std": 3.115024250586712,
    "p10": 14.0,
    "p90": 21.0,
    "n": 139
  },
  "8": {
    "mean": 17.68969696969697,
    "std": 3.0808936033913286,
    "p10": 14.400000000000002,
    "p90": 21.0,
    "n": 165
  },
  "9": {
    "mean": 18.21744966442953,
    "std": 3.3105019531138855,
    "p10": 15.0,
    "p90": 22.0,
    "n": 149
  },
  "10": {
    "mean": 18.746753246753247,
    "std": 3.1005833065208344,
    "p10": 15.3,
    "p90": 22.700000000000017,
    "n": 154
  },
  "11": {
    "mean": 19.0,
    "std": 3.2110199860245894,
    "p10": 15.4,
    "p90": 23.0,
    "n": 155
  },
  "12": {
    "mean": 18.305,
    "std": 2.959002891720038,
    "p10": 15.0,
    "p90": 22.0,
    "n": 160
  },
  "13": {
    "mean": 16.010843373493977,
    "std": 2.6899819554736824,
    "p10": 13.0,
    "p90": 19.0,
    "n": 166
  },
  "14": {
    "mean": 13.453416149068323,
    "std": 2.352951100636725,
    "p10": 11.0,
    "p90": 16.0,
    "n": 161
  },
  "15": {
    "mean": 10.40805369127517,
    "std": 2.34277257719334,
    "p10": 8.0,
    "p90": 13.0,
    "n": 149
  },
  "16": {
    "mean": 7.74179104477612,
    "std": 1.9675295951749048,
    "p10": 5.0,
    "p90": 10.0,
    "n": 134
  },
  "17": {
    "mean": 5.437593984962406,
    "std": 2.0359124789100655,
    "p10": 3.0,
    "p90": 8.0,
    "n": 133
  },
  "18": {
    "mean": 3.583823529411765,
    "std": 2.019909077096927,
    "p10": 1.0,
    "p90": 6.0,
    "n": 136
  },
  "19": {
    "mean": 3.125,
    "std": 3.5653244538945486,
    "p10": 0.3000000000000007,
    "p90": 7.0,
    "n": 144
  },
  "20": {
    "mean": 3.025165562913907,
    "std": 4.84464265683303,
    "p10": 0.0,
    "p90": 13.0,
    "n": 151
  },
  "21": {
    "mean": 2.3758389261744965,
    "std": 4.716956918233881,
    "p10": 0.0,
    "p90": 7.400000000000034,
    "n": 149
  },
  "22": {
    "mean": 3.5686274509803924,
    "std": 5.5100443042950324,
    "p10": 0.0,
    "p90": 15.400000000000034,
    "n": 153
  },
  "23": {
    "mean": 5.4125874125874125,
    "std": 6.080827259473729,
    "p10": 1.0,
    "p90": 18.0,
    "n": 143
  }
}