{
  "0": {
    "mean": 7.2377358490566035,
    "std": 4.554267427720993,
    "p10": 0.0,
    "p90": 13.0,
    "n": 159
  },
  "1": {
    "mean": 9.035802469135803,
    "std": 4.647040296095381,
    "p10": 3.0,
    "p90": 15.0,
    "n": 162
  },
  "2": {
    "mean": 10.836686390532545,
    "std": 4.713893184474496,
    "p10": 5.0,
    "p90": 17.200000000000017,
    "n": 169
  },
  "3": {
    "mean": 12.551136363636363,
    "std": 4.8640134942994635,
    "p10": 6.299999999999997,
    "p90": 19.0,
    "n": 176
  },
  "4": {
    "mean": 13.729943502824858,
    "std": 5.007500793942563,
    "p10": 7.0,
    "p90": 20.0,
    "n": 177
  },
  "5": {
    "mean": 14.844198895027626,
    "std": 5.343930310195015,
    "p10": 8.0,
    "p90": 21.0,
    "n": 181
  },
  "6": {
    "mean": 15.948648648648648,
    "std": 5.96526274165424,
    "p10": 9.0,
    "p90": 23.599999999999994,
    "n": 185
  },
  "7": {
    "mean": 16.387978142076502,
    "std": 6.14055763652062,
    "p10": 9.0,
    "p90": 24.0,
    "n": 183
  },
  "8": {
    "mean": 16.885714285714286,
    "std": 6.425924211595166,
    "p10": 9.0,
    "p90": 25.0,
    "n": 182
  },
  "9": {
    "mean": 17.01798941798942,
    "std": 6.762780979327625,
    "p10": 9.0,
    "p90": 26.0,
    "n": 189
  },
  "10": {
    "mean": 16.975879396984922,
    "std": 6.856584323950378,
    "p10": 9.0,
    "p90": 26.0,
    "n": 199
  },
  "11": {
    "mean": 17.380710659898476,
    "std": 6.929192424492994,
    "p10": 10.0,
    "p90": 27.0,
    "n": 197
  },
  "12": {
    "mean": 16.809708737864078,
    "std": 6.700120342029642,
    "p10": 10.0,
    "p90": 27.0,
    "n": 206
  },
  "13": {
    "mean": 15.340594059405941,
    "std": 5.013418377159655,
    "p10": 9.100000000000001,
    "p90": 22.0,
    "n": 202
  },
  "14": {
    "mean": 12.713846153846154,
    "std": 4.499388627074403,
    "p10": 7.0,
    "p90": 18.0,
    "n": 195
  },
  "15": {
    "mean": 10.554545454545455,
    "std": 4.117827349052361,
    "p10": 6.0,
    "p90": 16.0,
    "n": 198
  },
  "16": {
    "mean": 9.051851851851852,
    "std": 4.017204921607896,
    "p10": 4.0,
    "p90": 14.0,
    "n": 189
  },
  "17": {
    "mean": 6.706878306878306,
    "std": 3.692460013037103,
    "p10": 2.0,
    "p90": 12.0,
    "n": 189
  },
  "18": {
    "mean": 4.951648351648352,
    "std": 3.892743288042441,
    "p10": 1.0,
    "p90": 9.0,
    "n": 182
  },
  "19": {
    "mean": 3.7111111111111112,
    "std": 4.675397994313291,
    "p10": 0.0,
    "p90": 8.0,
    "n": 171
  },
  "20": {
    "mean": 2.5134146341463413,
    "std": 4.193546376699182,
    "p10": 0.0,
    "p90": 7.0,
    "n": 164
  },
  "21": {
    "mean": 2.1233766233766236,
    "std": 4.556583862692595,
    "p10": 0.0,
    "p90": 6.0,
    "n": 154
  },
  "22": {
    "mean": 2.390728476821192,
    "std": 3.9044820568739116,
    "p10": 0.0,
    "p90": 5.599999999999994,
    "n": 151
  },
  "23": {
    "mean": 4.708235294117647,
    "std": 5.273495450252677,
    "p10": 1.0,
    "p90": 10.0,
    "n": 170
  }
}