{
  "0": {
    "mean": 8.277922077922078,
    "std": 5.5948300920219545,
    "p10": 0.0,
    "p90": 15.0,
    "n": 154
  },
  "1": {
    "mean": 9.393630573248407,
    "std": 5.575147250310885,
    "p10": 2.0,
    "p90": 17.0,
    "n": 157
  },
  "2": {
    "mean": 10.705660377358491,
    "std": 5.908364005856323,
    "p10": 3.0,
    "p90": 19.0,
    "n": 159
  },
  "3": {
    "mean": 11.616279069767442,
    "std": 5.876683244548097,
    "p10": 3.8199999999999976,
    "p90": 19.900000000000006,
    "n": 172
  },
  "4": {
    "mean": 12.576190476190478,
    "std": 6.09614817129438,
    "p10": 5.0,
    "p90": 21.0,
    "n": 168
  },
  "5": {
    "mean": 13.251807228915665,
    "std": 6.59490825530935,
    "p10": 5.0,
    "p90": 23.0,
    "n": 166
  },
  "6": {
    "mean": 14.157831325301204,
    "std": 6.849580752167778,
    "p10": 5.5,
    "p90": 23.5,
    "n": 166
  },
  "7": {
    "mean": 14.738728323699423,
    "std": 7.102059364061009,
    "p10": 5.199999999999999,
    "p90": 24.80000000000001,
    "n": 173
  },
  "8": {
    "mean": 15.675,
    "std": 7.54158729460554,
    "p10": 5.0,
    "p90": 26.0,
    "n": 168
  },
  "9": {
    "mean": 15.980346820809247,
    "std": 7.403508431029061,
    "p10": 7.0,
    "p90": 26.0,
    "n": 173
  },
  "10": {
    "mean": 16.579640718562874,
    "std": 7.9302876694822135,
    "p10": 6.0,
    "p90": 27.0,
    "n": 167
  },
  "11": {
    "mean": 16.36969696969697,
    "std": 8.42842478876141,
    "p10": 5.0,
    "p90": 27.599999999999994,
    "n": 165
  },
  "12": {
    "mean": 16.98857142857143,
    "std": 8.19213848789961,
    "p10": 6.0,
    "p90": 28.0,
    "n": 175
  },
  "13": {
    "mean": 15.497674418604651,
    "std": 6.884833348205178,
    "p10": 6.100000000000001,
    "p90": 25.0,
    "n": 172
  },
  "14": {
    "mean": 13.027428571428572,
    "std": 4.7606313831093585,
    "p10": 7.0,
    "p90": 18.0,
    "n": 175
  },
  "15": {
    "mean": 10.171739130434782,
    "std": 3.8429930869052353,
    "p10": 5.0,
    "p90": 14.0,
    "n": 184
  },
  "16": {
    "mean": 7.779057591623038,
    "std": 3.1606097266246227,
    "p10": 3.0,
    "p90": 11.599999999999994,
    "n": 191
  },
  "17": {
    "mean": 5.731428571428571,
    "std": 3.0769976623522983,
    "p10": 2.560000000000003,
    "p90": 10.0,
    "n": 175
  },
  "18": {
    "mean": 3.8802395209580838,
    "std": 3.1371124686691263,
    "p10": 1.0,
    "p90": 7.0,
    "n": 167
  },
  "19": {
    "mean": 2.843312101910828,
    "std": 3.520803992631809,
    "p10": 0.0,
    "p90": 8.0,
    "n": 157
  },
  "20": {
    "mean": 1.7655629139072848,
    "std": 3.656356043159466,
    "p10": 0.0,
    "p90": 6.200000000000003,
    "n": 151
  },
  "21": {
    "mean": 1.7376623376623375,
    "std": 3.710681947121032,
    "p10": 0.0,
    "p90": 6.0,
    "n": 154
  },
  "22": {
    "mean": 2.9178807947019867,
    "std": 3.951524365654604,
    "p10": 0.0,
    "p90": 7.799999999999997,
    "n": 151
  },
  "23": {
    "mean": 5.9884615384615385,
    "std": 4.566313704036601,
    "p10": 2.0,
    "p90": 10.0,
    "n": 156
  }
}