{
  "0": {
    "mean": 6.030769230769231,
    "std": 3.7706711132114314,
    "p10": 1.9000000000000004,
    "p90": 11.0,
    "n": 130
  },
  "1": {
    "mean": 8.976119402985073,
    "std": 3.577208116736816,
    "p10": 5.0,
    "p90": 13.820000000000004,
    "n": 134
  },
  "2": {
    "mean": 10.948387096774193,
    "std": 3.1676074906451874,
    "p10": 7.440000000000002,
    "p90": 15.0,
    "n": 124
  },
  "3": {
    "mean": 12.598518518518517,
    "std": 3.0939996137247854,
    "p10": 9.0,
    "p90": 17.0,
    "n": 135
  },
  "4": {
    "mean": 14.188157894736841,
    "std": 3.4542407799156996,
    "p10": 10.0,
    "p90": 18.0,
    "n": 152
  },
  "5": {
    "mean": 15.582165605095541,
    "std": 3.684644212457851,
    "p10": 11.0,
    "p90": 20.400000000000006,
    "n": 157
  },
  "6": {
    "mean": 16.60759493670886,
    "std": 3.587940599523169,
    "p10": 12.0,
    "p90": 21.0,
    "n": 158
  },
  "7": {
    "mean": 16.94601226993865,
    "std": 3.9739311848064136,
    "p10": 12.0,
    "p90": 22.0,
    "n": 163
  },
  "8": {
    "mean": 17.70886075949367,
    "std": 3.7771417722597764,
    "p10": 13.0,
    "p90": 23.0,
    "n": 158
  },
  "9": {
    "mean": 18.216969696969695,
    "std": 3.985547430685883,
    "p10": 13.0,
    "p90": 23.759999999999994,
    "n": 165
  },
  "10": {
    "mean": 18.584615384615383,
    "std": 4.079507439922246,
    "p10": 13.0,
    "p90": 24.0,
    "n": 169
  },
  "11": {
    "mean": 18.681967213114756,
    "std": 4.229728962690189,
    "p10": 13.0,
    "p90": 24.160000000000004,
    "n": 183
  },
  "12": {
    "mean": 17.74251497005988,
    "std": 3.8967457412259416,
    "p10": 13.0,
    "p90": 23.0,
    "n": 167
  },
  "13": {
    "mean": 15.709195402298848,
    "std": 3.9681719902564963,
    "p10": 11.0,
    "p90": 21.0,
    "n": 174
  },
  "14": {
    "mean": 12.88888888888889,
    "std": 3.8715925351423475,
    "p10": 8.400000000000006,
    "p90": 18.0,
    "n": 171
  },
  "15": {
    "mean": 10.447337278106508,
    "std": 3.4450285970331054,
    "p10": 6.519999999999996,
    "p90": 15.0,
    "n": 169
  },
  "16": {
    "mean": 8.217610062893081,
    "std": 3.515922814765958,
    "p10": 4.0,
    "p90": 13.0,
    "n": 159
  },
  "17": {
    "mean": 6.016417910447761,
    "std": 2.9668898180516843,
    "p10": 3.0,
    "p90": 9.0,
    "n": 134
  },
  "18": {
    "mean": 4.039705882352941,
    "std": 2.8386559002917986,
    "p10": 1.0,
    "p90": 7.0,
    "n": 136
  },
  "19": {
    "mean": 3.0900000000000003,
    "std": 2.857007036853967,
    "p10": 0.0,
    "p90": 7.0200000000000005,
    "n": 140
  },
  "20": {
    "mean": 2.613138686131387,
    "std": 4.102452951987603,
    "p10": 0.0,
    "p90": 7.519999999999998,
    "n": 137
  },
  "21": {
    "mean": 3.0859154929577466,
    "std": 4.785225363558327,
    "p10": 0.0,
    "p90": 11.0,
    "n": 142
  },
  "22": {
    "mean": 2.5352941176470587,
    "std": 4.221629129310937,
    "p10": 0.0,
    "p90": 7.5,
    "n": 136
  },
  "23": {
    "mean": 3.8212121212121213,
    "std": 4.337604613922549,
    "p10": 1.0,
    "p90": 8.900000000000006,
    "n": 132
  }
}