{
  "0": {
    "mean": 7.172670807453416,
    "std": 4.568451427694619,
    "p10": 0.0,
    "p90": 13.0,
    "n": 161
  },
  "1": {
    "mean": 9.023312883435583,
    "std": 4.635418802608211,
    "p10": 3.0,
    "p90": 15.0,
    "n": 163
  },
  "2": {
    "mean": 10.82,
    "std": 4.704958985289291,
    "p10": 5.0,
    "p90": 17.099999999999994,
    "n": 170
  },
  "3": {
    "mean": 12.474860335195531,
    "std": 4.858305104830293,
    "p10": 6.479999999999996,
    "p90": 19.0,
    "n": 179
  },
  "4": {
    "mean": 13.703370786516853,
    "std": 5.005904975007293,
    "p10": 7.0,
    "p90": 20.0,
    "n": 178
  },
  "5": {
    "mean": 14.817582417582418,
    "std": 5.341231124385934,
    "p10": 8.0,
    "p90": 21.0,
    "n": 182
  },
  "6": {
    "mean": 15.92741935483871,
    "std": 5.956159728354958,
    "p10": 9.0,
    "p90": 23.5,
    "n": 186
  },
  "7": {
    "mean": 16.35135135135135,
    "std": 6.117189857351276,
    "p10": 9.0,
    "p90": 24.0,
    "n": 185
  },
  "8": {
    "mean": 16.869945355191255,
    "std": 6.411795748639544,
    "p10": 9.0,
    "p90": 25.0,
    "n": 183
  },
  "9": {
    "mean": 17.007368421052632,
    "std": 6.746454951588455,
    "p10": 9.0,
    "p90": 26.0,
    "n": 190
  },
  "10": {
    "mean": 16.965999999999998,
    "std": 6.840761954680416,
    "p10": 9.0,
    "p90": 26.0,
    "n": 200
  },
  "11": {
    "mean": 17.36868686868687,
    "std": 6.913653767669999,
    "p10": 10.0,
    "p90": 27.0,
    "n": 198
  },
  "12": {
    "mean": 16.796135265700485,
    "std": 6.6866904856974845,
    "p10": 10.0,
    "p90": 27.0,
    "n": 207
  },
  "13": {
    "mean": 15.312745098039217,
    "std": 4.996790527931417,
    "p10": 9.3,
    "p90": 22.0,
    "n": 204
  },
  "14": {
    "mean": 12.705102040816326,
    "std": 4.489506224896056,
    "p10": 7.0,
    "p90": 18.0,
    "n": 196
  },
  "15": {
    "mean": 10.546733668341709,
    "std": 4.108893641110918,
    "p10": 6.0,
    "p90": 16.0,
    "n": 199
  },
  "16": {
    "mean": 9.051578947368421,
    "std": 4.006565066400456,
    "p10": 4.0,
    "p90": 14.0,
    "n": 190
  },
  "17": {
    "mean": 6.708421052631579,
    "std": 3.6827400415059235,
    "p10": 2.0,
    "p90": 12.0,
    "n": 190
  },
  "18": {
    "mean": 4.951912568306011,
    "std": 3.8820358532527837,
    "p10": 1.0,
    "p90": 9.0,
    "n": 183
  },
  "19": {
    "mean": 3.724418604651163,
    "std": 4.664973027168887,
    "p10": 0.0,
    "p90": 7.900000000000006,
    "n": 172
  },
  "20": {
    "mean": 2.5224242424242425,
    "std": 4.182343133605088,
    "p10": 0.0,
    "p90": 7.0,
    "n": 165
  },
  "21": {
    "mean": 2.128205128205128,
    "std": 4.527646898232047,
    "p10": 0.0,
    "p90": 6.0,
    "n": 156
  },
  "22": {
    "mean": 2.3815789473684212,
    "std": 3.8931663861543746,
    "p10": 0.0,
    "p90": 5.539999999999998,
    "n": 152
  },
  "23": {
    "mean": 4.692397660818713,
    "std": 5.262039482132754,
    "p10": 1.0,
    "p90": 10.0,
    "n": 171
  }
}