{
  "0": {
    "mean": 6.56764705882353,
    "std": 4.139366248736208,
    "p10": 1.5,
    "p90": 12.0,
    "n": 136
  },
  "1": {
    "mean": 8.273134328358209,
    "std": 3.4251209117366512,
    "p10": 3.0,
    "p90": 12.0,
    "n": 134
  },
  "2": {
    "mean": 10.383870967741936,
    "std": 2.9843599658854068,
    "p10": 6.0,
    "p90": 14.0,
    "n": 124
  },
  "3": {
    "mean": 12.067213114754098,
    "std": 3.1436790212929644,
    "p10": 8.0,
    "p90": 16.0,
    "n": 122
  },
  "4": {
    "mean": 13.153968253968255,
    "std": 3.315916785292437,
    "p10": 9.0,
    "p90": 17.0,
    "n": 126
  },
  "5": {
    "mean": 14.23404255319149,
    "std": 3.5898235091363073,
    "p10": 9.0,
    "p90": 19.0,
    "n": 141
  },
  "6": {
    "mean": 14.89925925925926,
    "std": 4.077669371946419,
    "p10": 9.879999999999999,
    "p90": 20.0,
    "n": 135
  },
  "7": {
    "mean": 15.625333333333334,
    "std": 4.221536134845654,
    "p10": 10.0,
    "p90": 21.0,
    "n": 150
  },
  "8": {
    "mean": 15.800000000000002,
    "std": 4.597439928994091,
    "p10": 9.819999999999999,
    "p90": 21.0,
    "n": 142
  },
  "9": {
    "mean": 16.343243243243244,
    "std": 4.573335348795128,
    "p10": 10.0,
    "p90": 22.0,
    "n": 148
  },
  "10": {
    "mean": 16.825850340136054,
    "std": 4.66501242030052,
    "p10": 11.0,
    "p90": 22.400000000000006,
    "n": 147
  },
  "11": {
    "mean": 16.789261744966442,
    "std": 4.94487368925115,
    "p10": 10.0,
    "p90": 23.0,
    "n": 149
  },
  "12": {
    "mean": 15.708641975308643,
    "std": 4.80041917245469,
    "p10": 9.819999999999999,
    "p90": 21.920000000000005,
    "n": 162
  },
  "13": {
    "mean": 14.213513513513513,
    "std": 4.4857847833199855,
    "p10": 8.0,
    "p90": 20.0,
    "n": 148
  },
  "14": {
    "mean": 11.77142857142857,
    "std": 4.063819371857339,
    "p10": 7.0,
    "p90": 17.0,
    "n": 168
  },
  "15": {
    "mean": 9.6,
    "std": 3.3388190155054303,
    "p10": 5.0,
    "p90": 14.0,
    "n": 154
  },
  "16": {
    "mean": 7.847887323943662,
    "std": 3.8784313256132,
    "p10": 4.0,
    "p90": 12.0,
    "n": 142
  },
  "17": {
    "mean": 5.594074074074074,
    "std": 3.349309640672081,
    "p10": 2.0,
    "p90": 10.0,
    "n": 135
  },
  "18": {
    "mean": 3.8423357664233575,
    "std": 2.6834383844058234,
    "p10": 1.0,
    "p90": 6.879999999999999,
    "n": 137
  },
  "19": {
    "mean": 2.6835820895522384,
    "std": 2.7196083870522463,
    "p10": 0.0,
    "p90": 5.0,
    "n": 134
  },
  "20": {
    "mean": 2.2748091603053435,
    "std": 3.2970229814520757,
    "p10": 0.0,
    "p90": 5.0,
    "n": 131
  },
  "21": {
    "mean": 1.853846153846154,
    "std": 2.792435902706011,
    "p10": 0.0,
    "p90": 5.080000000000006,
    "n": 130
  },
  "22": {
    "mean": 2.5671641791044775,
    "std": 3.431143874662215,
    "p10": 0.0,
    "p90": 8.0,
    "n": 134
  },
  "23": {
    "mean": 4.783823529411765,
    "std": 4.771399679544859,
    "p10": 1.0,
    "p90": 12.0,
    "n": 136
  }
}