{
  "0": {
    "mean": 8.102985074626865,
    "std": 5.711549311142307,
    "p10": 0.0,
    "p90": 15.700000000000003,
    "n": 134
  },
  "1": {
    "mean": 9.30735294117647,
    "std": 5.7454088898482105,
    "p10": 2.0,
    "p90": 17.0,
    "n": 136
  },
  "2": {
    "mean": 10.5231884057971,
    "std": 6.043024450090378,
    "p10": 2.0,
    "p90": 19.0,
    "n": 138
  },
  "3": {
    "mean": 11.470588235294118,
    "std": 6.024619253670955,
    "p10": 3.0,
    "p90": 19.80000000000001,
    "n": 153
  },
  "4": {
    "mean": 12.443835616438358,
    "std": 6.1963501225929125,
    "p10": 5.0,
    "p90": 21.0,
    "n": 146
  },
  "5": {
    "mean": 12.785333333333334,
    "std": 6.618018790161837,
    "p10": 5.0,
    "p90": 23.0,
    "n": 150
  },
  "6": {
    "mean": 13.93972602739726,
    "std": 6.784297076409101,
    "p10": 6.0,
    "p90": 23.5,
    "n": 146
  },
  "7": {
    "mean": 14.44025974025974,
    "std": 6.984628495933889,
    "p10": 6.0,
    "p90": 24.700000000000017,
    "n": 154
  },
  "8": {
    "mean": 15.406849315068493,
    "std": 7.4067039301008935,
    "p10": 5.5,
    "p90": 25.5,
    "n": 146
  },
  "9": {
    "mean": 15.639189189189189,
    "std": 7.213202513071166,
    "p10": 6.700000000000001,
    "p90": 26.0,
    "n": 148
  },
  "10": {
    "mean": 16.113513513513514,
    "std": 7.664678671403688,
    "p10": 6.0,
    "p90": 27.0,
    "n": 148
  },
  "11": {
    "mean": 15.875862068965517,
    "std": 8.145212259887444,
    "p10": 5.0,
    "p90": 27.0,
    "n": 145
  },
  "12": {
    "mean": 16.67549668874172,
    "std": 7.838562511816541,
    "p10": 6.0,
    "p90": 28.0,
    "n": 151
  },
  "13": {
    "mean": 15.16078431372549,
    "std": 6.702908199294796,
    "p10": 6.200000000000001,
    "p90": 24.0,
    "n": 153
  },
  "14": {
    "mean": 12.795945945945945,
    "std": 4.738349527204195,
    "p10": 6.700000000000001,
    "p90": 18.0,
    "n": 148
  },
  "15": {
    "mean": 10.157055214723925,
    "std": 4.029259793632921,
    "p10": 5.0,
    "p90": 14.0,
    "n": 163
  },
  "16": {
    "mean": 7.762130177514794,
    "std": 3.362749046482595,
    "p10": 3.0,
    "p90": 12.0,
    "n": 169
  },
  "17": {
    "mean": 5.69281045751634,
    "std": 3.3221763747810082,
    "p10": 2.0,
    "p90": 10.0,
    "n": 153
  },
  "18": {
    "mean": 3.8237762237762234,
    "std": 3.3932401325958166,
    "p10": 1.0,
    "p90": 7.0,
    "n": 143
  },
  "19": {
    "mean": 2.7940298507462686,
    "std": 3.736585252939601,
    "p10": 0.0,
    "p90": 7.700000000000003,
    "n": 134
  },
  "20": {
    "mean": 1.9742424242424244,
    "std": 4.056426833845162,
    "p10": 0.0,
    "p90": 7.0,
    "n": 132
  },
  "21": {
    "mean": 1.9746268656716415,
    "std": 4.109583272273964,
    "p10": 0.0,
    "p90": 7.0,
    "n": 134
  },
  "22": {
    "mean": 3.22,
    "std": 4.36858765959147,
    "p10": 0.0,
    "p90": 8.100000000000009,
    "n": 130
  },
  "23": {
    "mean": 6.1474452554744525,
    "std": 4.960862713930538,
    "p10": 1.0,
    "p90": 10.400000000000006,
    "n": 137
  }
}