{
  "0": {
    "mean": 7.834117647058823,
    "std": 6.541773874864853,
    "p10": 0.0,
    "p90": 16.099999999999994,
    "n": 170
  },
  "1": {
    "mean": 9.343502824858758,
    "std": 6.546058420326044,
    "p10": 2.0,
    "p90": 18.400000000000006,
    "n": 177
  },
  "2": {
    "mean": 11.213793103448277,
    "std": 6.9677568298688035,
    "p10": 3.0,
    "p90": 20.799999999999997,
    "n": 174
  },
  "3": {
    "mean": 12.187356321839083,
    "std": 7.123750142442813,
    "p10": 3.0,
    "p90": 21.420000000000005,
    "n": 174
  },
  "4": {
    "mean": 13.61046511627907,
    "std": 7.3750413470109475,
    "p10": 4.0,
    "p90": 23.0,
    "n": 172
  },
  "5": {
    "mean": 14.26054054054054,
    "std": 7.522416480508636,
    "p10": 4.0,
    "p90": 24.0,
    "n": 185
  },
  "6": {
    "mean": 15.142934782608696,
    "std": 7.9191856729400785,
    "p10": 5.300000000000001,
    "p90": 25.0,
    "n": 184
  },
  "7": {
    "mean": 16.01081081081081,
    "std": 8.29918093731648,
    "p10": 5.400000000000002,
    "p90": 26.599999999999994,
    "n": 185
  },
  "8": {
    "mean": 15.891397849462365,
    "std": 8.879398030655356,
    "p10": 4.0,
    "p90": 28.0,
    "n": 186
  },
  "9": {
    "mean": 16.72127659574468,
    "std": 8.690776625917177,
    "p10": 6.0,
    "p90": 28.0,
    "n": 188
  },
  "10": {
    "mean": 16.94057142857143,
    "std": 9.00205019523718,
    "p10": 6.0,
    "p90": 29.599999999999994,
    "n": 175
  },
  "11": {
    "mean": 17.447486033519553,
    "std": 9.127008434876647,
    "p10": 6.800000000000001,
    "p90": 30.0,
    "n": 179
  },
  "12": {
    "mean": 17.57336956521739,
    "std": 9.324460901180714,
    "p10": 6.0,
    "p90": 30.0,
    "n": 184
  },
  "13": {
    "mean": 17.323560209424084,
    "std": 9.260841151706753,
    "p10": 6.0,
    "p90": 30.0,
    "n": 191
  },
  "14": {
    "mean": 14.835353535353535,
    "std": 7.395935406307761,
    "p10": 5.5600000000000005,
    "p90": 25.0,
    "n": 198
  },
  "15": {
    "mean": 11.354314720812184,
    "std": 5.738959601583612,
    "p10": 5.0,
    "p90": 17.0,
    "n": 197
  },
  "16": {
    "mean": 9.336842105263157,
    "std": 5.918405559478982,
    "p10": 3.900000000000002,
    "p90": 16.0,
    "n": 190
  },
  "17": {
    "mean": 7.2105263157894735,
    "std": 5.613051187800622,
    "p10": 2.9600000000000004,
    "p90": 12.0,
    "n": 190
  },
  "18": {
    "mean": 5.3730994152046785,
    "std": 6.1966196939327265,
    "p10": 1.0,
    "p90": 10.0,
    "n": 171
  },
  "19": {
    "mean": 3.9683615819209037,
    "std": 5.9640889463039315,
    "p10": 1.0,
    "p90": 9.0,
    "n": 177
  },
  "20": {
    "mean": 3.363953488372093,
    "std": 6.744066706410466,
    "p10": 0.0,
    "p90": 7.0,
    "n": 172
  },
  "21": {
    "mean": 2.3767955801104974,
    "std": 5.912859122960763,
    "p10": 0.0,
    "p90": 7.0,
    "n": 181
  },
  "22": {
    "mean": 4.0125714285714285,
    "std": 8.209866625982444,
    "p10": 0.0,
    "p90": 10.799999999999983,
    "n": 175
  },
  "23": {
    "mean": 5.865517241379311,
    "std": 7.260445177933781,
    "p10": 1.0,
    "p90": 10.700000000000017,
    "n": 174
  }
}