{
  "0": {
    "mean": 8.370186335403726,
    "std": 5.885616415471033,
    "p10": 0.0,
    "p90": 16.0,
    "n": 161
  },
  "1": {
    "mean": 9.514880952380953,
    "std": 6.162370255946289,
    "p10": 1.0,
    "p90": 18.0,
    "n": 168
  },
  "2": {
    "mean": 10.581286549707603,
    "std": 6.443208972590062,
    "p10": 2.0,
    "p90": 19.0,
    "n": 171
  },
  "3": {
    "mean": 11.898843930635838,
    "std": 7.021511700674587,
    "p10": 3.0,
    "p90": 22.0,
    "n": 173
  },
  "4": {
    "mean": 12.622872340425534,
    "std": 7.056635535049617,
    "p10": 4.420000000000001,
    "p90": 23.0,
    "n": 188
  },
  "5": {
    "mean": 13.473595505617979,
    "std": 7.362374148397828,
    "p10": 4.0,
    "p90": 24.30000000000001,
    "n": 178
  },
  "6": {
    "mean": 14.022335025380709,
    "std": 7.582707813515205,
    "p10": 5.0,
    "p90": 26.0,
    "n": 197
  },
  "7": {
    "mean": 14.952849740932644,
    "std": 7.839025281086478,
    "p10": 6.0,
    "p90": 27.80000000000001,
    "n": 193
  },
  "8": {
    "mean": 15.203030303030301,
    "std": 7.886433181996942,
    "p10": 6.0,
    "p90": 27.0,
    "n": 198
  },
  "9": {
    "mean": 15.026960784313726,
    "std": 8.175959507628184,
    "p10": 6.0,
    "p90": 27.700000000000017,
    "n": 204
  },
  "10": {
    "mean": 15.146039603960396,
    "std": 8.266380340797433,
    "p10": 6.0,
    "p90": 28.0,
    "n": 202
  },
  "11": {
    "mean": 15.565196078431374,
    "std": 8.303255605841912,
    "p10": 6.0,
    "p90": 29.0,
    "n": 204
  },
  "12": {
    "mean": 15.472511848341231,
    "std": 8.089093353375324,
    "p10": 6.0,
    "p90": 29.0,
    "n": 211
  },
  "13": {
    "mean": 15.119138755980861,
    "std": 7.879526612640381,
    "p10": 6.800000000000001,
    "p90": 27.0,
    "n": 209
  },
  "14": {
    "mean": 12.94904761904762,
    "std": 6.037024842179301,
    "p10": 6.0,
    "p90": 22.0,
    "n": 210
  },
  "15": {
    "mean": 10.618264840182647,
    "std": 4.250551470232722,
    "p10": 5.800000000000001,
    "p90": 16.0,
    "n": 219
  },
  "16": {
    "mean": 8.238073394495414,
    "std": 3.5558571081231984,
    "p10": 4.0,
    "p90": 12.300000000000011,
    "n": 218
  },
  "17": {
    "mean": 6.0676616915422885,
    "std": 3.587004182458549,
    "p10": 3.0,
    "p90": 10.0,
    "n": 201
  },
  "18": {
    "mean": 4.8843902439024385,
    "std": 4.584752034681067,
    "p10": 1.0,
    "p90": 8.679999999999996,
    "n": 205
  },
  "19": {
    "mean": 3.0492063492063495,
    "std": 3.73379646859542,
    "p10": 0.0,
    "p90": 6.1600000000000135,
    "n": 189
  },
  "20": {
    "mean": 1.9179190751445088,
    "std": 3.8320515263224024,
    "p10": 0.0,
    "p90": 4.0,
    "n": 173
  },
  "21": {
    "mean": 1.851336898395722,
    "std": 4.194047988003261,
    "p10": 0.0,
    "p90": 5.0,
    "n": 187
  },
  "22": {
    "mean": 3.09390243902439,
    "std": 5.308237551629907,
    "p10": 0.0,
    "p90": 6.700000000000017,
    "n": 164
  },
  "23": {
    "mean": 5.872891566265061,
    "std": 5.434060935878207,
    "p10": 1.6999999999999993,
    "p90": 10.0,
    "n": 166
  }
}