{
  "0": {
    "mean": 6.532450331125829,
    "std": 4.4771948013441625,
    "p10": 2.0,
    "p90": 13.0,
    "n": 151
  },
  "1": {
    "mean": 9.427586206896551,
    "std": 3.9380353738081104,
    "p10": 6.0,
    "p90": 16.0,
    "n": 145
  },
  "2": {
    "mean": 11.233566433566434,
    "std": 3.465320017657945,
    "p10": 7.0,
    "p90": 16.0,
    "n": 143
  },
  "3": {
    "mean": 12.928275862068965,
    "std": 3.098178305433781,
    "p10": 9.0,
    "p90": 17.0,
    "n": 145
  },
  "4": {
    "mean": 14.511111111111111,
    "std": 3.064233351023717,
    "p10": 11.0,
    "p90": 18.0,
    "n": 144
  },
  "5": {
    "mean": 15.585714285714285,
    "std": 3.086255709799377,
    "p10": 11.9,
    "p90": 19.0,
    "n": 140
  },
  "6": {
    "mean": 16.565333333333335,
    "std": 3.1521375865677603,
    "p10": 13.0,
    "p90": 20.099999999999994,
    "n": 150
  },
  "7": {
    "mean": 17.512162162162163,
    "std": 3.262420648924866,
    "p10": 14.0,
    "p90": 21.0,
    "n": 148
  },
  "8": {
    "mean": 17.953142857142858,
    "std": 3.270537032273835,
    "p10": 14.400000000000002,
    "p90": 22.0,
    "n": 175
  },
  "9": {
    "mean": 18.569426751592356,
    "std": 3.5582454337377647,
    "p10": 15.0,
    "p90": 23.0,
    "n": 157
  },
  "10": {
    "mean": 19.145454545454545,
    "std": 3.357072159062565,
    "p10": 15.400000000000002,
    "p90": 23.0,
    "n": 165
  },
  "11": {
    "mean": 19.45,
    "std": 3.48091460209323,
    "p10": 15.7,
    "p90": 24.0,
    "n": 168
  },
  "12": {
    "mean": 18.731818181818184,
    "std": 3.2309059482989024,
    "p10": 15.0,
    "p90": 23.0,
    "n": 176
  },
  "13": {
    "mean": 16.408988764044945,
    "std": 3.0579207310872456,
    "p10": 13.0,
    "p90": 20.0,
    "n": 178
  },
  "14": {
    "mean": 13.852023121387283,
    "std": 2.6766559663604506,
    "p10": 10.679999999999994,
    "p90": 17.0,
    "n": 173
  },
  "15": {
    "mean": 10.84320987654321,
    "std": 2.6647661159232445,
    "p10": 8.0,
    "p90": 14.0,
    "n": 162
  },
  "16": {
    "mean": 8.037241379310345,
    "std": 2.3148057522172536,
    "p10": 5.0,
    "p90": 10.839999999999996,
    "n": 145
  },
  "17": {
    "mean": 5.649295774647888,
    "std": 2.197249940714036,
    "p10": 3.0,
    "p90": 8.0,
    "n": 142
  },
  "18": {
    "mean": 3.737062937062938,
    "std": 2.061507663852769,
    "p10": 1.0,
    "p90": 6.0,
    "n": 143
  },
  "19": {
    "mean": 3.151315789473684,
    "std": 3.4579017264734007,
    "p10": 1.0,
    "p90": 7.0,
    "n": 152
  },
  "20": {
    "mean": 3.018633540372671,
    "std": 4.715442781024706,
    "p10": 0.0,
    "p90": 12.0,
    "n": 161
  },
  "21": {
    "mean": 2.46875,
    "std": 4.751592748521146,
    "p10": 0.0,
    "p90": 9.099999999999994,
    "n": 160
  },
  "22": {
    "mean": 3.5185185185185186,
    "std": 5.474800795856717,
    "p10": 0.0,
    "p90": 12.900000000000006,
    "n": 162
  },
  "23": {
    "mean": 5.264900662251655,
    "std": 6.0428492029891165,
    "p10": 1.0,
    "p90": 18.0,
    "n": 151
  }
}