{
  "0": {
    "mean": 7.773109243697479,
    "std": 6.5020426709415196,
    "p10": 0.0,
    "p90": 16.200000000000003,
    "n": 119
  },
  "1": {
    "mean": 9.32741935483871,
    "std": 6.412656929532602,
    "p10": 2.0,
    "p90": 18.0,
    "n": 124
  },
  "2": {
    "mean": 11.206666666666669,
    "std": 6.60073504098085,
    "p10": 3.0,
    "p90": 20.0,
    "n": 120
  },
  "3": {
    "mean": 12.043333333333331,
    "std": 6.920542230338946,
    "p10": 3.0,
    "p90": 20.10000000000001,
    "n": 120
  },
  "4": {
    "mean": 13.481599999999998,
    "std": 7.163847227347479,
    "p10": 4.0,
    "p90": 22.60000000000001,
    "n": 125
  },
  "5": {
    "mean": 14.409523809523808,
    "std": 7.388980211871499,
    "p10": 4.0,
    "p90": 24.0,
    "n": 126
  },
  "6": {
    "mean": 14.984962406015038,
    "std": 7.5888524329160605,
    "p10": 5.0,
    "p90": 25.0,
    "n": 133
  },
  "7": {
    "mean": 15.818045112781956,
    "std": 8.12815751780888,
    "p10": 5.0,
    "p90": 26.0,
    "n": 133
  },
  "8": {
    "mean": 15.612213740458014,
    "std": 8.766852104996795,
    "p10": 4.0,
    "p90": 27.0,
    "n": 131
  },
  "9": {
    "mean": 16.525925925925925,
    "std": 8.423164248940022,
    "p10": 5.4,
    "p90": 27.60000000000001,
    "n": 135
  },
  "10": {
    "mean": 16.591735537190083,
    "std": 8.809479617405136,
    "p10": 6.0,
    "p90": 28.0,
    "n": 121
  },
  "11": {
    "mean": 17.240322580645163,
    "std": 8.917434456920319,
    "p10": 6.0,
    "p90": 29.94,
    "n": 124
  },
  "12": {
    "mean": 17.28527131782946,
    "std": 9.13751796146656,
    "p10": 5.0,
    "p90": 29.200000000000003,
    "n": 129
  },
  "13": {
    "mean": 17.003007518796995,
    "std": 9.036357034893225,
    "p10": 5.0,
    "p90": 29.0,
    "n": 133
  },
  "14": {
    "mean": 14.807142857142857,
    "std": 7.181527490843933,
    "p10": 5.0,
    "p90": 25.0,
    "n": 140
  },
  "15": {
    "mean": 11.497777777777776,
    "std": 5.500386237003626,
    "p10": 4.4,
    "p90": 17.0,
    "n": 135
  },
  "16": {
    "mean": 9.410526315789474,
    "std": 5.621135213151299,
    "p10": 4.0,
    "p90": 15.799999999999997,
    "n": 133
  },
  "17": {
    "mean": 7.530081300813008,
    "std": 5.871128790277429,
    "p10": 3.0,
    "p90": 12.0,
    "n": 123
  },
  "18": {
    "mean": 5.533333333333333,
    "std": 6.438400204932864,
    "p10": 1.0,
    "p90": 10.0,
    "n": 120
  },
  "19": {
    "mean": 4.075,
    "std": 6.119801345136703,
    "p10": 1.0,
    "p90": 9.0,
    "n": 128
  },
  "20": {
    "mean": 3.2508474576271182,
    "std": 6.695434670693413,
    "p10": 0.0,
    "p90": 7.299999999999997,
    "n": 118
  },
  "21": {
    "mean": 2.2625,
    "std": 5.926412254030624,
    "p10": 0.0,
    "p90": 6.299999999999997,
    "n": 128
  },
  "22": {
    "mean": 4.286885245901639,
    "std": 8.93025270407414,
    "p10": 0.0,
    "p90": 11.700000000000017,
    "n": 122
  },
  "23": {
    "mean": 5.0547008547008545,
    "std": 6.0122647022062985,
    "p10": 1.0,
    "p90": 8.400000000000006,
    "n": 117
  }
}