{
  "0": {
    "mean": 7.301960784313724,
    "std": 3.836879052937825,
    "p10": 1.0,
    "p90": 12.0,
    "n": 153
  },
  "1": {
    "mean": 9.265789473684212,
    "std": 3.801343527969663,
    "p10": 4.100000000000001,
    "p90": 13.720000000000002,
    "n": 152
  },
  "2": {
    "mean": 10.835897435897436,
    "std": 4.194711704776254,
    "p10": 5.0,
    "p90": 15.0,
    "n": 156
  },
  "3": {
    "mean": 12.466257668711657,
    "std": 4.492795616508224,
    "p10": 7.0,
    "p90": 17.0,
    "n": 163
  },
  "4": {
    "mean": 13.603614457831323,
    "std": 4.634284509729961,
    "p10": 8.0,
    "p90": 19.0,
    "n": 166
  },
  "5": {
    "mean": 15.00731707317073,
    "std": 4.6690149639087295,
    "p10": 8.179999999999998,
    "p90": 21.0,
    "n": 164
  },
  "6": {
    "mean": 16.423750000000002,
    "std": 5.1308107111312475,
    "p10": 9.0,
    "p90": 23.0,
    "n": 160
  },
  "7": {
    "mean": 16.947976878612717,
    "std": 5.618683425974703,
    "p10": 9.0,
    "p90": 24.0,
    "n": 173
  },
  "8": {
    "mean": 17.88888888888889,
    "std": 5.910234836027539,
    "p10": 12.0,
    "p90": 26.0,
    "n": 171
  },
  "9": {
    "mean": 18.17028571428571,
    "std": 6.47577514364123,
    "p10": 9.0,
    "p90": 27.0,
    "n": 175
  },
  "10": {
    "mean": 18.703867403314916,
    "std": 6.167786967074117,
    "p10": 10.799999999999997,
    "p90": 27.0,
    "n": 181
  },
  "11": {
    "mean": 19.12748538011696,
    "std": 6.142532922037489,
    "p10": 12.0,
    "p90": 27.0,
    "n": 171
  },
  "12": {
    "mean": 19.024338624338625,
    "std": 6.248884173725619,
    "p10": 11.0,
    "p90": 27.200000000000017,
    "n": 189
  },
  "13": {
    "mean": 16.368041237113403,
    "std": 4.628276380831,
    "p10": 10.159999999999998,
    "p90": 22.0,
    "n": 194
  },
  "14": {
    "mean": 13.088770053475939,
    "std": 3.5819788015861262,
    "p10": 8.0,
    "p90": 17.400000000000006,
    "n": 187
  },
  "15": {
    "mean": 10.301063829787234,
    "std": 3.3779718840422444,
    "p10": 6.0,
    "p90": 14.0,
    "n": 188
  },
  "16": {
    "mean": 7.413953488372093,
    "std": 2.9387972553011434,
    "p10": 4.0,
    "p90": 10.0,
    "n": 172
  },
  "17": {
    "mean": 4.969230769230769,
    "std": 2.7376562795138972,
    "p10": 2.0,
    "p90": 8.0,
    "n": 169
  },
  "18": {
    "mean": 3.4292682926829268,
    "std": 2.8647417813111375,
    "p10": 1.0,
    "p90": 6.0,
    "n": 164
  },
  "19": {
    "mean": 2.0217948717948717,
    "std": 2.7087026979788797,
    "p10": 0.0,
    "p90": 4.0,
    "n": 156
  },
  "20": {
    "mean": 1.1328859060402685,
    "std": 2.362844224973198,
    "p10": 0.0,
    "p90": 2.0,
    "n": 149
  },
  "21": {
    "mean": 1.8346153846153845,
    "std": 3.470588940374835,
    "p10": 0.0,
    "p90": 4.5,
    "n": 156
  },
  "22": {
    "mean": 2.6751677852348994,
    "std": 3.7592751249278296,
    "p10": 0.0,
    "p90": 5.0,
    "n": 149
  },
  "23": {
    "mean": 5.105405405405405,
    "std": 3.23757244625236,
    "p10": 3.0,
    "p90": 8.0,
    "n": 148
  }
}