{
  "0": {
    "mean": 7.127272727272727,
    "std": 3.650082545023867,
    "p10": 3.0,
    "p90": 12.0,
    "n": 110
  },
  "1": {
    "mean": 9.321100917431192,
    "std": 3.594957203538997,
    "p10": 5.0,
    "p90": 14.0,
    "n": 109
  },
  "2": {
    "mean": 11.009345794392523,
    "std": 3.527507343513754,
    "p10": 7.600000000000001,
    "p90": 15.400000000000006,
    "n": 107
  },
  "3": {
    "mean": 13.277477477477477,
    "std": 3.9034875940901093,
    "p10": 9.0,
    "p90": 18.0,
    "n": 111
  },
  "4": {
    "mean": 14.699082568807338,
    "std": 3.3218272362607464,
    "p10": 11.0,
    "p90": 19.0,
    "n": 109
  },
  "5": {
    "mean": 15.945945945945946,
    "std": 3.4107792706968336,
    "p10": 13.0,
    "p90": 20.0,
    "n": 111
  },
  "6": {
    "mean": 17.224137931034484,
    "std": 3.5991453258324766,
    "p10": 14.0,
    "p90": 21.0,
    "n": 116
  },
  "7": {
    "mean": 17.966666666666665,
    "std": 3.6412513624568454,
    "p10": 14.0,
    "p90": 21.46000000000001,
    "n": 120
  },
  "8": {
    "mean": 18.7152,
    "std": 3.8462603538602806,
    "p10": 15.0,
    "p90": 23.0,
    "n": 125
  },
  "9": {
    "mean": 19.536585365853657,
    "std": 4.137261078093656,
    "p10": 15.0,
    "p90": 24.0,
    "n": 123
  },
  "10": {
    "mean": 20.31694915254237,
    "std": 4.448706814589916,
    "p10": 15.0,
    "p90": 25.0,
    "n": 118
  },
  "11": {
    "mean": 20.512396694214875,
    "std": 4.7915128134361,
    "p10": 15.0,
    "p90": 26.0,
    "n": 121
  },
  "12": {
    "mean": 20.387692307692305,
    "std": 4.335163871881243,
    "p10": 15.940000000000001,
    "p90": 25.0,
    "n": 130
  },
  "13": {
    "mean": 17.31908396946565,
    "std": 3.2146566871085636,
    "p10": 14.0,
    "p90": 21.0,
    "n": 131
  },
  "14": {
    "mean": 13.80327868852459,
    "std": 2.430247901725168,
    "p10": 11.0,
    "p90": 17.0,
    "n": 122
  },
  "15": {
    "mean": 10.648818897637796,
    "std": 2.2823987013712106,
    "p10": 8.439999999999998,
    "p90": 13.400000000000006,
    "n": 127
  },
  "16": {
    "mean": 7.725,
    "std": 1.882616184324089,
    "p10": 5.0,
    "p90": 10.0,
    "n": 120
  },
  "17": {
    "mean": 5.370434782608696,
    "std": 1.7516395283779282,
    "p10": 4.0,
    "p90": 7.6000000000000085,
    "n": 115
  },
  "18": {
    "mean": 3.293577981651376,
    "std": 1.4030571930317417,
    "p10": 1.8000000000000007,
    "p90": 5.0,
    "n": 109
  },
  "19": {
    "mean": 1.7716981132075473,
    "std": 1.1747951973069415,
    "p10": 0.0,
    "p90": 3.0,
    "n": 106
  },
  "20": {
    "mean": 1.2936936936936936,
    "std": 2.306484112208222,
    "p10": 0.0,
    "p90": 3.0,
    "n": 111
  },
  "21": {
    "mean": 1.2110091743119267,
    "std": 2.7891104200264736,
    "p10": 0.0,
    "p90": 3.0,
    "n": 109
  },
  "22": {
    "mean": 2.3482142857142856,
    "std": 4.545485477255233,
    "p10": 0.0,
    "p90": 5.900000000000006,
    "n": 112
  },
  "23": {
    "mean": 4.389285714285714,
    "std": 4.660730274582156,
    "p10": 1.0,
    "p90": 7.0,
    "n": 112
  }
}