{
  "0": {
    "mean": 7.952866242038216,
    "std": 5.649422032039798,
    "p10": 0.0,
    "p90": 15.0,
    "n": 157
  },
  "1": {
    "mean": 10.496969696969696,
    "std": 5.640429237281809,
    "p10": 3.0,
    "p90": 18.0,
    "n": 165
  },
  "2": {
    "mean": 12.560465116279067,
    "std": 5.625615580502698,
    "p10": 6.0,
    "p90": 20.0,
    "n": 172
  },
  "3": {
    "mean": 14.415028901734106,
    "std": 5.997170323468788,
    "p10": 7.0,
    "p90": 23.0,
    "n": 173
  },
  "4": {
    "mean": 15.557714285714288,
    "std": 6.345949511716471,
    "p10": 8.0,
    "p90": 24.599999999999994,
    "n": 175
  },
  "5": {
    "mean": 17.01505376344086,
    "std": 6.513901081102714,
    "p10": 9.0,
    "p90": 26.0,
    "n": 186
  },
  "6": {
    "mean": 17.724022346368713,
    "std": 6.8266853719823,
    "p10": 10.0,
    "p90": 27.200000000000017,
    "n": 179
  },
  "7": {
    "mean": 18.260215053763442,
    "std": 7.265544599813581,
    "p10": 10.100000000000001,
    "p90": 28.5,
    "n": 186
  },
  "8": {
    "mean": 18.997894736842106,
    "std": 7.852691095998774,
    "p10": 11.0,
    "p90": 31.0,
    "n": 190
  },
  "9": {
    "mean": 19.670157068062828,
    "std": 8.06392874579786,
    "p10": 11.0,
    "p90": 32.0,
    "n": 191
  },
  "10": {
    "mean": 20.32698412698413,
    "std": 8.065770986137068,
    "p10": 11.0,
    "p90": 32.0,
    "n": 189
  },
  "11": {
    "mean": 20.875,
    "std": 8.591537183367384,
    "p10": 10.180000000000003,
    "p90": 33.099999999999994,
    "n": 180
  },
  "12": {
    "mean": 21.494148936170212,
    "std": 8.284236549474306,
    "p10": 11.0,
    "p90": 33.0,
    "n": 188
  },
  "13": {
    "mean": 19.395744680851063,
    "std": 6.667759685875095,
    "p10": 11.0,
    "p90": 28.0,
    "n": 188
  },
  "14": {
    "mean": 16.282352941176473,
    "std": 5.3883844431351475,
    "p10": 9.839999999999998,
    "p90": 23.0,
    "n": 187
  },
  "15": {
    "mean": 13.405434782608696,
    "std": 4.922056172820565,
    "p10": 7.440000000000002,
    "p90": 19.0,
    "n": 184
  },
  "16": {
    "mean": 10.763157894736842,
    "std": 4.547144057039147,
    "p10": 6.0,
    "p90": 16.0,
    "n": 190
  },
  "17": {
    "mean": 7.89945945945946,
    "std": 4.216588582188848,
    "p10": 3.0,
    "p90": 11.240000000000002,
    "n": 185
  },
  "18": {
    "mean": 5.667415730337078,
    "std": 4.0671697923712395,
    "p10": 2.0,
    "p90": 9.0,
    "n": 178
  },
  "19": {
    "mean": 3.669090909090909,
    "std": 4.019807940167229,
    "p10": 1.0,
    "p90": 7.0,
    "n": 165
  },
  "20": {
    "mean": 2.5916666666666663,
    "std": 4.549046312721977,
    "p10": 0.0,
    "p90": 5.0,
    "n": 168
  },
  "21": {
    "mean": 2.1808383233532935,
    "std": 4.50120377649786,
    "p10": 0.0,
    "p90": 6.800000000000011,
    "n": 167
  },
  "22": {
    "mean": 2.795348837209302,
    "std": 5.147006328595953,
    "p10": 0.0,
    "p90": 12.900000000000006,
    "n": 172
  },
  "23": {
    "mean": 4.361963190184049,
    "std": 5.154671961984944,
    "p10": 1.0,
    "p90": 12.800000000000011,
    "n": 163
  }
}