{
  "0": {
    "mean": 6.245,
    "std": 4.519973840854897,
    "p10": 0.0,
    "p90": 12.099999999999994,
    "n": 160
  },
  "1": {
    "mean": 8.95722543352601,
    "std": 4.868433841696659,
    "p10": 2.0,
    "p90": 16.0,
    "n": 173
  },
  "2": {
    "mean": 11.07709497206704,
    "std": 4.770518126869953,
    "p10": 4.0,
    "p90": 18.0,
    "n": 179
  },
  "3": {
    "mean": 12.897979797979799,
    "std": 5.1067682728397985,
    "p10": 5.0,
    "p90": 19.0,
    "n": 198
  },
  "4": {
    "mean": 14.061691542288557,
    "std": 4.826984060920245,
    "p10": 8.0,
    "p90": 20.0,
    "n": 201
  },
  "5": {
    "mean": 14.833980582524273,
    "std": 5.277897833520893,
    "p10": 8.0,
    "p90": 21.0,
    "n": 206
  },
  "6": {
    "mean": 15.909278350515462,
    "std": 4.9789626335789565,
    "p10": 9.659999999999995,
    "p90": 22.0,
    "n": 194
  },
  "7": {
    "mean": 16.599056603773583,
    "std": 5.380727329454379,
    "p10": 9.0,
    "p90": 23.0,
    "n": 212
  },
  "8": {
    "mean": 16.918840579710142,
    "std": 5.2563029763623925,
    "p10": 10.0,
    "p90": 23.400000000000006,
    "n": 207
  },
  "9": {
    "mean": 17.4524064171123,
    "std": 5.3266253600577365,
    "p10": 10.0,
    "p90": 24.0,
    "n": 187
  },
  "10": {
    "mean": 17.90576923076923,
    "std": 5.3380744673479485,
    "p10": 11.0,
    "p90": 24.0,
    "n": 208
  },
  "11": {
    "mean": 18.10185185185185,
    "std": 5.476749697801484,
    "p10": 11.0,
    "p90": 25.0,
    "n": 216
  },
  "12": {
    "mean": 17.436714975845412,
    "std": 5.202109806394361,
    "p10": 10.0,
    "p90": 24.320000000000004,
    "n": 207
  },
  "13": {
    "mean": 15.582142857142857,
    "std": 4.763429715252032,
    "p10": 10.0,
    "p90": 22.0,
    "n": 224
  },
  "14": {
    "mean": 13.18235294117647,
    "std": 4.45793501345393,
    "p10": 8.0,
    "p90": 19.0,
    "n": 204
  },
  "15": {
    "mean": 10.685853658536587,
    "std": 3.892582800767651,
    "p10": 6.0,
    "p90": 16.0,
    "n": 205
  },
  "16": {
    "mean": 8.155440414507773,
    "std": 3.137854219351155,
    "p10": 4.0,
    "p90": 13.0,
    "n": 193
  },
  "17": {
    "mean": 5.954802259887006,
    "std": 2.8689941400165693,
    "p10": 2.6000000000000014,
    "p90": 10.0,
    "n": 177
  },
  "18": {
    "mean": 4.215730337078652,
    "std": 2.6879475242222934,
    "p10": 1.0,
    "p90": 7.0,
    "n": 178
  },
  "19": {
    "mean": 2.7491329479768787,
    "std": 2.819071645333692,
    "p10": 0.0,
    "p90": 5.800000000000011,
    "n": 173
  },
  "20": {
    "mean": 2.080232558139535,
    "std": 2.8002222036911393,
    "p10": 0.0,
    "p90": 5.900000000000006,
    "n": 172
  },
  "21": {
    "mean": 1.8858823529411766,
    "std": 2.992837720160144,
    "p10": 0.0,
    "p90": 5.099999999999994,
    "n": 170
  },
  "22": {
    "mean": 2.3261904761904764,
    "std": 3.391328111332068,
    "p10": 0.0,
    "p90": 7.0,
    "n": 168
  },
  "23": {
    "mean": 3.672392638036809,
    "std": 3.3013893136737593,
    "p10": 1.0,
    "p90": 7.0,
    "n": 163
  }
}