{
  "0": {
    "mean": 6.197368421052632,
    "std": 4.04419209702898,
    "p10": 1.1000000000000014,
    "p90": 12.0,
    "n": 152
  },
  "1": {
    "mean": 8.288461538461538,
    "std": 3.437271264665951,
    "p10": 4.0,
    "p90": 13.0,
    "n": 156
  },
  "2": {
    "mean": 10.61780821917808,
    "std": 3.1014942990604375,
    "p10": 7.0,
    "p90": 14.0,
    "n": 146
  },
  "3": {
    "mean": 12.47638888888889,
    "std": 3.1619235119243934,
    "p10": 8.0,
    "p90": 16.0,
    "n": 144
  },
  "4": {
    "mean": 13.741496598639456,
    "std": 3.3019886813404864,
    "p10": 9.64,
    "p90": 17.0,
    "n": 147
  },
  "5": {
    "mean": 15.032499999999999,
    "std": 3.5194973554784963,
    "p10": 10.0,
    "p90": 19.0,
    "n": 160
  },
  "6": {
    "mean": 15.883333333333335,
    "std": 4.063747409811869,
    "p10": 11.0,
    "p90": 20.0,
    "n": 156
  },
  "7": {
    "mean": 16.636994219653182,
    "std": 4.255340855498888,
    "p10": 11.0,
    "p90": 21.0,
    "n": 173
  },
  "8": {
    "mean": 17.074251497005985,
    "std": 4.672941387763885,
    "p10": 10.0,
    "p90": 22.88,
    "n": 167
  },
  "9": {
    "mean": 17.564912280701755,
    "std": 4.530802729606863,
    "p10": 12.0,
    "p90": 23.0,
    "n": 171
  },
  "10": {
    "mean": 17.996531791907515,
    "std": 4.615971967411115,
    "p10": 12.0,
    "p90": 23.0,
    "n": 173
  },
  "11": {
    "mean": 17.893181818181816,
    "std": 5.057470750247638,
    "p10": 11.0,
    "p90": 24.0,
    "n": 176
  },
  "12": {
    "mean": 16.862765957446808,
    "std": 4.86951631068337,
    "p10": 10.0,
    "p90": 22.0,
    "n": 188
  },
  "13": {
    "mean": 15.56243093922652,
    "std": 4.383900172719583,
    "p10": 9.0,
    "p90": 20.799999999999997,
    "n": 181
  },
  "14": {
    "mean": 12.652127659574468,
    "std": 4.112852653108631,
    "p10": 7.0,
    "p90": 18.0,
    "n": 188
  },
  "15": {
    "mean": 10.032369942196532,
    "std": 3.4364485523640185,
    "p10": 5.0,
    "p90": 14.0,
    "n": 173
  },
  "16": {
    "mean": 7.49102564102564,
    "std": 3.259474958607584,
    "p10": 3.0,
    "p90": 11.0,
    "n": 156
  },
  "17": {
    "mean": 5.351592356687898,
    "std": 2.5069545600379457,
    "p10": 2.0,
    "p90": 8.0,
    "n": 157
  },
  "18": {
    "mean": 3.6789808917197453,
    "std": 2.269729223857447,
    "p10": 1.0,
    "p90": 6.0,
    "n": 157
  },
  "19": {
    "mean": 2.9050632911392404,
    "std": 2.934590488219497,
    "p10": 0.0,
    "p90": 5.240000000000008,
    "n": 158
  },
  "20": {
    "mean": 3.2417721518987337,
    "std": 5.67982478412211,
    "p10": 0.0,
    "p90": 11.16000000000001,
    "n": 158
  },
  "21": {
    "mean": 1.8878378378378378,
    "std": 3.3884338164742993,
    "p10": 0.0,
    "p90": 5.240000000000008,
    "n": 148
  },
  "22": {
    "mean": 2.6087499999999997,
    "std": 3.8297312170658317,
    "p10": 0.0,
    "p90": 8.02,
    "n": 160
  },
  "23": {
    "mean": 4.516981132075472,
    "std": 4.82348169260361,
    "p10": 1.0,
    "p90": 12.0,
    "n": 159
  }
}