{
  "0": {
    "mean": 6.0,
    "std": 3.91415121196728,
    "p10": 1.0,
    "p90": 11.0,
    "n": 139
  },
  "1": {
    "mean": 8.907042253521126,
    "std": 3.738597755242863,
    "p10": 5.0,
    "p90": 14.0,
    "n": 142
  },
  "2": {
    "mean": 10.807575757575757,
    "std": 3.3276455058400667,
    "p10": 7.0200000000000005,
    "p90": 15.0,
    "n": 132
  },
  "3": {
    "mean": 12.427210884353741,
    "std": 3.2627947895607576,
    "p10": 9.0,
    "p90": 17.0,
    "n": 147
  },
  "4": {
    "mean": 13.888198757763975,
    "std": 3.702218572727502,
    "p10": 10.0,
    "p90": 19.0,
    "n": 161
  },
  "5": {
    "mean": 15.467469879518074,
    "std": 3.8909719416364856,
    "p10": 11.0,
    "p90": 21.0,
    "n": 166
  },
  "6": {
    "mean": 16.43103448275862,
    "std": 3.727814848934563,
    "p10": 12.0,
    "p90": 21.0,
    "n": 174
  },
  "7": {
    "mean": 16.62666666666667,
    "std": 4.047560821451849,
    "p10": 11.900000000000002,
    "p90": 22.0,
    "n": 180
  },
  "8": {
    "mean": 17.43103448275862,
    "std": 3.8044333841620372,
    "p10": 13.0,
    "p90": 23.0,
    "n": 174
  },
  "9": {
    "mean": 17.919318181818184,
    "std": 4.050886547187151,
    "p10": 13.0,
    "p90": 23.39999999999999,
    "n": 176
  },
  "10": {
    "mean": 18.31685393258427,
    "std": 4.126673218738063,
    "p10": 13.0,
    "p90": 24.0,
    "n": 178
  },
  "11": {
    "mean": 18.469072164948454,
    "std": 4.24376069473097,
    "p10": 13.0,
    "p90": 24.0,
    "n": 194
  },
  "12": {
    "mean": 17.569230769230767,
    "std": 3.897972055485566,
    "p10": 13.0,
    "p90": 23.0,
    "n": 182
  },
  "13": {
    "mean": 15.604444444444443,
    "std": 3.993735628536189,
    "p10": 11.0,
    "p90": 21.0,
    "n": 180
  },
  "14": {
    "mean": 12.875824175824176,
    "std": 3.853472012945,
    "p10": 8.040000000000001,
    "p90": 18.0,
    "n": 182
  },
  "15": {
    "mean": 10.631284916201118,
    "std": 3.5583615757480263,
    "p10": 6.0,
    "p90": 15.0,
    "n": 179
  },
  "16": {
    "mean": 8.27425149700599,
    "std": 3.6410306377512014,
    "p10": 4.0,
    "p90": 13.080000000000002,
    "n": 167
  },
  "17": {
    "mean": 5.959722222222222,
    "std": 3.0890358657099766,
    "p10": 3.0,
    "p90": 10.0,
    "n": 144
  },
  "18": {
    "mean": 3.9732394366197186,
    "std": 2.783561560939529,
    "p10": 1.0,
    "p90": 6.900000000000006,
    "n": 142
  },
  "19": {
    "mean": 2.9287671232876713,
    "std": 2.7417326237029718,
    "p10": 0.0,
    "p90": 6.5,
    "n": 146
  },
  "20": {
    "mean": 2.5136986301369864,
    "std": 3.931194959805236,
    "p10": 0.0,
    "p90": 7.099999999999994,
    "n": 146
  },
  "21": {
    "mean": 2.8490066225165567,
    "std": 4.52819121430281,
    "p10": 0.0,
    "p90": 11.0,
    "n": 151
  },
  "22": {
    "mean": 2.69041095890411,
    "std": 4.7367721989167695,
    "p10": 0.0,
    "p90": 8.0,
    "n": 146
  },
  "23": {
    "mean": 3.833802816901409,
    "std": 4.4777129313517685,
    "p10": 1.0,
    "p90": 8.900000000000006,
    "n": 142
  }
}