{
  "0": {
    "mean": 8.683216783216784,
    "std": 5.908468331990863,
    "p10": 0.0,
    "p90": 17.0,
    "n": 143
  },
  "1": {
    "mean": 10.525490196078431,
    "std": 6.21340369273689,
    "p10": 2.0,
    "p90": 18.80000000000001,
    "n": 153
  },
  "2": {
    "mean": 12.744370860927154,
    "std": 6.211018550517989,
    "p10": 5.0,
    "p90": 21.0,
    "n": 151
  },
  "3": {
    "mean": 14.357499999999998,
    "std": 6.36247400558133,
    "p10": 5.9,
    "p90": 23.0,
    "n": 160
  },
  "4": {
    "mean": 15.233757961783438,
    "std": 6.9779924574274075,
    "p10": 6.0,
    "p90": 24.400000000000006,
    "n": 157
  },
  "5": {
    "mean": 15.821935483870968,
    "std": 7.012227455802795,
    "p10": 6.0,
    "p90": 25.0,
    "n": 155
  },
  "6": {
    "mean": 16.934682080924855,
    "std": 7.080020984199967,
    "p10": 8.0,
    "p90": 26.0,
    "n": 173
  },
  "7": {
    "mean": 17.631952662721893,
    "std": 7.807020442410923,
    "p10": 7.0,
    "p90": 29.0,
    "n": 169
  },
  "8": {
    "mean": 18.606358381502886,
    "std": 7.963946011878677,
    "p10": 8.0,
    "p90": 30.80000000000001,
    "n": 173
  },
  "9": {
    "mean": 18.978947368421053,
    "std": 8.431064481855989,
    "p10": 8.0,
    "p90": 30.0,
    "n": 171
  },
  "10": {
    "mean": 19.37743902439024,
    "std": 8.68055669682603,
    "p10": 8.0,
    "p90": 31.730000000000015,
    "n": 164
  },
  "11": {
    "mean": 19.576,
    "std": 8.859055760379725,
    "p10": 8.0,
    "p90": 33.0,
    "n": 175
  },
  "12": {
    "mean": 20.031182795698925,
    "std": 8.520664591445826,
    "p10": 8.0,
    "p90": 32.0,
    "n": 186
  },
  "13": {
    "mean": 19.2731843575419,
    "std": 8.13556185946565,
    "p10": 8.0,
    "p90": 31.0,
    "n": 179
  },
  "14": {
    "mean": 16.048167539267016,
    "std": 6.504580110498149,
    "p10": 7.0,
    "p90": 23.0,
    "n": 191
  },
  "15": {
    "mean": 13.490810810810812,
    "std": 5.938486475662097,
    "p10": 6.0,
    "p90": 19.0,
    "n": 185
  },
  "16": {
    "mean": 10.624705882352941,
    "std": 5.221992770280767,
    "p10": 5.0,
    "p90": 16.0,
    "n": 170
  },
  "17": {
    "mean": 7.80060606060606,
    "std": 5.091198730014341,
    "p10": 3.0,
    "p90": 12.0,
    "n": 165
  },
  "18": {
    "mean": 5.841772151898734,
    "std": 5.208912196056476,
    "p10": 2.0,
    "p90": 10.0,
    "n": 158
  },
  "19": {
    "mean": 4.31592356687898,
    "std": 6.028569902642221,
    "p10": 1.0,
    "p90": 7.0,
    "n": 157
  },
  "20": {
    "mean": 2.962987012987013,
    "std": 5.429259284553948,
    "p10": 0.0,
    "p90": 7.700000000000017,
    "n": 154
  },
  "21": {
    "mean": 2.6181208053691276,
    "std": 6.512047605195667,
    "p10": 0.0,
    "p90": 7.400000000000034,
    "n": 149
  },
  "22": {
    "mean": 3.1087248322147656,
    "std": 6.1041515877477615,
    "p10": 0.0,
    "p90": 10.200000000000017,
    "n": 149
  },
  "23": {
    "mean": 5.136601307189542,
    "std": 7.452161039749925,
    "p10": 1.0,
    "p90": 12.0,
    "n": 153
  }
}