{
  "0": {
    "mean": 7.113907284768211,
    "std": 3.6848164085446538,
    "p10": 1.0,
    "p90": 11.0,
    "n": 151
  },
  "1": {
    "mean": 9.162666666666667,
    "std": 3.6644042644030685,
    "p10": 4.9,
    "p90": 13.0,
    "n": 150
  },
  "2": {
    "mean": 10.736363636363636,
    "std": 3.993308425432458,
    "p10": 5.300000000000001,
    "p90": 15.0,
    "n": 154
  },
  "3": {
    "mean": 12.372670807453416,
    "std": 4.307754455305568,
    "p10": 7.0,
    "p90": 17.0,
    "n": 161
  },
  "4": {
    "mean": 13.516564417177912,
    "std": 4.461512557054025,
    "p10": 8.0,
    "p90": 19.0,
    "n": 163
  },
  "5": {
    "mean": 14.96375,
    "std": 4.5392417217862535,
    "p10": 8.539999999999996,
    "p90": 21.0,
    "n": 160
  },
  "6": {
    "mean": 16.365822784810124,
    "std": 4.973365649057265,
    "p10": 9.700000000000001,
    "p90": 22.0,
    "n": 158
  },
  "7": {
    "mean": 16.88888888888889,
    "std": 5.48384198129532,
    "p10": 9.0,
    "p90": 24.0,
    "n": 171
  },
  "8": {
    "mean": 17.851190476190474,
    "std": 5.811736917603011,
    "p10": 12.0,
    "p90": 26.0,
    "n": 168
  },
  "9": {
    "mean": 18.09767441860465,
    "std": 6.394094072226962,
    "p10": 9.0,
    "p90": 26.0,
    "n": 172
  },
  "10": {
    "mean": 18.637078651685393,
    "std": 6.102197104044071,
    "p10": 10.799999999999997,
    "p90": 27.0,
    "n": 178
  },
  "11": {
    "mean": 19.14761904761905,
    "std": 6.14999101679839,
    "p10": 11.7,
    "p90": 27.0,
    "n": 168
  },
  "12": {
    "mean": 19.008602150537634,
    "std": 6.20907193159098,
    "p10": 11.0,
    "p90": 27.0,
    "n": 186
  },
  "13": {
    "mean": 16.317894736842103,
    "std": 4.582182630670532,
    "p10": 9.719999999999999,
    "p90": 22.0,
    "n": 190
  },
  "14": {
    "mean": 13.046486486486486,
    "std": 3.582536307210219,
    "p10": 8.0,
    "p90": 17.599999999999994,
    "n": 185
  },
  "15": {
    "mean": 10.239784946236558,
    "std": 3.3964572889503635,
    "p10": 6.0,
    "p90": 14.0,
    "n": 186
  },
  "16": {
    "mean": 7.36,
    "std": 2.969557574681639,
    "p10": 4.0,
    "p90": 10.0,
    "n": 170
  },
  "17": {
    "mean": 4.913939393939394,
    "std": 2.777367084692584,
    "p10": 2.0,
    "p90": 8.0,
    "n": 165
  },
  "18": {
    "mean": 3.412422360248447,
    "std": 2.888052063328652,
    "p10": 1.0,
    "p90": 6.0,
    "n": 161
  },
  "19": {
    "mean": 2.0026143790849673,
    "std": 2.7341877393001486,
    "p10": 0.0,
    "p90": 4.0,
    "n": 153
  },
  "20": {
    "mean": 1.0462585034013607,
    "std": 2.28995041248111,
    "p10": 0.0,
    "p90": 2.0,
    "n": 147
  },
  "21": {
    "mean": 1.7805194805194804,
    "std": 3.429801684887516,
    "p10": 0.0,
    "p90": 4.0,
    "n": 154
  },
  "22": {
    "mean": 2.595918367346939,
    "std": 3.690303427978617,
    "p10": 0.0,
    "p90": 5.0,
    "n": 147
  },
  "23": {
    "mean": 4.915068493150685,
    "std": 3.08436194632958,
    "p10": 2.5,
    "p90": 8.0,
    "n": 146
  }
}