{
  "0": {
    "mean": 3.5220588235294117,
    "std": 3.685742121894418,
    "p10": 0.0,
    "p90": 8.0,
    "n": 136
  },
  "1": {
    "mean": 5.586764705882352,
    "std": 3.651500124475063,
    "p10": 2.0,
    "p90": 10.0,
    "n": 136
  },
  "2": {
    "mean": 8.069444444444445,
    "std": 3.923486350651057,
    "p10": 4.0,
    "p90": 13.0,
    "n": 144
  },
  "3": {
    "mean": 9.417142857142858,
    "std": 4.011313906941284,
    "p10": 5.0,
    "p90": 14.0,
    "n": 140
  },
  "4": {
    "mean": 10.576642335766424,
    "std": 4.131519140449476,
    "p10": 6.0,
    "p90": 15.0,
    "n": 137
  },
  "5": {
    "mean": 11.55890410958904,
    "std": 4.173143547327802,
    "p10": 7.0,
    "p90": 16.0,
    "n": 146
  },
  "6": {
    "mean": 12.595862068965518,
    "std": 4.167564500968379,
    "p10": 8.0,
    "p90": 18.0,
    "n": 145
  },
  "7": {
    "mean": 13.477333333333332,
    "std": 4.378457738750297,
    "p10": 8.96,
    "p90": 19.0,
    "n": 150
  },
  "8": {
    "mean": 14.142666666666667,
    "std": 4.616651313585466,
    "p10": 9.0,
    "p90": 20.0,
    "n": 150
  },
  "9": {
    "mean": 14.614473684210527,
    "std": 5.171859771493387,
    "p10": 9.0,
    "p90": 21.0,
    "n": 152
  },
  "10": {
    "mean": 15.5,
    "std": 5.14351847599726,
    "p10": 10.0,
    "p90": 22.0,
    "n": 148
  },
  "11": {
    "mean": 15.935672514619883,
    "std": 5.086575409644964,
    "p10": 11.0,
    "p90": 22.0,
    "n": 171
  },
  "12": {
    "mean": 16.11208791208791,
    "std": 5.252241513906761,
    "p10": 11.0,
    "p90": 23.0,
    "n": 182
  },
  "13": {
    "mean": 16.270454545454548,
    "std": 5.19569402136388,
    "p10": 10.0,
    "p90": 23.0,
    "n": 176
  },
  "14": {
    "mean": 15.448,
    "std": 4.701330699368805,
    "p10": 10.0,
    "p90": 21.759999999999994,
    "n": 175
  },
  "15": {
    "mean": 13.835714285714284,
    "std": 4.1399656586021925,
    "p10": 9.0,
    "p90": 19.0,
    "n": 168
  },
  "16": {
    "mean": 12.050931677018633,
    "std": 3.7836675001316897,
    "p10": 8.0,
    "p90": 17.0,
    "n": 161
  },
  "17": {
    "mean": 10.04125,
    "std": 3.5364123436260866,
    "p10": 6.0,
    "p90": 15.0,
    "n": 160
  },
  "18": {
    "mean": 7.986486486486487,
    "std": 3.587556890419023,
    "p10": 4.0,
    "p90": 13.0,
    "n": 148
  },
  "19": {
    "mean": 6.32484076433121,
    "std": 3.5431706800648493,
    "p10": 2.0,
    "p90": 12.0,
    "n": 157
  },
  "20": {
    "mean": 4.555244755244755,
    "std": 3.493931929359375,
    "p10": 1.0,
    "p90": 9.0,
    "n": 143
  },
  "21": {
    "mean": 3.6825174825174827,
    "std": 4.162158748610613,
    "p10": 0.0,
    "p90": 10.0,
    "n": 143
  },
  "22": {
    "mean": 3.120805369127517,
    "std": 4.095008087768557,
    "p10": 0.0,
    "p90": 9.200000000000017,
    "n": 149
  },
  "23": {
    "mean": 2.946969696969697,
    "std": 4.070587844974591,
    "p10": 0.0,
    "p90": 8.900000000000006,
    "n": 132
  }
}