{
  "0": {
    "mean": 2.845086705202312,
    "std": 2.7986794266468205,
    "p10": 0.0,
    "p90": 7.0,
    "n": 173
  },
  "1": {
    "mean": 3.7943820224719107,
    "std": 2.8890152194095595,
    "p10": 1.0,
    "p90": 8.0,
    "n": 178
  },
  "2": {
    "mean": 4.347058823529411,
    "std": 2.884670286053715,
    "p10": 1.0,
    "p90": 9.0,
    "n": 170
  },
  "3": {
    "mean": 4.941420118343196,
    "std": 2.958995625903601,
    "p10": 2.0,
    "p90": 10.0,
    "n": 169
  },
  "4": {
    "mean": 5.732558139534884,
    "std": 3.0294631898774163,
    "p10": 2.0,
    "p90": 10.0,
    "n": 172
  },
  "5": {
    "mean": 5.935428571428572,
    "std": 3.087088743941789,
    "p10": 2.400000000000002,
    "p90": 11.0,
    "n": 175
  },
  "6": {
    "mean": 6.442391304347827,
    "std": 3.138087325844108,
    "p10": 3.0,
    "p90": 11.0,
    "n": 184
  },
  "7": {
    "mean": 7.194148936170213,
    "std": 3.1802394251422017,
    "p10": 3.0,
    "p90": 11.300000000000011,
    "n": 188
  },
  "8": {
    "mean": 7.815555555555555,
    "std": 3.4034130457563965,
    "p10": 4.0,
    "p90": 12.0,
    "n": 180
  },
  "9": {
    "mean": 8.148756218905474,
    "std": 3.503870851682982,
    "p10": 4.0,
    "p90": 13.0,
    "n": 201
  },
  "10": {
    "mean": 8.418478260869565,
    "std": 3.9769535350931435,
    "p10": 4.0,
    "p90": 14.0,
    "n": 184
  },
  "11": {
    "mean": 8.499468085106383,
    "std": 3.8218132345845364,
    "p10": 4.0,
    "p90": 14.93,
    "n": 188
  },
  "12": {
    "mean": 8.554255319148936,
    "std": 3.8242028254227756,
    "p10": 5.0,
    "p90": 13.300000000000011,
    "n": 188
  },
  "13": {
    "mean": 8.578712871287129,
    "std": 3.9025431594252447,
    "p10": 5.0,
    "p90": 14.0,
    "n": 202
  },
  "14": {
    "mean": 9.278865979381443,
    "std": 4.517498132917063,
    "p10": 5.0,
    "p90": 16.0,
    "n": 194
  },
  "15": {
    "mean": 8.946428571428571,
    "std": 4.656094710024482,
    "p10": 4.0,
    "p90": 16.5,
    "n": 196
  },
  "16": {
    "mean": 7.439487179487179,
    "std": 3.354552183856472,
    "p10": 4.0,
    "p90": 12.0,
    "n": 195
  },
  "17": {
    "mean": 6.35615763546798,
    "std": 2.9508178115916044,
    "p10": 3.0,
    "p90": 10.0,
    "n": 203
  },
  "18": {
    "mean": 4.713333333333333,
    "std": 2.271909743621325,
    "p10": 2.0,
    "p90": 8.0,
    "n": 195
  },
  "19": {
    "mean": 3.248314606741573,
    "std": 1.815726177093044,
    "p10": 1.0,
    "p90": 6.0,
    "n": 178
  },
  "20": {
    "mean": 2.380232558139535,
    "std": 1.7833092156061807,
    "p10": 1.0,
    "p90": 5.0,
    "n": 172
  },
  "21": {
    "mean": 2.209142857142857,
    "std": 2.34582702548537,
    "p10": 0.0,
    "p90": 5.0,
    "n": 175
  },
  "22": {
    "mean": 1.7079545454545455,
    "std": 2.0565558776561534,
    "p10": 0.0,
    "p90": 5.0,
    "n": 176
  },
  "23": {
    "mean": 2.0011049723756904,
    "std": 2.274642559228355,
    "p10": 0.0,
    "p90": 5.0,
    "n": 181
  }
}