{
  "0": {
    "mean": 3.65125,
    "std": 3.5485666784912118,
    "p10": 0.0,
    "p90": 8.279999999999998,
    "n": 160
  },
  "1": {
    "mean": 5.203703703703703,
    "std": 3.7798729626174694,
    "p10": 1.0,
    "p90": 10.0,
    "n": 162
  },
  "2": {
    "mean": 7.018072289156627,
    "std": 4.74753255410833,
    "p10": 3.0,
    "p90": 12.0,
    "n": 166
  },
  "3": {
    "mean": 8.159748427672957,
    "std": 4.051177661204199,
    "p10": 3.0,
    "p90": 14.0,
    "n": 159
  },
  "4": {
    "mean": 9.029069767441861,
    "std": 3.9727541753541846,
    "p10": 5.0,
    "p90": 14.900000000000006,
    "n": 172
  },
  "5": {
    "mean": 9.977401129943503,
    "std": 4.133393392210745,
    "p10": 5.0,
    "p90": 15.0,
    "n": 177
  },
  "6": {
    "mean": 11.096511627906976,
    "std": 4.45770107468065,
    "p10": 6.0,
    "p90": 17.0,
    "n": 172
  },
  "7": {
    "mean": 11.86242774566474,
    "std": 4.484058183466632,
    "p10": 7.0,
    "p90": 18.0,
    "n": 173
  },
  "8": {
    "mean": 12.382608695652175,
    "std": 4.849665837074765,
    "p10": 7.0,
    "p90": 19.0,
    "n": 184
  },
  "9": {
    "mean": 13.135672514619882,
    "std": 5.309510001575319,
    "p10": 7.0,
    "p90": 21.0,
    "n": 171
  },
  "10": {
    "mean": 13.534806629834256,
    "std": 5.409616292734861,
    "p10": 7.0,
    "p90": 22.0,
    "n": 181
  },
  "11": {
    "mean": 13.982010582010581,
    "std": 5.620090687908245,
    "p10": 8.0,
    "p90": 23.0,
    "n": 189
  },
  "12": {
    "mean": 14.38121546961326,
    "std": 5.896654481142811,
    "p10": 8.0,
    "p90": 23.0,
    "n": 181
  },
  "13": {
    "mean": 14.157068062827225,
    "std": 5.565347654585086,
    "p10": 8.0,
    "p90": 22.0,
    "n": 191
  },
  "14": {
    "mean": 13.135751295336787,
    "std": 5.004249920932923,
    "p10": 8.0,
    "p90": 21.0,
    "n": 193
  },
  "15": {
    "mean": 11.872340425531915,
    "std": 4.637060756668047,
    "p10": 6.0,
    "p90": 18.0,
    "n": 188
  },
  "16": {
    "mean": 10.060638297872341,
    "std": 4.254465237454322,
    "p10": 5.0,
    "p90": 15.300000000000011,
    "n": 188
  },
  "17": {
    "mean": 8.960869565217392,
    "std": 4.672836433326184,
    "p10": 4.0,
    "p90": 14.0,
    "n": 184
  },
  "18": {
    "mean": 6.907954545454545,
    "std": 4.276867253784423,
    "p10": 2.0,
    "p90": 12.0,
    "n": 176
  },
  "19": {
    "mean": 5.495348837209303,
    "std": 4.0309013104611,
    "p10": 2.0,
    "p90": 10.0,
    "n": 172
  },
  "20": {
    "mean": 4.215094339622642,
    "std": 4.01160008922298,
    "p10": 1.0,
    "p90": 10.0,
    "n": 159
  },
  "21": {
    "mean": 3.5952380952380953,
    "std": 4.015297239186544,
    "p10": 0.0,
    "p90": 8.0,
    "n": 168
  },
  "22": {
    "mean": 3.132911392405063,
    "std": 4.453731607064744,
    "p10": 0.0,
    "p90": 9.300000000000011,
    "n": 158
  },
  "23": {
    "mean": 3.2123456790123455,
    "std": 4.474673594842973,
    "p10": 0.0,
    "p90": 9.900000000000006,
    "n": 162
  }
}