{
  "0": {
    "mean": 3.8126262626262624,
    "std": 4.333038250338981,
    "p10": 0.0,
    "p90": 9.0,
    "n": 198
  },
  "1": {
    "mean": 4.044334975369458,
    "std": 3.732663546927683,
    "p10": 0.0,
    "p90": 9.0,
    "n": 203
  },
  "2": {
    "mean": 4.0312820512820515,
    "std": 3.560290138969748,
    "p10": 1.0,
    "p90": 9.0,
    "n": 195
  },
  "3": {
    "mean": 4.33235294117647,
    "std": 3.527880837679774,
    "p10": 1.0,
    "p90": 9.700000000000017,
    "n": 204
  },
  "4": {
    "mean": 4.403517587939699,
    "std": 3.6335053738032057,
    "p10": 0.9799999999999998,
    "p90": 9.0,
    "n": 199
  },
  "5": {
    "mean": 4.32041884816754,
    "std": 3.4780895894246204,
    "p10": 1.0,
    "p90": 9.0,
    "n": 191
  },
  "6": {
    "mean": 4.838755980861245,
    "std": 3.598888768502439,
    "p10": 1.0,
    "p90": 9.0,
    "n": 209
  },
  "7": {
    "mean": 4.836190476190477,
    "std": 3.0992551600791582,
    "p10": 1.8999999999999986,
    "p90": 9.0,
    "n": 210
  },
  "8": {
    "mean": 5.1716981132075475,
    "std": 3.0682830840370476,
    "p10": 2.0,
    "p90": 9.0,
    "n": 212
  },
  "9": {
    "mean": 5.496601941747572,
    "std": 3.1915036760040616,
    "p10": 2.0,
    "p90": 10.0,
    "n": 206
  },
  "10": {
    "mean": 5.805238095238095,
    "std": 3.1822957002611605,
    "p10": 2.1999999999999993,
    "p90": 10.0,
    "n": 210
  },
  "11": {
    "mean": 5.938308457711442,
    "std": 3.3640712127388306,
    "p10": 2.1999999999999993,
    "p90": 11.0,
    "n": 201
  },
  "12": {
    "mean": 5.984304932735426,
    "std": 3.2568396963157507,
    "p10": 2.8999999999999986,
    "p90": 10.800000000000011,
    "n": 223
  },
  "13": {
    "mean": 6.042272727272727,
    "std": 3.4102831760434973,
    "p10": 2.0,
    "p90": 11.0,
    "n": 220
  },
  "14": {
    "mean": 6.028985507246377,
    "std": 3.1908440668594653,
    "p10": 2.0,
    "p90": 10.400000000000006,
    "n": 207
  },
  "15": {
    "mean": 5.753811659192825,
    "std": 3.307849155635731,
    "p10": 2.0,
    "p90": 9.100000000000001,
    "n": 223
  },
  "16": {
    "mean": 5.37926267281106,
    "std": 2.952554357096494,
    "p10": 2.0,
    "p90": 10.0,
    "n": 217
  },
  "17": {
    "mean": 4.916666666666667,
    "std": 2.7086991863348864,
    "p10": 2.0,
    "p90": 9.0,
    "n": 222
  },
  "18": {
    "mean": 4.127669902912621,
    "std": 2.7970997885470106,
    "p10": 1.0,
    "p90": 9.0,
    "n": 206
  },
  "19": {
    "mean": 3.1923809523809523,
    "std": 2.680558937575759,
    "p10": 0.0,
    "p90": 8.0,
    "n": 210
  },
  "20": {
    "mean": 2.6096618357487924,
    "std": 2.6896066377209036,
    "p10": 0.0,
    "p90": 6.0,
    "n": 207
  },
  "21": {
    "mean": 2.6648148148148145,
    "std": 3.0364702523578124,
    "p10": 0.0,
    "p90": 7.5,
    "n": 216
  },
  "22": {
    "mean": 2.2715,
    "std": 2.6162303138822436,
    "p10": 0.0,
    "p90": 6.0,
    "n": 200
  },
  "23": {
    "mean": 2.947422680412371,
    "std": 2.709572085731083,
    "p10": 0.0,
    "p90": 7.0,
    "n": 194
  }
}