{
  "0": {
    "mean": 2.664473684210526,
    "std": 3.115745271252029,
    "p10": 0.0,
    "p90": 7.0,
    "n": 152
  },
  "1": {
    "mean": 3.848684210526316,
    "std": 3.1722302272767626,
    "p10": 0.0,
    "p90": 8.0,
    "n": 152
  },
  "2": {
    "mean": 6.2387096774193544,
    "std": 2.987167078592228,
    "p10": 3.0,
    "p90": 10.599999999999994,
    "n": 155
  },
  "3": {
    "mean": 9.934640522875817,
    "std": 2.999283253445682,
    "p10": 6.0,
    "p90": 13.800000000000011,
    "n": 153
  },
  "4": {
    "mean": 12.602649006622517,
    "std": 3.2702282697057004,
    "p10": 8.0,
    "p90": 17.0,
    "n": 151
  },
  "5": {
    "mean": 14.373333333333333,
    "std": 3.0555190832342953,
    "p10": 11.0,
    "p90": 19.0,
    "n": 150
  },
  "6": {
    "mean": 16.070063694267517,
    "std": 3.178684314347057,
    "p10": 12.0,
    "p90": 20.0,
    "n": 157
  },
  "7": {
    "mean": 17.657894736842106,
    "std": 3.4681240289581665,
    "p10": 14.0,
    "p90": 22.0,
    "n": 152
  },
  "8": {
    "mean": 18.646913580246913,
    "std": 3.8341741008936334,
    "p10": 14.0,
    "p90": 23.0,
    "n": 162
  },
  "9": {
    "mean": 20.021176470588234,
    "std": 4.269891677676152,
    "p10": 14.0,
    "p90": 25.0,
    "n": 170
  },
  "10": {
    "mean": 20.766467065868262,
    "std": 4.577243485452095,
    "p10": 14.0,
    "p90": 26.0,
    "n": 167
  },
  "11": {
    "mean": 21.816091954022987,
    "std": 4.867608487189489,
    "p10": 15.0,
    "p90": 27.0,
    "n": 174
  },
  "12": {
    "mean": 22.24685714285714,
    "std": 5.078270007844995,
    "p10": 15.400000000000002,
    "p90": 28.0,
    "n": 175
  },
  "13": {
    "mean": 21.295953757225433,
    "std": 4.744572889610393,
    "p10": 15.0,
    "p90": 27.0,
    "n": 173
  },
  "14": {
    "mean": 19.83050847457627,
    "std": 4.209968725751152,
    "p10": 14.0,
    "p90": 25.0,
    "n": 177
  },
  "15": {
    "mean": 18.02159090909091,
    "std": 4.303166909910125,
    "p10": 13.0,
    "p90": 24.0,
    "n": 176
  },
  "16": {
    "mean": 16.046783625730995,
    "std": 4.09276674073703,
    "p10": 11.0,
    "p90": 22.0,
    "n": 171
  },
  "17": {
    "mean": 13.475428571428571,
    "std": 4.127761592382342,
    "p10": 9.0,
    "p90": 20.0,
    "n": 175
  },
  "18": {
    "mean": 11.120689655172415,
    "std": 4.00755465581124,
    "p10": 7.0,
    "p90": 17.0,
    "n": 174
  },
  "19": {
    "mean": 8.797619047619047,
    "std": 4.166532646832384,
    "p10": 5.0,
    "p90": 16.0,
    "n": 168
  },
  "20": {
    "mean": 6.452229299363057,
    "std": 3.944236073499535,
    "p10": 3.0,
    "p90": 13.0,
    "n": 157
  },
  "21": {
    "mean": 4.353548387096774,
    "std": 3.85993872199787,
    "p10": 1.0,
    "p90": 11.0,
    "n": 155
  },
  "22": {
    "mean": 3.0194805194805197,
    "std": 3.89145331190071,
    "p10": 0.0,
    "p90": 9.0,
    "n": 154
  },
  "23": {
    "mean": 2.542483660130719,
    "std": 3.7626749445332206,
    "p10": 0.0,
    "p90": 8.0,
    "n": 153
  }
}