{
  "0": {
    "mean": 3.744186046511628,
    "std": 3.564756017614146,
    "p10": 0.0,
    "p90": 9.0,
    "n": 129
  },
  "1": {
    "mean": 5.837209302325581,
    "std": 3.922671876561025,
    "p10": 1.8000000000000007,
    "p90": 12.0,
    "n": 129
  },
  "2": {
    "mean": 6.7984496124031,
    "std": 4.1652953169636575,
    "p10": 2.0,
    "p90": 13.0,
    "n": 129
  },
  "3": {
    "mean": 7.468217054263565,
    "std": 4.15319877654795,
    "p10": 3.0,
    "p90": 13.200000000000003,
    "n": 129
  },
  "4": {
    "mean": 7.848484848484849,
    "std": 4.100800235598873,
    "p10": 3.0,
    "p90": 14.0,
    "n": 132
  },
  "5": {
    "mean": 8.830882352941176,
    "std": 4.353891655636325,
    "p10": 4.0,
    "p90": 16.0,
    "n": 136
  },
  "6": {
    "mean": 9.516546762589927,
    "std": 4.7442963028281975,
    "p10": 4.0,
    "p90": 17.0,
    "n": 139
  },
  "7": {
    "mean": 10.470676691729322,
    "std": 4.873813483500639,
    "p10": 5.0,
    "p90": 18.0,
    "n": 133
  },
  "8": {
    "mean": 10.840000000000002,
    "std": 5.166645161245566,
    "p10": 5.0,
    "p90": 18.599999999999994,
    "n": 145
  },
  "9": {
    "mean": 11.278378378378378,
    "std": 5.534585636592952,
    "p10": 5.700000000000001,
    "p90": 19.0,
    "n": 148
  },
  "10": {
    "mean": 12.05109489051095,
    "std": 5.560259684851817,
    "p10": 6.0,
    "p90": 20.0,
    "n": 137
  },
  "11": {
    "mean": 12.032876712328768,
    "std": 5.703043465633257,
    "p10": 6.0,
    "p90": 20.0,
    "n": 146
  },
  "12": {
    "mean": 12.249689440993787,
    "std": 5.825934734267997,
    "p10": 6.0,
    "p90": 21.0,
    "n": 161
  },
  "13": {
    "mean": 12.676646706586826,
    "std": 5.882657236110596,
    "p10": 6.0,
    "p90": 21.0,
    "n": 167
  },
  "14": {
    "mean": 12.710975609756098,
    "std": 5.734076507875914,
    "p10": 6.0,
    "p90": 21.0,
    "n": 164
  },
  "15": {
    "mean": 11.523270440251572,
    "std": 5.132413686481629,
    "p10": 5.0,
    "p90": 19.0,
    "n": 159
  },
  "16": {
    "mean": 10.118072289156625,
    "std": 4.7644172165044925,
    "p10": 4.0,
    "p90": 17.0,
    "n": 166
  },
  "17": {
    "mean": 8.389261744966444,
    "std": 4.41237726174288,
    "p10": 3.8000000000000007,
    "p90": 15.0,
    "n": 149
  },
  "18": {
    "mean": 6.210958904109589,
    "std": 3.903157400727163,
    "p10": 2.0,
    "p90": 12.0,
    "n": 146
  },
  "19": {
    "mean": 4.298507462686567,
    "std": 3.1647253399604045,
    "p10": 1.0,
    "p90": 8.0,
    "n": 134
  },
  "20": {
    "mean": 3.259310344827586,
    "std": 3.192362773343336,
    "p10": 0.0,
    "p90": 6.0,
    "n": 145
  },
  "21": {
    "mean": 2.0618705035971225,
    "std": 2.9135215925174967,
    "p10": 0.0,
    "p90": 5.680000000000002,
    "n": 139
  },
  "22": {
    "mean": 2.153623188405797,
    "std": 2.9210826765023308,
    "p10": 0.0,
    "p90": 6.0,
    "n": 138
  },
  "23": {
    "mean": 2.908148148148148,
    "std": 2.8000813381536616,
    "p10": 0.0,
    "p90": 7.0,
    "n": 135
  }
}