{
  "0": {
    "mean": 3.7078260869565214,
    "std": 3.1792404429439336,
    "p10": 0.0,
    "p90": 8.0,
    "n": 115
  },
  "1": {
    "mean": 4.20495867768595,
    "std": 3.0897101061337295,
    "p10": 1.0,
    "p90": 9.0,
    "n": 121
  },
  "2": {
    "mean": 4.699115044247788,
    "std": 3.1788501845125103,
    "p10": 1.0,
    "p90": 9.0,
    "n": 113
  },
  "3": {
    "mean": 4.8050420168067225,
    "std": 3.068534921752762,
    "p10": 2.0,
    "p90": 10.0,
    "n": 119
  },
  "4": {
    "mean": 5.1262295081967215,
    "std": 3.131730524665567,
    "p10": 2.0,
    "p90": 9.920000000000005,
    "n": 122
  },
  "5": {
    "mean": 5.325,
    "std": 3.181254178977297,
    "p10": 2.0,
    "p90": 10.0,
    "n": 120
  },
  "6": {
    "mean": 5.5904,
    "std": 2.960040976176709,
    "p10": 2.4000000000000004,
    "p90": 10.0,
    "n": 125
  },
  "7": {
    "mean": 5.690076335877863,
    "std": 2.922087108737706,
    "p10": 3.0,
    "p90": 10.0,
    "n": 131
  },
  "8": {
    "mean": 6.102097902097902,
    "std": 3.1476230363688837,
    "p10": 2.6800000000000015,
    "p90": 10.0,
    "n": 143
  },
  "9": {
    "mean": 6.784962406015038,
    "std": 3.643227345500172,
    "p10": 3.0,
    "p90": 12.0,
    "n": 133
  },
  "10": {
    "mean": 7.0568493150684946,
    "std": 4.039373586367187,
    "p10": 3.0,
    "p90": 13.0,
    "n": 146
  },
  "11": {
    "mean": 7.242384105960264,
    "std": 4.16426763606908,
    "p10": 3.0,
    "p90": 14.0,
    "n": 151
  },
  "12": {
    "mean": 7.535570469798658,
    "std": 4.356062470476019,
    "p10": 3.6399999999999983,
    "p90": 14.0,
    "n": 149
  },
  "13": {
    "mean": 7.453503184713376,
    "std": 4.203745714674431,
    "p10": 3.0,
    "p90": 14.0,
    "n": 157
  },
  "14": {
    "mean": 7.226865671641792,
    "std": 3.8612624874330685,
    "p10": 3.0,
    "p90": 13.0,
    "n": 134
  },
  "15": {
    "mean": 7.2270270270270265,
    "std": 3.8338023007058175,
    "p10": 3.0,
    "p90": 13.0,
    "n": 148
  },
  "16": {
    "mean": 6.114084507042254,
    "std": 3.2856790385825807,
    "p10": 3.0,
    "p90": 11.0,
    "n": 142
  },
  "17": {
    "mean": 4.518461538461538,
    "std": 2.4585489076012674,
    "p10": 2.0,
    "p90": 8.0,
    "n": 130
  },
  "18": {
    "mean": 3.096969696969697,
    "std": 1.8799845457355449,
    "p10": 1.0,
    "p90": 5.900000000000006,
    "n": 132
  },
  "19": {
    "mean": 2.248062015503876,
    "std": 1.6584584698219107,
    "p10": 0.0,
    "p90": 5.0,
    "n": 129
  },
  "20": {
    "mean": 1.656,
    "std": 1.5968921429229443,
    "p10": 0.0,
    "p90": 4.0,
    "n": 125
  },
  "21": {
    "mean": 1.7859375,
    "std": 2.1881835265053287,
    "p10": 0.0,
    "p90": 5.0,
    "n": 128
  },
  "22": {
    "mean": 1.8302521008403363,
    "std": 2.0797064094400173,
    "p10": 0.0,
    "p90": 5.0,
    "n": 119
  },
  "23": {
    "mean": 2.508771929824561,
    "std": 2.2390169067217025,
    "p10": 1.0,
    "p90": 5.0,
    "n": 114
  }
}