{
  "0": {
    "mean": 3.9350318471337578,
    "std": 3.978932762496302,
    "p10": 0.0,
    "p90": 9.0,
    "n": 157
  },
  "1": {
    "mean": 4.986754966887418,
    "std": 3.7309279542170874,
    "p10": 1.0,
    "p90": 10.0,
    "n": 151
  },
  "2": {
    "mean": 6.545333333333333,
    "std": 3.4944171517472076,
    "p10": 2.0,
    "p90": 12.0,
    "n": 150
  },
  "3": {
    "mean": 9.32258064516129,
    "std": 3.5068309663991046,
    "p10": 5.0,
    "p90": 14.0,
    "n": 155
  },
  "4": {
    "mean": 11.194630872483222,
    "std": 3.780601003896347,
    "p10": 6.0,
    "p90": 16.0,
    "n": 149
  },
  "5": {
    "mean": 12.555828220858896,
    "std": 4.251827467080002,
    "p10": 7.0,
    "p90": 18.0,
    "n": 163
  },
  "6": {
    "mean": 13.719540229885057,
    "std": 5.036005368981145,
    "p10": 7.0,
    "p90": 19.0,
    "n": 174
  },
  "7": {
    "mean": 15.138922155688622,
    "std": 5.410507963363015,
    "p10": 8.600000000000001,
    "p90": 21.0,
    "n": 167
  },
  "8": {
    "mean": 15.726506024096386,
    "std": 5.855607710352466,
    "p10": 8.0,
    "p90": 22.5,
    "n": 166
  },
  "9": {
    "mean": 16.590588235294117,
    "std": 5.995493841002084,
    "p10": 9.0,
    "p90": 23.0,
    "n": 170
  },
  "10": {
    "mean": 17.172727272727272,
    "std": 6.083095589258147,
    "p10": 9.5,
    "p90": 24.5,
    "n": 176
  },
  "11": {
    "mean": 17.926436781609194,
    "std": 6.460309407041481,
    "p10": 10.0,
    "p90": 25.0,
    "n": 174
  },
  "12": {
    "mean": 18.506666666666668,
    "std": 6.4081863451117735,
    "p10": 11.0,
    "p90": 26.0,
    "n": 195
  },
  "13": {
    "mean": 17.475675675675674,
    "std": 6.3776360877801075,
    "p10": 9.0,
    "p90": 24.0,
    "n": 185
  },
  "14": {
    "mean": 16.0561797752809,
    "std": 5.570015672237123,
    "p10": 9.0,
    "p90": 23.0,
    "n": 178
  },
  "15": {
    "mean": 14.507027027027029,
    "std": 5.496995654181624,
    "p10": 8.0,
    "p90": 21.0,
    "n": 185
  },
  "16": {
    "mean": 12.83728813559322,
    "std": 5.00242776190692,
    "p10": 7.0,
    "p90": 19.0,
    "n": 177
  },
  "17": {
    "mean": 10.939325842696629,
    "std": 5.020176645721109,
    "p10": 5.0,
    "p90": 17.0,
    "n": 178
  },
  "18": {
    "mean": 8.933333333333334,
    "std": 5.135115555146339,
    "p10": 4.0,
    "p90": 16.0,
    "n": 171
  },
  "19": {
    "mean": 6.796341463414634,
    "std": 4.593111543339502,
    "p10": 2.3000000000000007,
    "p90": 12.0,
    "n": 164
  },
  "20": {
    "mean": 5.660240963855422,
    "std": 4.9030587795915705,
    "p10": 1.0,
    "p90": 13.0,
    "n": 166
  },
  "21": {
    "mean": 4.387878787878788,
    "std": 5.044422032676749,
    "p10": 0.0,
    "p90": 12.0,
    "n": 165
  },
  "22": {
    "mean": 3.6540880503144653,
    "std": 4.917995142336579,
    "p10": 0.0,
    "p90": 12.0,
    "n": 159
  },
  "23": {
    "mean": 3.457142857142857,
    "std": 5.12712710065353,
    "p10": 0.0,
    "p90": 11.0,
    "n": 154
  }
}