{
  "0": {
    "mean": 3.9477611940298507,
    "std": 4.104494445033378,
    "p10": 0.0,
    "p90": 10.0,
    "n": 134
  },
  "1": {
    "mean": 5.276119402985074,
    "std": 4.008246745223918,
    "p10": 1.0,
    "p90": 11.0,
    "n": 134
  },
  "2": {
    "mean": 7.109489051094891,
    "std": 3.932666420914448,
    "p10": 2.0,
    "p90": 12.400000000000006,
    "n": 137
  },
  "3": {
    "mean": 9.446808510638299,
    "std": 4.374317141672178,
    "p10": 4.0,
    "p90": 16.0,
    "n": 141
  },
  "4": {
    "mean": 10.475912408759124,
    "std": 4.6932449195225585,
    "p10": 5.0,
    "p90": 17.0,
    "n": 137
  },
  "5": {
    "mean": 11.966216216216216,
    "std": 4.831044084473854,
    "p10": 6.0,
    "p90": 18.30000000000001,
    "n": 148
  },
  "6": {
    "mean": 13.012857142857143,
    "std": 4.902221532190078,
    "p10": 7.0,
    "p90": 19.0,
    "n": 140
  },
  "7": {
    "mean": 13.733783783783784,
    "std": 5.0406990398232825,
    "p10": 8.0,
    "p90": 20.0,
    "n": 148
  },
  "8": {
    "mean": 14.722147651006711,
    "std": 5.203206465112875,
    "p10": 8.0,
    "p90": 22.0,
    "n": 149
  },
  "9": {
    "mean": 15.52317880794702,
    "std": 5.328757750278006,
    "p10": 10.0,
    "p90": 23.0,
    "n": 151
  },
  "10": {
    "mean": 15.783333333333331,
    "std": 5.8671291362194555,
    "p10": 8.0,
    "p90": 23.5,
    "n": 156
  },
  "11": {
    "mean": 16.18076923076923,
    "std": 5.892051676016904,
    "p10": 9.0,
    "p90": 25.0,
    "n": 156
  },
  "12": {
    "mean": 16.62837837837838,
    "std": 6.053368551628279,
    "p10": 9.0,
    "p90": 25.0,
    "n": 148
  },
  "13": {
    "mean": 15.79625,
    "std": 5.53440795240537,
    "p10": 8.0,
    "p90": 23.0,
    "n": 160
  },
  "14": {
    "mean": 14.505389221556888,
    "std": 4.834555055903057,
    "p10": 8.0,
    "p90": 21.0,
    "n": 167
  },
  "15": {
    "mean": 13.2317880794702,
    "std": 4.570111170944345,
    "p10": 8.0,
    "p90": 19.0,
    "n": 151
  },
  "16": {
    "mean": 11.536486486486487,
    "std": 4.609191477325073,
    "p10": 6.700000000000001,
    "p90": 18.0,
    "n": 148
  },
  "17": {
    "mean": 9.874358974358975,
    "std": 4.286285282376677,
    "p10": 5.0,
    "p90": 15.5,
    "n": 156
  },
  "18": {
    "mean": 8.32,
    "std": 4.535201615284063,
    "p10": 3.0,
    "p90": 16.0,
    "n": 150
  },
  "19": {
    "mean": 6.580132450331126,
    "std": 4.160881635223471,
    "p10": 2.0,
    "p90": 13.0,
    "n": 151
  },
  "20": {
    "mean": 4.985714285714286,
    "std": 4.222218916594751,
    "p10": 1.0,
    "p90": 11.0,
    "n": 140
  },
  "21": {
    "mean": 4.041958041958042,
    "std": 4.471937737154632,
    "p10": 0.0,
    "p90": 10.0,
    "n": 143
  },
  "22": {
    "mean": 3.1136363636363638,
    "std": 4.189495637761218,
    "p10": 0.0,
    "p90": 8.900000000000006,
    "n": 132
  },
  "23": {
    "mean": 3.328358208955224,
    "std": 4.744250369654798,
    "p10": 0.0,
    "p90": 9.0,
    "n": 134
  }
}