{
  "0": {
    "mean": 3.133888888888889,
    "std": 3.0028508593792567,
    "p10": 0.0,
    "p90": 7.0,
    "n": 180
  },
  "1": {
    "mean": 3.886772486772487,
    "std": 3.051836673372469,
    "p10": 0.0,
    "p90": 8.0,
    "n": 189
  },
  "2": {
    "mean": 4.616216216216216,
    "std": 3.3794707517142566,
    "p10": 1.0,
    "p90": 9.0,
    "n": 185
  },
  "3": {
    "mean": 4.8875,
    "std": 3.0633537382506875,
    "p10": 1.0,
    "p90": 9.0,
    "n": 192
  },
  "4": {
    "mean": 5.146428571428571,
    "std": 3.11536103188288,
    "p10": 2.0,
    "p90": 9.0,
    "n": 196
  },
  "5": {
    "mean": 5.535204081632654,
    "std": 3.1726290091865392,
    "p10": 2.0,
    "p90": 10.0,
    "n": 196
  },
  "6": {
    "mean": 5.782439024390245,
    "std": 3.3869101979039407,
    "p10": 2.0,
    "p90": 10.0,
    "n": 205
  },
  "7": {
    "mean": 6.1258373205741625,
    "std": 3.2840820038518452,
    "p10": 2.0,
    "p90": 11.0,
    "n": 209
  },
  "8": {
    "mean": 6.369302325581396,
    "std": 3.507520222194979,
    "p10": 2.0,
    "p90": 11.06,
    "n": 215
  },
  "9": {
    "mean": 6.87621359223301,
    "std": 3.7070094755364194,
    "p10": 3.0,
    "p90": 12.5,
    "n": 206
  },
  "10": {
    "mean": 7.039903846153846,
    "std": 4.020009612599918,
    "p10": 3.0,
    "p90": 13.0,
    "n": 208
  },
  "11": {
    "mean": 7.678026905829595,
    "std": 4.456851356876383,
    "p10": 3.0,
    "p90": 15.0,
    "n": 223
  },
  "12": {
    "mean": 7.626851851851852,
    "std": 4.003152396903438,
    "p10": 3.0,
    "p90": 14.0,
    "n": 216
  },
  "13": {
    "mean": 7.571848739495798,
    "std": 4.243755097461996,
    "p10": 3.0,
    "p90": 14.250000000000007,
    "n": 238
  },
  "14": {
    "mean": 7.664159292035398,
    "std": 4.571184961991312,
    "p10": 3.0,
    "p90": 15.0,
    "n": 226
  },
  "15": {
    "mean": 7.304166666666666,
    "std": 4.295436828231528,
    "p10": 3.0,
    "p90": 14.0,
    "n": 240
  },
  "16": {
    "mean": 6.724663677130046,
    "std": 4.030119903976985,
    "p10": 3.0,
    "p90": 12.0,
    "n": 223
  },
  "17": {
    "mean": 5.605797101449276,
    "std": 3.605021473266144,
    "p10": 2.0,
    "p90": 10.0,
    "n": 207
  },
  "18": {
    "mean": 4.377114427860696,
    "std": 3.0958801061799526,
    "p10": 1.2000000000000028,
    "p90": 8.0,
    "n": 201
  },
  "19": {
    "mean": 3.2270408163265305,
    "std": 2.4967123856758153,
    "p10": 1.0,
    "p90": 6.0,
    "n": 196
  },
  "20": {
    "mean": 2.199521531100478,
    "std": 2.103762600118935,
    "p10": 0.0,
    "p90": 4.0,
    "n": 209
  },
  "21": {
    "mean": 1.7405128205128204,
    "std": 2.0172835014816974,
    "p10": 0.0,
    "p90": 4.0,
    "n": 195
  },
  "22": {
    "mean": 1.4505154639175257,
    "std": 2.105537909504522,
    "p10": 0.0,
    "p90": 4.0,
    "n": 194
  },
  "23": {
    "mean": 2.0316326530612248,
    "std": 2.6706417912525664,
    "p10": 0.0,
    "p90": 5.0,
    "n": 196
  }
}