{
  "0": {
    "mean": 2.8653846153846154,
    "std": 3.3963363822667194,
    "p10": 0.0,
    "p90": 7.0,
    "n": 104
  },
  "1": {
    "mean": 4.266666666666667,
    "std": 3.5171739821215584,
    "p10": 0.0,
    "p90": 10.0,
    "n": 105
  },
  "2": {
    "mean": 6.921904761904761,
    "std": 3.5865663071324745,
    "p10": 3.0,
    "p90": 12.0,
    "n": 105
  },
  "3": {
    "mean": 9.66788990825688,
    "std": 3.4949932637550973,
    "p10": 5.0,
    "p90": 15.0,
    "n": 109
  },
  "4": {
    "mean": 11.190909090909091,
    "std": 3.3110752557829124,
    "p10": 7.0,
    "p90": 15.0,
    "n": 110
  },
  "5": {
    "mean": 12.723214285714286,
    "std": 3.4437822843693855,
    "p10": 8.0,
    "p90": 17.0,
    "n": 112
  },
  "6": {
    "mean": 13.861290322580645,
    "std": 3.5881627809604484,
    "p10": 9.0,
    "p90": 19.0,
    "n": 124
  },
  "7": {
    "mean": 15.3,
    "std": 3.9037737564162707,
    "p10": 10.0,
    "p90": 20.0,
    "n": 110
  },
  "8": {
    "mean": 16.078048780487805,
    "std": 4.202078653951446,
    "p10": 11.0,
    "p90": 21.0,
    "n": 123
  },
  "9": {
    "mean": 16.484126984126984,
    "std": 4.413169612845855,
    "p10": 11.0,
    "p90": 23.0,
    "n": 126
  },
  "10": {
    "mean": 17.56031746031746,
    "std": 4.789924080652291,
    "p10": 11.0,
    "p90": 24.0,
    "n": 126
  },
  "11": {
    "mean": 17.881889763779526,
    "std": 5.089070413178738,
    "p10": 12.0,
    "p90": 25.0,
    "n": 127
  },
  "12": {
    "mean": 18.269565217391303,
    "std": 5.305424970363221,
    "p10": 11.700000000000001,
    "p90": 26.0,
    "n": 138
  },
  "13": {
    "mean": 19.107575757575756,
    "std": 5.1580459820551825,
    "p10": 12.0,
    "p90": 26.0,
    "n": 132
  },
  "14": {
    "mean": 17.556923076923077,
    "std": 4.968925740770614,
    "p10": 11.0,
    "p90": 24.0,
    "n": 130
  },
  "15": {
    "mean": 15.646268656716417,
    "std": 4.55079364666197,
    "p10": 10.0,
    "p90": 21.0,
    "n": 134
  },
  "16": {
    "mean": 14.451515151515151,
    "std": 4.512281541492324,
    "p10": 9.0,
    "p90": 20.0,
    "n": 132
  },
  "17": {
    "mean": 12.340458015267174,
    "std": 4.382110110366645,
    "p10": 7.0,
    "p90": 18.0,
    "n": 131
  },
  "18": {
    "mean": 9.810169491525423,
    "std": 4.074422822750293,
    "p10": 5.0,
    "p90": 15.0,
    "n": 118
  },
  "19": {
    "mean": 7.405454545454545,
    "std": 3.9107904446012784,
    "p10": 3.0,
    "p90": 12.0,
    "n": 110
  },
  "20": {
    "mean": 5.638260869565217,
    "std": 3.873608015036776,
    "p10": 2.0,
    "p90": 11.92,
    "n": 115
  },
  "21": {
    "mean": 3.9906542056074765,
    "std": 3.6329086197805105,
    "p10": 0.6000000000000014,
    "p90": 9.0,
    "n": 107
  },
  "22": {
    "mean": 3.2162162162162162,
    "std": 3.762024129750573,
    "p10": 0.0,
    "p90": 8.0,
    "n": 111
  },
  "23": {
    "mean": 3.091743119266055,
    "std": 4.033519932331116,
    "p10": 0.0,
    "p90": 8.200000000000003,
    "n": 109
  }
}