{
  "0": {
    "mean": 3.7659340659340663,
    "std": 3.6816918936880865,
    "p10": 0.0,
    "p90": 8.0,
    "n": 182
  },
  "1": {
    "mean": 4.891111111111111,
    "std": 3.240409810776299,
    "p10": 1.0,
    "p90": 9.0,
    "n": 180
  },
  "2": {
    "mean": 6.495027624309392,
    "std": 3.6357832144623243,
    "p10": 3.0,
    "p90": 11.0,
    "n": 181
  },
  "3": {
    "mean": 7.203125,
    "std": 3.7315957628302634,
    "p10": 3.0,
    "p90": 12.0,
    "n": 192
  },
  "4": {
    "mean": 7.393939393939394,
    "std": 3.6121008744597263,
    "p10": 3.0,
    "p90": 11.300000000000011,
    "n": 198
  },
  "5": {
    "mean": 8.021875,
    "std": 3.898951480075004,
    "p10": 3.0,
    "p90": 13.0,
    "n": 192
  },
  "6": {
    "mean": 8.782010582010582,
    "std": 4.11710161682848,
    "p10": 3.0,
    "p90": 14.0,
    "n": 189
  },
  "7": {
    "mean": 9.299481865284974,
    "std": 4.288216623897575,
    "p10": 4.0,
    "p90": 15.0,
    "n": 193
  },
  "8": {
    "mean": 9.853125,
    "std": 4.323985293914578,
    "p10": 4.200000000000003,
    "p90": 15.900000000000006,
    "n": 192
  },
  "9": {
    "mean": 10.051960784313728,
    "std": 4.485405570453966,
    "p10": 5.0,
    "p90": 16.0,
    "n": 204
  },
  "10": {
    "mean": 10.582125603864734,
    "std": 4.716014785799046,
    "p10": 5.0,
    "p90": 17.0,
    "n": 207
  },
  "11": {
    "mean": 11.00362694300518,
    "std": 4.843792989669386,
    "p10": 5.0,
    "p90": 17.0,
    "n": 193
  },
  "12": {
    "mean": 11.55,
    "std": 5.116928332071456,
    "p10": 5.0,
    "p90": 19.0,
    "n": 226
  },
  "13": {
    "mean": 11.147263681592039,
    "std": 4.918109898642401,
    "p10": 5.0,
    "p90": 18.0,
    "n": 201
  },
  "14": {
    "mean": 11.305529953917052,
    "std": 4.715220314191811,
    "p10": 6.0,
    "p90": 18.0,
    "n": 217
  },
  "15": {
    "mean": 10.365104166666667,
    "std": 4.240255967476582,
    "p10": 5.100000000000001,
    "p90": 16.0,
    "n": 192
  },
  "16": {
    "mean": 8.70704845814978,
    "std": 3.6404856736593936,
    "p10": 5.0,
    "p90": 14.0,
    "n": 227
  },
  "17": {
    "mean": 7.2288557213930345,
    "std": 3.370602792391831,
    "p10": 3.0,
    "p90": 12.0,
    "n": 201
  },
  "18": {
    "mean": 5.453921568627452,
    "std": 2.967813265693299,
    "p10": 2.0,
    "p90": 9.0,
    "n": 204
  },
  "19": {
    "mean": 4.359782608695652,
    "std": 2.820904005108059,
    "p10": 1.0,
    "p90": 8.0,
    "n": 184
  },
  "20": {
    "mean": 3.624468085106383,
    "std": 3.384335926304835,
    "p10": 0.0,
    "p90": 8.0,
    "n": 188
  },
  "21": {
    "mean": 2.824858757062147,
    "std": 3.3231032025367218,
    "p10": 0.0,
    "p90": 7.400000000000006,
    "n": 177
  },
  "22": {
    "mean": 2.5392265193370167,
    "std": 3.1251057686213746,
    "p10": 0.0,
    "p90": 8.0,
    "n": 181
  },
  "23": {
    "mean": 2.4593023255813953,
    "std": 3.13694744560469,
    "p10": 0.0,
    "p90": 7.0,
    "n": 172
  }
}