{
  "0": {
    "mean": 3.697986577181208,
    "std": 3.030709260460368,
    "p10": 0.0,
    "p90": 8.200000000000017,
    "n": 149
  },
  "1": {
    "mean": 5.031788079470198,
    "std": 3.1701182072792835,
    "p10": 1.0,
    "p90": 10.0,
    "n": 151
  },
  "2": {
    "mean": 6.180392156862745,
    "std": 3.068752935973071,
    "p10": 3.0,
    "p90": 10.0,
    "n": 153
  },
  "3": {
    "mean": 6.768211920529802,
    "std": 3.3495148078674934,
    "p10": 3.0,
    "p90": 11.0,
    "n": 151
  },
  "4": {
    "mean": 7.315789473684211,
    "std": 3.3541928937719407,
    "p10": 3.0,
    "p90": 11.0,
    "n": 152
  },
  "5": {
    "mean": 8.072847682119205,
    "std": 3.7347009478642224,
    "p10": 3.0,
    "p90": 13.0,
    "n": 151
  },
  "6": {
    "mean": 8.274390243902438,
    "std": 3.9102919406994814,
    "p10": 3.0,
    "p90": 13.0,
    "n": 164
  },
  "7": {
    "mean": 8.764071856287424,
    "std": 3.905344215378293,
    "p10": 4.0,
    "p90": 13.400000000000006,
    "n": 167
  },
  "8": {
    "mean": 9.456441717791412,
    "std": 4.1049508923216536,
    "p10": 5.0,
    "p90": 15.0,
    "n": 163
  },
  "9": {
    "mean": 10.462745098039216,
    "std": 4.578236306485127,
    "p10": 5.0,
    "p90": 17.0,
    "n": 153
  },
  "10": {
    "mean": 10.721518987341772,
    "std": 4.588650381938318,
    "p10": 5.0,
    "p90": 17.0,
    "n": 158
  },
  "11": {
    "mean": 11.245,
    "std": 4.785457530224763,
    "p10": 5.0,
    "p90": 17.0,
    "n": 160
  },
  "12": {
    "mean": 11.39418604651163,
    "std": 4.97894642677945,
    "p10": 5.0,
    "p90": 18.0,
    "n": 172
  },
  "13": {
    "mean": 11.52046783625731,
    "std": 4.821934175370549,
    "p10": 6.0,
    "p90": 18.0,
    "n": 171
  },
  "14": {
    "mean": 11.140449438202246,
    "std": 4.485688960079779,
    "p10": 6.0,
    "p90": 17.0,
    "n": 178
  },
  "15": {
    "mean": 9.69156626506024,
    "std": 3.807845324694066,
    "p10": 5.5,
    "p90": 15.0,
    "n": 166
  },
  "16": {
    "mean": 7.623728813559323,
    "std": 2.892093786773625,
    "p10": 4.0,
    "p90": 11.0,
    "n": 177
  },
  "17": {
    "mean": 6.219540229885058,
    "std": 2.6958044508273447,
    "p10": 3.0,
    "p90": 9.0,
    "n": 174
  },
  "18": {
    "mean": 5.136094674556213,
    "std": 2.6902268253691455,
    "p10": 2.0,
    "p90": 9.0,
    "n": 169
  },
  "19": {
    "mean": 3.8214285714285716,
    "std": 2.1841054255318055,
    "p10": 1.0,
    "p90": 7.0,
    "n": 168
  },
  "20": {
    "mean": 2.4155688622754488,
    "std": 2.0807776595355385,
    "p10": 0.0,
    "p90": 5.0,
    "n": 167
  },
  "21": {
    "mean": 1.623225806451613,
    "std": 1.5978808756713363,
    "p10": 0.0,
    "p90": 4.0,
    "n": 155
  },
  "22": {
    "mean": 1.2468354430379747,
    "std": 1.665256464862886,
    "p10": 0.0,
    "p90": 3.0,
    "n": 158
  },
  "23": {
    "mean": 2.0197368421052633,
    "std": 1.8177578603594504,
    "p10": 0.0,
    "p90": 4.0,
    "n": 152
  }
}