{
  "0": {
    "mean": 4.883116883116883,
    "std": 4.117852178188581,
    "p10": 0.0,
    "p90": 11.0,
    "n": 154
  },
  "1": {
    "mean": 6.987179487179487,
    "std": 4.2176697120370354,
    "p10": 2.0,
    "p90": 13.0,
    "n": 156
  },
  "2": {
    "mean": 8.799999999999999,
    "std": 4.5764615151883445,
    "p10": 4.0,
    "p90": 15.0,
    "n": 151
  },
  "3": {
    "mean": 9.51025641025641,
    "std": 4.693622020973258,
    "p10": 4.5,
    "p90": 16.0,
    "n": 156
  },
  "4": {
    "mean": 10.082666666666666,
    "std": 4.889500415960037,
    "p10": 5.0,
    "p90": 17.0,
    "n": 150
  },
  "5": {
    "mean": 10.396153846153846,
    "std": 5.018133371186677,
    "p10": 5.0,
    "p90": 17.0,
    "n": 156
  },
  "6": {
    "mean": 10.631847133757962,
    "std": 5.081465039812937,
    "p10": 5.0,
    "p90": 18.0,
    "n": 157
  },
  "7": {
    "mean": 10.967295597484277,
    "std": 5.2328501909504155,
    "p10": 6.0,
    "p90": 18.0,
    "n": 159
  },
  "8": {
    "mean": 11.498734177215189,
    "std": 5.572532584614932,
    "p10": 5.0,
    "p90": 19.0,
    "n": 158
  },
  "9": {
    "mean": 11.71715976331361,
    "std": 5.638832324185224,
    "p10": 5.800000000000001,
    "p90": 20.0,
    "n": 169
  },
  "10": {
    "mean": 12.122155688622755,
    "std": 5.762314222995019,
    "p10": 5.0,
    "p90": 20.400000000000006,
    "n": 167
  },
  "11": {
    "mean": 12.615662650602408,
    "std": 5.931568997352568,
    "p10": 6.0,
    "p90": 20.5,
    "n": 166
  },
  "12": {
    "mean": 12.883832335329341,
    "std": 5.909572766704227,
    "p10": 6.0,
    "p90": 21.0,
    "n": 167
  },
  "13": {
    "mean": 12.638372093023257,
    "std": 5.7852538619063205,
    "p10": 6.0,
    "p90": 20.900000000000006,
    "n": 172
  },
  "14": {
    "mean": 11.15764705882353,
    "std": 5.0759993674977375,
    "p10": 6.0,
    "p90": 18.0,
    "n": 170
  },
  "15": {
    "mean": 9.166265060240963,
    "std": 4.275859711065274,
    "p10": 5.0,
    "p90": 15.0,
    "n": 166
  },
  "16": {
    "mean": 7.461728395061728,
    "std": 4.144668592232333,
    "p10": 3.1000000000000014,
    "p90": 13.900000000000006,
    "n": 162
  },
  "17": {
    "mean": 5.696296296296296,
    "std": 4.1326587307634215,
    "p10": 2.0,
    "p90": 12.0,
    "n": 162
  },
  "18": {
    "mean": 4.28625,
    "std": 3.6100225177436682,
    "p10": 1.0,
    "p90": 9.099999999999994,
    "n": 160
  },
  "19": {
    "mean": 2.8818713450292397,
    "std": 3.0401758861363013,
    "p10": 0.0,
    "p90": 7.0,
    "n": 171
  },
  "20": {
    "mean": 1.8503225806451613,
    "std": 2.5532859956897727,
    "p10": 0.0,
    "p90": 4.599999999999994,
    "n": 155
  },
  "21": {
    "mean": 1.3430463576158942,
    "std": 2.200409353848346,
    "p10": 0.0,
    "p90": 4.0,
    "n": 151
  },
  "22": {
    "mean": 1.9131578947368422,
    "std": 2.4089975989730243,
    "p10": 0.0,
    "p90": 4.0,
    "n": 152
  },
  "23": {
    "mean": 3.1810810810810812,
    "std": 2.6926291769453865,
    "p10": 1.0,
    "p90": 6.0,
    "n": 148
  }
}