{
  "0": {
    "mean": 4.192592592592593,
    "std": 3.7985213788112877,
    "p10": 0.0,
    "p90": 9.0,
    "n": 162
  },
  "1": {
    "mean": 6.282208588957055,
    "std": 3.881754093848676,
    "p10": 2.0,
    "p90": 11.0,
    "n": 163
  },
  "2": {
    "mean": 7.74375,
    "std": 4.269604248668905,
    "p10": 3.0,
    "p90": 14.0,
    "n": 160
  },
  "3": {
    "mean": 8.391304347826088,
    "std": 4.476569435744683,
    "p10": 3.0,
    "p90": 15.0,
    "n": 161
  },
  "4": {
    "mean": 8.885350318471337,
    "std": 4.777039305252384,
    "p10": 4.0,
    "p90": 16.0,
    "n": 157
  },
  "5": {
    "mean": 9.338461538461537,
    "std": 5.10438653559484,
    "p10": 4.0,
    "p90": 17.0,
    "n": 169
  },
  "6": {
    "mean": 10.173913043478262,
    "std": 5.326308779764021,
    "p10": 5.0,
    "p90": 19.0,
    "n": 161
  },
  "7": {
    "mean": 10.54320987654321,
    "std": 5.535990393118189,
    "p10": 4.0,
    "p90": 19.0,
    "n": 162
  },
  "8": {
    "mean": 10.945882352941176,
    "std": 5.890189475482362,
    "p10": 4.0,
    "p90": 20.0,
    "n": 170
  },
  "9": {
    "mean": 11.54814814814815,
    "std": 6.022589177444869,
    "p10": 5.0,
    "p90": 20.0,
    "n": 162
  },
  "10": {
    "mean": 11.798816568047338,
    "std": 5.833584907830413,
    "p10": 6.0,
    "p90": 21.0,
    "n": 169
  },
  "11": {
    "mean": 12.261904761904763,
    "std": 6.185978054751684,
    "p10": 6.0,
    "p90": 22.30000000000001,
    "n": 168
  },
  "12": {
    "mean": 12.365269461077844,
    "std": 6.178430495749608,
    "p10": 6.0,
    "p90": 22.0,
    "n": 167
  },
  "13": {
    "mean": 12.581286549707603,
    "std": 6.061032777922697,
    "p10": 6.0,
    "p90": 22.0,
    "n": 171
  },
  "14": {
    "mean": 11.983333333333333,
    "std": 5.639520364723766,
    "p10": 6.0,
    "p90": 20.0,
    "n": 180
  },
  "15": {
    "mean": 9.948837209302326,
    "std": 4.748277476189452,
    "p10": 5.0,
    "p90": 17.900000000000006,
    "n": 172
  },
  "16": {
    "mean": 8.250588235294117,
    "std": 4.6659315052511285,
    "p10": 3.0,
    "p90": 15.0,
    "n": 170
  },
  "17": {
    "mean": 6.8977272727272725,
    "std": 4.544484312035598,
    "p10": 2.5,
    "p90": 13.0,
    "n": 176
  },
  "18": {
    "mean": 5.4187134502923975,
    "std": 4.432088949096169,
    "p10": 1.0,
    "p90": 11.0,
    "n": 171
  },
  "19": {
    "mean": 4.196363636363636,
    "std": 3.993438076625247,
    "p10": 0.0,
    "p90": 10.0,
    "n": 165
  },
  "20": {
    "mean": 2.725287356321839,
    "std": 3.5440324634405003,
    "p10": 0.0,
    "p90": 8.0,
    "n": 174
  },
  "21": {
    "mean": 2.04375,
    "std": 3.028889982865323,
    "p10": 0.0,
    "p90": 5.0,
    "n": 160
  },
  "22": {
    "mean": 2.1890243902439024,
    "std": 3.1164911092055596,
    "p10": 0.0,
    "p90": 5.700000000000017,
    "n": 164
  },
  "23": {
    "mean": 3.06625,
    "std": 3.1892683157641506,
    "p10": 0.0,
    "p90": 7.0,
    "n": 160
  }
}