{
  "0": {
    "mean": 4.941772151898734,
    "std": 3.9870046095623928,
    "p10": 0.0,
    "p90": 10.300000000000011,
    "n": 158
  },
  "1": {
    "mean": 6.953846153846153,
    "std": 3.9161433400795778,
    "p10": 3.0,
    "p90": 12.0,
    "n": 156
  },
  "2": {
    "mean": 9.317499999999999,
    "std": 3.753833260940528,
    "p10": 5.0,
    "p90": 14.0,
    "n": 160
  },
  "3": {
    "mean": 10.80886075949367,
    "std": 3.87205206949703,
    "p10": 6.0,
    "p90": 16.0,
    "n": 158
  },
  "4": {
    "mean": 11.37051282051282,
    "std": 3.943000625014766,
    "p10": 7.0,
    "p90": 16.0,
    "n": 156
  },
  "5": {
    "mean": 11.63435582822086,
    "std": 4.0056500276746165,
    "p10": 7.0,
    "p90": 17.0,
    "n": 163
  },
  "6": {
    "mean": 12.136585365853659,
    "std": 4.050646004530347,
    "p10": 8.0,
    "p90": 17.0,
    "n": 164
  },
  "7": {
    "mean": 12.355688622754489,
    "std": 4.071552866638678,
    "p10": 8.0,
    "p90": 17.400000000000006,
    "n": 167
  },
  "8": {
    "mean": 12.8,
    "std": 4.131182235954578,
    "p10": 8.0,
    "p90": 18.0,
    "n": 166
  },
  "9": {
    "mean": 13.060493827160496,
    "std": 4.315685072247372,
    "p10": 8.100000000000001,
    "p90": 18.0,
    "n": 162
  },
  "10": {
    "mean": 13.25508982035928,
    "std": 4.160494912095249,
    "p10": 9.0,
    "p90": 18.400000000000006,
    "n": 167
  },
  "11": {
    "mean": 13.406024096385543,
    "std": 4.254020540976759,
    "p10": 9.0,
    "p90": 19.0,
    "n": 166
  },
  "12": {
    "mean": 13.34335260115607,
    "std": 4.187831802537553,
    "p10": 9.0,
    "p90": 19.0,
    "n": 173
  },
  "13": {
    "mean": 12.864804469273745,
    "std": 3.9236879780626546,
    "p10": 8.8,
    "p90": 18.0,
    "n": 179
  },
  "14": {
    "mean": 11.136416184971099,
    "std": 3.2123133173834155,
    "p10": 8.0,
    "p90": 15.0,
    "n": 173
  },
  "15": {
    "mean": 9.05207100591716,
    "std": 3.120078768034178,
    "p10": 6.0,
    "p90": 13.0,
    "n": 169
  },
  "16": {
    "mean": 6.957541899441341,
    "std": 2.8173592289447154,
    "p10": 4.0,
    "p90": 10.0,
    "n": 179
  },
  "17": {
    "mean": 5.230952380952381,
    "std": 2.6623107423320835,
    "p10": 2.0,
    "p90": 9.0,
    "n": 168
  },
  "18": {
    "mean": 3.576878612716763,
    "std": 2.298821126662263,
    "p10": 1.0,
    "p90": 6.800000000000011,
    "n": 173
  },
  "19": {
    "mean": 2.2062893081761006,
    "std": 2.2056798238618622,
    "p10": 0.0,
    "p90": 6.0,
    "n": 159
  },
  "20": {
    "mean": 1.2901234567901234,
    "std": 1.510551290772696,
    "p10": 0.0,
    "p90": 3.0,
    "n": 162
  },
  "21": {
    "mean": 1.2586666666666668,
    "std": 1.4895694016181773,
    "p10": 0.0,
    "p90": 3.0,
    "n": 150
  },
  "22": {
    "mean": 1.9137254901960785,
    "std": 1.7761230258898086,
    "p10": 0.0,
    "p90": 4.0,
    "n": 153
  },
  "23": {
    "mean": 3.171794871794872,
    "std": 1.970812665907786,
    "p10": 1.0,
    "p90": 6.0,
    "n": 156
  }
}