{
  "0": {
    "mean": 2.901190476190476,
    "std": 2.5633994106170555,
    "p10": 0.0,
    "p90": 7.0,
    "n": 168
  },
  "1": {
    "mean": 3.684076433121019,
    "std": 2.4608865807572893,
    "p10": 1.0,
    "p90": 7.0,
    "n": 157
  },
  "2": {
    "mean": 4.239506172839506,
    "std": 2.5619130571477284,
    "p10": 1.0,
    "p90": 8.0,
    "n": 162
  },
  "3": {
    "mean": 4.5390243902439025,
    "std": 2.488686356000403,
    "p10": 1.859999999999998,
    "p90": 8.0,
    "n": 164
  },
  "4": {
    "mean": 5.10060606060606,
    "std": 2.5244776559377375,
    "p10": 2.0,
    "p90": 9.0,
    "n": 165
  },
  "5": {
    "mean": 5.515189873417722,
    "std": 2.6631042949932406,
    "p10": 2.0,
    "p90": 10.0,
    "n": 158
  },
  "6": {
    "mean": 5.807100591715977,
    "std": 3.0475512020484246,
    "p10": 2.0,
    "p90": 10.0,
    "n": 169
  },
  "7": {
    "mean": 5.902380952380953,
    "std": 2.9530447573709773,
    "p10": 2.0,
    "p90": 10.0,
    "n": 168
  },
  "8": {
    "mean": 6.270967741935484,
    "std": 3.169673208329596,
    "p10": 3.0,
    "p90": 11.0,
    "n": 186
  },
  "9": {
    "mean": 6.991860465116279,
    "std": 3.712243536459241,
    "p10": 3.0,
    "p90": 12.0,
    "n": 172
  },
  "10": {
    "mean": 7.268817204301075,
    "std": 3.795359285620487,
    "p10": 3.0,
    "p90": 12.0,
    "n": 186
  },
  "11": {
    "mean": 7.746031746031746,
    "std": 4.051772349133105,
    "p10": 3.0,
    "p90": 14.0,
    "n": 189
  },
  "12": {
    "mean": 7.951685393258427,
    "std": 4.051995737878485,
    "p10": 3.0,
    "p90": 14.0,
    "n": 178
  },
  "13": {
    "mean": 7.786934673366834,
    "std": 3.819729504246324,
    "p10": 3.0,
    "p90": 13.0,
    "n": 199
  },
  "14": {
    "mean": 7.867039106145252,
    "std": 3.6604134434669806,
    "p10": 3.0,
    "p90": 13.0,
    "n": 179
  },
  "15": {
    "mean": 7.548421052631579,
    "std": 3.5092127626165754,
    "p10": 3.0,
    "p90": 12.0,
    "n": 190
  },
  "16": {
    "mean": 6.1688888888888895,
    "std": 2.4413406173518126,
    "p10": 3.0,
    "p90": 9.099999999999994,
    "n": 180
  },
  "17": {
    "mean": 4.981521739130435,
    "std": 2.3945032384792593,
    "p10": 2.0,
    "p90": 8.0,
    "n": 184
  },
  "18": {
    "mean": 4.237837837837838,
    "std": 2.32857384877798,
    "p10": 1.0,
    "p90": 8.0,
    "n": 185
  },
  "19": {
    "mean": 3.298324022346369,
    "std": 2.221687658453154,
    "p10": 0.9200000000000006,
    "p90": 6.0,
    "n": 179
  },
  "20": {
    "mean": 2.436144578313253,
    "std": 2.0066905251729543,
    "p10": 0.0,
    "p90": 5.0,
    "n": 166
  },
  "21": {
    "mean": 2.0505882352941174,
    "std": 1.899867546265238,
    "p10": 0.0,
    "p90": 4.099999999999994,
    "n": 170
  },
  "22": {
    "mean": 1.653416149068323,
    "std": 1.6924476009577298,
    "p10": 0.0,
    "p90": 4.0,
    "n": 161
  },
  "23": {
    "mean": 1.9437125748502995,
    "std": 1.9764744354525663,
    "p10": 0.0,
    "p90": 5.0,
    "n": 167
  }
}