{
  "0": {
    "mean": 5.739869281045752,
    "std": 4.474846952238482,
    "p10": 0.0,
    "p90": 12.0,
    "n": 153
  },
  "1": {
    "mean": 8.33076923076923,
    "std": 4.4659950361068494,
    "p10": 4.0,
    "p90": 14.0,
    "n": 156
  },
  "2": {
    "mean": 9.251572327044025,
    "std": 4.550655194805927,
    "p10": 4.0,
    "p90": 15.0,
    "n": 159
  },
  "3": {
    "mean": 9.837735849056605,
    "std": 4.73142844121515,
    "p10": 5.0,
    "p90": 16.0,
    "n": 159
  },
  "4": {
    "mean": 10.432926829268293,
    "std": 4.922878974074644,
    "p10": 5.0,
    "p90": 16.0,
    "n": 164
  },
  "5": {
    "mean": 10.976100628930817,
    "std": 5.0289976744936835,
    "p10": 5.0,
    "p90": 17.0,
    "n": 159
  },
  "6": {
    "mean": 11.12814371257485,
    "std": 5.209824896203498,
    "p10": 5.0,
    "p90": 18.0,
    "n": 167
  },
  "7": {
    "mean": 11.950920245398773,
    "std": 5.471321054936599,
    "p10": 6.0,
    "p90": 19.0,
    "n": 163
  },
  "8": {
    "mean": 12.462111801242237,
    "std": 5.863115043423791,
    "p10": 6.0,
    "p90": 20.0,
    "n": 161
  },
  "9": {
    "mean": 12.967058823529412,
    "std": 5.982012252431061,
    "p10": 6.0,
    "p90": 21.099999999999994,
    "n": 170
  },
  "10": {
    "mean": 13.191566265060242,
    "std": 6.349014809172957,
    "p10": 6.0,
    "p90": 22.0,
    "n": 166
  },
  "11": {
    "mean": 13.566279069767443,
    "std": 6.568756644258426,
    "p10": 6.0,
    "p90": 23.0,
    "n": 172
  },
  "12": {
    "mean": 13.658620689655171,
    "std": 6.371759436585761,
    "p10": 7.0,
    "p90": 23.0,
    "n": 174
  },
  "13": {
    "mean": 13.809039548022598,
    "std": 5.99506688146177,
    "p10": 7.0,
    "p90": 22.0,
    "n": 177
  },
  "14": {
    "mean": 13.509826589595376,
    "std": 5.740124631374099,
    "p10": 7.0,
    "p90": 21.0,
    "n": 173
  },
  "15": {
    "mean": 10.74705882352941,
    "std": 4.70309197640564,
    "p10": 6.0,
    "p90": 17.0,
    "n": 170
  },
  "16": {
    "mean": 8.91715976331361,
    "std": 4.436617274164967,
    "p10": 4.0,
    "p90": 14.200000000000017,
    "n": 169
  },
  "17": {
    "mean": 7.078823529411765,
    "std": 4.362036170697427,
    "p10": 2.0,
    "p90": 12.099999999999994,
    "n": 170
  },
  "18": {
    "mean": 5.623529411764705,
    "std": 4.199116476774653,
    "p10": 1.0,
    "p90": 11.0,
    "n": 170
  },
  "19": {
    "mean": 3.92,
    "std": 3.941635168921403,
    "p10": 0.0,
    "p90": 9.0,
    "n": 165
  },
  "20": {
    "mean": 2.8354430379746836,
    "std": 3.292262226311623,
    "p10": 0.0,
    "p90": 7.0,
    "n": 158
  },
  "21": {
    "mean": 2.3696969696969696,
    "std": 2.792027505333632,
    "p10": 0.0,
    "p90": 6.0,
    "n": 165
  },
  "22": {
    "mean": 2.33416149068323,
    "std": 2.812719004585733,
    "p10": 0.0,
    "p90": 6.0,
    "n": 161
  },
  "23": {
    "mean": 3.8296296296296295,
    "std": 3.1408526137781254,
    "p10": 0.46000000000000596,
    "p90": 8.0,
    "n": 162
  }
}