{
  "0": {
    "mean": 6.0,
    "std": 4.893496574519309,
    "p10": 0.0,
    "p90": 11.0,
    "n": 150
  },
  "1": {
    "mean": 8.634437086092715,
    "std": 4.889213247651961,
    "p10": 4.0,
    "p90": 14.0,
    "n": 151
  },
  "2": {
    "mean": 10.384615384615385,
    "std": 4.883760500404394,
    "p10": 6.0,
    "p90": 16.0,
    "n": 156
  },
  "3": {
    "mean": 10.948051948051948,
    "std": 5.12305082690593,
    "p10": 6.0,
    "p90": 17.700000000000017,
    "n": 154
  },
  "4": {
    "mean": 11.304458598726114,
    "std": 5.191738308132824,
    "p10": 6.0,
    "p90": 18.0,
    "n": 157
  },
  "5": {
    "mean": 11.707792207792208,
    "std": 5.27656717069602,
    "p10": 6.0,
    "p90": 19.0,
    "n": 154
  },
  "6": {
    "mean": 12.249382716049384,
    "std": 5.209215996060487,
    "p10": 7.0,
    "p90": 20.0,
    "n": 162
  },
  "7": {
    "mean": 12.537106918238994,
    "std": 5.395785432896978,
    "p10": 7.0,
    "p90": 20.0,
    "n": 159
  },
  "8": {
    "mean": 12.668208092485548,
    "std": 5.419878970001914,
    "p10": 7.0,
    "p90": 20.0,
    "n": 173
  },
  "9": {
    "mean": 13.24320987654321,
    "std": 5.646731331121092,
    "p10": 7.100000000000001,
    "p90": 21.0,
    "n": 162
  },
  "10": {
    "mean": 13.574117647058824,
    "std": 5.5755839865265235,
    "p10": 8.0,
    "p90": 22.0,
    "n": 170
  },
  "11": {
    "mean": 13.951162790697675,
    "std": 5.755033275032911,
    "p10": 8.0,
    "p90": 22.900000000000006,
    "n": 172
  },
  "12": {
    "mean": 14.154651162790698,
    "std": 5.6646261956179,
    "p10": 8.0,
    "p90": 22.900000000000006,
    "n": 172
  },
  "13": {
    "mean": 14.122093023255815,
    "std": 5.6270212984358325,
    "p10": 8.0,
    "p90": 22.0,
    "n": 172
  },
  "14": {
    "mean": 12.993142857142859,
    "std": 4.994382920375311,
    "p10": 8.0,
    "p90": 19.599999999999994,
    "n": 175
  },
  "15": {
    "mean": 10.681609195402299,
    "std": 4.240406478924462,
    "p10": 6.300000000000001,
    "p90": 16.880000000000006,
    "n": 174
  },
  "16": {
    "mean": 8.994475138121548,
    "std": 4.169275500037361,
    "p10": 5.0,
    "p90": 15.0,
    "n": 181
  },
  "17": {
    "mean": 6.757396449704142,
    "std": 3.9393113780911952,
    "p10": 3.0,
    "p90": 12.0,
    "n": 169
  },
  "18": {
    "mean": 4.949044585987261,
    "std": 3.8109090683833586,
    "p10": 1.0,
    "p90": 10.0,
    "n": 157
  },
  "19": {
    "mean": 3.096774193548387,
    "std": 3.3609178429978996,
    "p10": 0.0,
    "p90": 8.0,
    "n": 155
  },
  "20": {
    "mean": 1.9936708860759493,
    "std": 2.7749948882561233,
    "p10": 0.0,
    "p90": 5.0,
    "n": 158
  },
  "21": {
    "mean": 1.256578947368421,
    "std": 2.345904450119457,
    "p10": 0.0,
    "p90": 3.0,
    "n": 152
  },
  "22": {
    "mean": 2.2885906040268456,
    "std": 2.7120733616737422,
    "p10": 0.0,
    "p90": 6.0,
    "n": 149
  },
  "23": {
    "mean": 3.9,
    "std": 2.8819037332146915,
    "p10": 1.0,
    "p90": 7.0,
    "n": 150
  }
}