{
  "0": {
    "mean": 2.9976190476190476,
    "std": 2.853466268632213,
    "p10": 0.0,
    "p90": 8.0,
    "n": 168
  },
  "1": {
    "mean": 4.113207547169812,
    "std": 2.8149266062232767,
    "p10": 1.0,
    "p90": 8.0,
    "n": 159
  },
  "2": {
    "mean": 4.944099378881988,
    "std": 3.006759982117315,
    "p10": 2.0,
    "p90": 10.0,
    "n": 161
  },
  "3": {
    "mean": 5.579012345679012,
    "std": 2.941551373734392,
    "p10": 2.0200000000000005,
    "p90": 9.0,
    "n": 162
  },
  "4": {
    "mean": 6.167701863354037,
    "std": 3.2867841898364736,
    "p10": 3.0,
    "p90": 10.0,
    "n": 161
  },
  "5": {
    "mean": 6.8,
    "std": 3.5745431163389316,
    "p10": 2.9000000000000004,
    "p90": 12.0,
    "n": 160
  },
  "6": {
    "mean": 7.0828402366863905,
    "std": 3.697521883033855,
    "p10": 3.0,
    "p90": 12.0,
    "n": 169
  },
  "7": {
    "mean": 7.182352941176471,
    "std": 3.7536467939050513,
    "p10": 3.0,
    "p90": 12.0,
    "n": 170
  },
  "8": {
    "mean": 8.042105263157895,
    "std": 4.280473339758572,
    "p10": 3.0,
    "p90": 14.0,
    "n": 171
  },
  "9": {
    "mean": 8.955428571428572,
    "std": 4.6041537610619425,
    "p10": 4.0,
    "p90": 15.599999999999994,
    "n": 175
  },
  "10": {
    "mean": 9.334117647058823,
    "std": 4.570591689097172,
    "p10": 4.0,
    "p90": 16.0,
    "n": 170
  },
  "11": {
    "mean": 9.955,
    "std": 4.763538138556706,
    "p10": 4.0,
    "p90": 16.0,
    "n": 160
  },
  "12": {
    "mean": 10.0603550295858,
    "std": 4.808910614866442,
    "p10": 4.0,
    "p90": 17.0,
    "n": 169
  },
  "13": {
    "mean": 9.937016574585634,
    "std": 4.636546840621723,
    "p10": 5.0,
    "p90": 16.0,
    "n": 181
  },
  "14": {
    "mean": 9.725555555555555,
    "std": 4.493820987081645,
    "p10": 4.0,
    "p90": 16.0,
    "n": 180
  },
  "15": {
    "mean": 9.370949720670392,
    "std": 4.358543810625652,
    "p10": 4.0,
    "p90": 15.200000000000017,
    "n": 179
  },
  "16": {
    "mean": 7.442222222222222,
    "std": 3.2447285233998966,
    "p10": 3.0,
    "p90": 12.0,
    "n": 180
  },
  "17": {
    "mean": 6.261627906976744,
    "std": 2.7457854405066895,
    "p10": 3.0,
    "p90": 10.0,
    "n": 172
  },
  "18": {
    "mean": 4.994219653179191,
    "std": 2.527746284153805,
    "p10": 2.0,
    "p90": 8.0,
    "n": 173
  },
  "19": {
    "mean": 4.180898876404495,
    "std": 2.382391923645612,
    "p10": 1.0,
    "p90": 7.240000000000008,
    "n": 178
  },
  "20": {
    "mean": 3.083040935672515,
    "std": 2.0944475878652145,
    "p10": 1.0,
    "p90": 6.0,
    "n": 171
  },
  "21": {
    "mean": 2.037037037037037,
    "std": 2.033535271511929,
    "p10": 0.0,
    "p90": 5.0,
    "n": 162
  },
  "22": {
    "mean": 1.6484848484848484,
    "std": 1.8439289329662394,
    "p10": 0.0,
    "p90": 4.0,
    "n": 165
  },
  "23": {
    "mean": 1.6580645161290322,
    "std": 2.0111336522566585,
    "p10": 0.0,
    "p90": 4.0,
    "n": 155
  }
}