{
  "0": {
    "mean": 3.6097560975609757,
    "std": 3.055857440084919,
    "p10": 0.0,
    "p90": 8.799999999999997,
    "n": 123
  },
  "1": {
    "mean": 4.728571428571429,
    "std": 3.1385565381010974,
    "p10": 1.0,
    "p90": 9.0,
    "n": 126
  },
  "2": {
    "mean": 6.060317460317459,
    "std": 3.1008922423090906,
    "p10": 2.0,
    "p90": 10.0,
    "n": 126
  },
  "3": {
    "mean": 6.507936507936508,
    "std": 3.3484229882045224,
    "p10": 2.5,
    "p90": 11.0,
    "n": 126
  },
  "4": {
    "mean": 7.015873015873016,
    "std": 3.2960197256306007,
    "p10": 3.0,
    "p90": 11.0,
    "n": 126
  },
  "5": {
    "mean": 7.8,
    "std": 3.645589469570753,
    "p10": 3.4000000000000004,
    "p90": 13.0,
    "n": 125
  },
  "6": {
    "mean": 7.856115107913669,
    "std": 3.8038903637851647,
    "p10": 3.0,
    "p90": 13.0,
    "n": 139
  },
  "7": {
    "mean": 8.467625899280575,
    "std": 3.869805369545728,
    "p10": 4.0,
    "p90": 13.0,
    "n": 139
  },
  "8": {
    "mean": 9.054014598540146,
    "std": 4.11271369190101,
    "p10": 4.600000000000001,
    "p90": 14.400000000000006,
    "n": 137
  },
  "9": {
    "mean": 10.036507936507936,
    "std": 4.455748703409619,
    "p10": 5.0,
    "p90": 16.0,
    "n": 126
  },
  "10": {
    "mean": 10.227272727272727,
    "std": 4.5993542678051265,
    "p10": 5.0,
    "p90": 16.0,
    "n": 132
  },
  "11": {
    "mean": 10.673134328358207,
    "std": 4.685189658081749,
    "p10": 5.0,
    "p90": 17.0,
    "n": 134
  },
  "12": {
    "mean": 10.786301369863015,
    "std": 4.872252614154568,
    "p10": 5.0,
    "p90": 17.5,
    "n": 146
  },
  "13": {
    "mean": 10.9375,
    "std": 4.6817884784175545,
    "p10": 5.300000000000001,
    "p90": 17.0,
    "n": 144
  },
  "14": {
    "mean": 10.630872483221477,
    "std": 4.357889697090552,
    "p10": 5.800000000000001,
    "p90": 17.0,
    "n": 149
  },
  "15": {
    "mean": 9.175886524822694,
    "std": 3.5751903187946286,
    "p10": 5.0,
    "p90": 14.0,
    "n": 141
  },
  "16": {
    "mean": 7.421333333333334,
    "std": 2.888175073860778,
    "p10": 4.0,
    "p90": 11.0,
    "n": 150
  },
  "17": {
    "mean": 6.076712328767123,
    "std": 2.7238168224371817,
    "p10": 3.0,
    "p90": 9.0,
    "n": 146
  },
  "18": {
    "mean": 5.084507042253521,
    "std": 2.6856407182134285,
    "p10": 2.0,
    "p90": 8.0,
    "n": 142
  },
  "19": {
    "mean": 3.74468085106383,
    "std": 2.198714739241831,
    "p10": 1.0,
    "p90": 7.0,
    "n": 141
  },
  "20": {
    "mean": 2.369014084507042,
    "std": 2.0854505473915745,
    "p10": 0.0,
    "p90": 5.0,
    "n": 142
  },
  "21": {
    "mean": 1.6276923076923075,
    "std": 1.5925707064300563,
    "p10": 0.0,
    "p90": 3.1000000000000085,
    "n": 130
  },
  "22": {
    "mean": 1.2706766917293233,
    "std": 1.6838259984822452,
    "p10": 0.0,
    "p90": 3.0,
    "n": 133
  },
  "23": {
    "mean": 2.031496062992126,
    "std": 1.7814610014220227,
    "p10": 0.0,
    "p90": 4.0,
    "n": 127
  }
}