{
  "0": {
    "mean": 2.962068965517241,
    "std": 2.6389147085775426,
    "p10": 0.0,
    "p90": 7.0,
    "n": 174
  },
  "1": {
    "mean": 3.693827160493827,
    "std": 2.481251221080781,
    "p10": 1.0,
    "p90": 7.0,
    "n": 162
  },
  "2": {
    "mean": 4.284523809523809,
    "std": 2.5959431291861215,
    "p10": 1.0,
    "p90": 8.0,
    "n": 168
  },
  "3": {
    "mean": 4.598830409356725,
    "std": 2.49927020651779,
    "p10": 2.0,
    "p90": 8.0,
    "n": 171
  },
  "4": {
    "mean": 5.126315789473684,
    "std": 2.542707657026693,
    "p10": 2.0,
    "p90": 9.0,
    "n": 171
  },
  "5": {
    "mean": 5.545121951219512,
    "std": 2.659242589663613,
    "p10": 2.0,
    "p90": 9.700000000000017,
    "n": 164
  },
  "6": {
    "mean": 5.824137931034484,
    "std": 3.0460992023910265,
    "p10": 2.0,
    "p90": 10.0,
    "n": 174
  },
  "7": {
    "mean": 5.916763005780346,
    "std": 2.9636571798292906,
    "p10": 2.0,
    "p90": 10.0,
    "n": 173
  },
  "8": {
    "mean": 6.295287958115184,
    "std": 3.1802563279365645,
    "p10": 3.0,
    "p90": 11.0,
    "n": 191
  },
  "9": {
    "mean": 6.986440677966101,
    "std": 3.69850050821208,
    "p10": 3.0,
    "p90": 12.0,
    "n": 177
  },
  "10": {
    "mean": 7.270833333333333,
    "std": 3.8042664576731906,
    "p10": 3.0,
    "p90": 12.0,
    "n": 192
  },
  "11": {
    "mean": 7.705641025641025,
    "std": 4.078624057248973,
    "p10": 3.0,
    "p90": 14.0,
    "n": 195
  },
  "12": {
    "mean": 7.921081081081081,
    "std": 4.037438775807026,
    "p10": 3.0,
    "p90": 14.0,
    "n": 185
  },
  "13": {
    "mean": 7.768780487804878,
    "std": 3.8245595639813166,
    "p10": 3.0,
    "p90": 13.0,
    "n": 205
  },
  "14": {
    "mean": 7.834408602150538,
    "std": 3.6465606045906633,
    "p10": 3.0,
    "p90": 13.0,
    "n": 186
  },
  "15": {
    "mean": 7.511224489795919,
    "std": 3.494593117522867,
    "p10": 3.0,
    "p90": 12.0,
    "n": 196
  },
  "16": {
    "mean": 6.082352941176471,
    "std": 2.473224099157876,
    "p10": 3.0,
    "p90": 9.0,
    "n": 187
  },
  "17": {
    "mean": 4.940625,
    "std": 2.3609421371285477,
    "p10": 2.0,
    "p90": 8.0,
    "n": 192
  },
  "18": {
    "mean": 4.203125,
    "std": 2.3055114082136186,
    "p10": 1.0,
    "p90": 8.0,
    "n": 192
  },
  "19": {
    "mean": 3.2427807486631015,
    "std": 2.208850421113481,
    "p10": 0.8400000000000012,
    "p90": 6.0,
    "n": 187
  },
  "20": {
    "mean": 2.4267441860465113,
    "std": 1.9877945943636135,
    "p10": 0.0,
    "p90": 5.0,
    "n": 172
  },
  "21": {
    "mean": 2.0377142857142854,
    "std": 1.8909814482004916,
    "p10": 0.0,
    "p90": 4.0,
    "n": 175
  },
  "22": {
    "mean": 1.6419161676646705,
    "std": 1.675886003445419,
    "p10": 0.0,
    "p90": 4.0,
    "n": 167
  },
  "23": {
    "mean": 1.945977011494253,
    "std": 1.9450428824314836,
    "p10": 0.0,
    "p90": 4.700000000000017,
    "n": 174
  }
}