{
  "0": {
    "mean": 5.10126582278481,
    "std": 4.3025542308935405,
    "p10": 0.0,
    "p90": 10.0,
    "n": 158
  },
  "1": {
    "mean": 7.050955414012739,
    "std": 4.419937605929188,
    "p10": 2.6000000000000014,
    "p90": 12.400000000000006,
    "n": 157
  },
  "2": {
    "mean": 9.159763313609467,
    "std": 4.4122977429246015,
    "p10": 4.0,
    "p90": 14.200000000000017,
    "n": 169
  },
  "3": {
    "mean": 10.370000000000001,
    "std": 4.720846315768702,
    "p10": 5.0,
    "p90": 16.0,
    "n": 160
  },
  "4": {
    "mean": 11.10625,
    "std": 4.786770125981997,
    "p10": 6.0,
    "p90": 17.099999999999994,
    "n": 160
  },
  "5": {
    "mean": 11.738823529411764,
    "std": 4.83219219898834,
    "p10": 7.0,
    "p90": 18.0,
    "n": 170
  },
  "6": {
    "mean": 12.376608187134503,
    "std": 5.253293887003344,
    "p10": 7.0,
    "p90": 19.0,
    "n": 171
  },
  "7": {
    "mean": 12.601219512195122,
    "std": 5.184852735629921,
    "p10": 7.0,
    "p90": 19.700000000000017,
    "n": 164
  },
  "8": {
    "mean": 12.753571428571428,
    "std": 5.049929066403383,
    "p10": 7.0,
    "p90": 19.30000000000001,
    "n": 168
  },
  "9": {
    "mean": 12.947928994082838,
    "std": 5.165880379002813,
    "p10": 7.0,
    "p90": 20.0,
    "n": 169
  },
  "10": {
    "mean": 13.151219512195123,
    "std": 5.322397261957762,
    "p10": 7.0,
    "p90": 20.0,
    "n": 164
  },
  "11": {
    "mean": 13.506451612903225,
    "std": 5.451829476257169,
    "p10": 7.0,
    "p90": 21.0,
    "n": 186
  },
  "12": {
    "mean": 13.489142857142857,
    "std": 5.179829009863991,
    "p10": 8.0,
    "p90": 20.12,
    "n": 175
  },
  "13": {
    "mean": 12.853179190751444,
    "std": 4.828832224040979,
    "p10": 8.0,
    "p90": 20.0,
    "n": 173
  },
  "14": {
    "mean": 11.120224719101122,
    "std": 4.149267984593557,
    "p10": 7.0,
    "p90": 17.0,
    "n": 178
  },
  "15": {
    "mean": 8.867816091954023,
    "std": 3.587034914861184,
    "p10": 5.0,
    "p90": 13.0,
    "n": 174
  },
  "16": {
    "mean": 7.4375,
    "std": 3.6561591869063905,
    "p10": 4.0,
    "p90": 12.0,
    "n": 176
  },
  "17": {
    "mean": 5.271428571428571,
    "std": 3.4099035555775554,
    "p10": 2.0,
    "p90": 10.0,
    "n": 168
  },
  "18": {
    "mean": 3.5,
    "std": 3.0250434003439515,
    "p10": 0.9000000000000021,
    "p90": 7.0,
    "n": 170
  },
  "19": {
    "mean": 2.295121951219512,
    "std": 2.7020965474808314,
    "p10": 0.0,
    "p90": 5.0,
    "n": 164
  },
  "20": {
    "mean": 1.5595092024539876,
    "std": 2.1256992469526446,
    "p10": 0.0,
    "p90": 4.0,
    "n": 163
  },
  "21": {
    "mean": 1.484076433121019,
    "std": 2.0649861722433958,
    "p10": 0.0,
    "p90": 3.0,
    "n": 157
  },
  "22": {
    "mean": 2.171974522292994,
    "std": 2.0133475885120378,
    "p10": 0.0,
    "p90": 5.0,
    "n": 157
  },
  "23": {
    "mean": 3.2580645161290325,
    "std": 2.012424749508419,
    "p10": 1.0,
    "p90": 6.0,
    "n": 155
  }
}