{
  "0": {
    "mean": 5.021333333333334,
    "std": 4.33726766844525,
    "p10": 0.0,
    "p90": 10.0,
    "n": 150
  },
  "1": {
    "mean": 6.988235294117647,
    "std": 4.381794591147473,
    "p10": 3.0,
    "p90": 12.0,
    "n": 153
  },
  "2": {
    "mean": 9.176623376623377,
    "std": 4.370605800097066,
    "p10": 5.0,
    "p90": 14.0,
    "n": 154
  },
  "3": {
    "mean": 10.807547169811322,
    "std": 4.373735581043681,
    "p10": 7.0,
    "p90": 16.0,
    "n": 159
  },
  "4": {
    "mean": 11.316455696202532,
    "std": 4.604081002783324,
    "p10": 7.0,
    "p90": 16.0,
    "n": 158
  },
  "5": {
    "mean": 11.752866242038216,
    "std": 4.48719775083192,
    "p10": 8.0,
    "p90": 16.400000000000006,
    "n": 157
  },
  "6": {
    "mean": 12.174025974025973,
    "std": 4.509783195444009,
    "p10": 8.0,
    "p90": 17.0,
    "n": 154
  },
  "7": {
    "mean": 12.410843373493975,
    "std": 4.490812494434381,
    "p10": 8.0,
    "p90": 17.5,
    "n": 166
  },
  "8": {
    "mean": 12.768553459119497,
    "std": 4.390815188647572,
    "p10": 8.8,
    "p90": 18.0,
    "n": 159
  },
  "9": {
    "mean": 13.17125,
    "std": 4.643510213934954,
    "p10": 9.0,
    "p90": 19.0,
    "n": 160
  },
  "10": {
    "mean": 13.441916167664672,
    "std": 4.663099560485721,
    "p10": 9.0,
    "p90": 18.400000000000006,
    "n": 167
  },
  "11": {
    "mean": 13.80125,
    "std": 4.8660806164754105,
    "p10": 9.0,
    "p90": 19.0,
    "n": 160
  },
  "12": {
    "mean": 13.824858757062147,
    "std": 4.693401207515699,
    "p10": 9.600000000000001,
    "p90": 19.0,
    "n": 177
  },
  "13": {
    "mean": 12.738554216867472,
    "std": 4.167735562055794,
    "p10": 9.0,
    "p90": 18.0,
    "n": 166
  },
  "14": {
    "mean": 10.870807453416148,
    "std": 3.5605764939043367,
    "p10": 7.200000000000003,
    "p90": 15.0,
    "n": 161
  },
  "15": {
    "mean": 8.928571428571429,
    "std": 3.3475192862943914,
    "p10": 6.0,
    "p90": 12.0,
    "n": 168
  },
  "16": {
    "mean": 7.025149700598803,
    "std": 3.3720452226325226,
    "p10": 4.0,
    "p90": 10.0,
    "n": 167
  },
  "17": {
    "mean": 5.341176470588235,
    "std": 2.975135385220283,
    "p10": 3.0,
    "p90": 9.0,
    "n": 170
  },
  "18": {
    "mean": 3.14375,
    "std": 2.6059604513909727,
    "p10": 1.0,
    "p90": 6.0,
    "n": 160
  },
  "19": {
    "mean": 1.7928571428571427,
    "std": 1.7424455052457344,
    "p10": 0.0,
    "p90": 4.0,
    "n": 168
  },
  "20": {
    "mean": 1.1679012345679012,
    "std": 1.7418364807261701,
    "p10": 0.0,
    "p90": 3.0,
    "n": 162
  },
  "21": {
    "mean": 1.3771812080536912,
    "std": 2.123298072204713,
    "p10": 0.0,
    "p90": 3.0,
    "n": 149
  },
  "22": {
    "mean": 2.1801324503311257,
    "std": 2.3750654690639514,
    "p10": 0.0,
    "p90": 5.0,
    "n": 151
  },
  "23": {
    "mean": 3.3932432432432433,
    "std": 2.632028321140819,
    "p10": 0.7000000000000011,
    "p90": 6.0,
    "n": 148
  }
}