{
  "0": {
    "mean": 5.1984615384615385,
    "std": 4.059747283068888,
    "p10": 0.0,
    "p90": 11.0,
    "n": 130
  },
  "1": {
    "mean": 7.262015503875968,
    "std": 3.924665467400725,
    "p10": 3.0,
    "p90": 12.0,
    "n": 129
  },
  "2": {
    "mean": 9.555725190839695,
    "std": 3.8312311800083596,
    "p10": 5.0,
    "p90": 14.0,
    "n": 131
  },
  "3": {
    "mean": 11.036923076923076,
    "std": 3.9261227784617683,
    "p10": 7.0,
    "p90": 16.0,
    "n": 130
  },
  "4": {
    "mean": 11.556589147286822,
    "std": 4.010997478831642,
    "p10": 7.0,
    "p90": 17.0,
    "n": 129
  },
  "5": {
    "mean": 11.830075187969925,
    "std": 4.119686384106787,
    "p10": 7.0,
    "p90": 17.0,
    "n": 133
  },
  "6": {
    "mean": 12.392537313432834,
    "std": 4.158181117431533,
    "p10": 8.0,
    "p90": 18.0,
    "n": 134
  },
  "7": {
    "mean": 12.542446043165468,
    "std": 4.1773193404464,
    "p10": 7.0,
    "p90": 18.0,
    "n": 139
  },
  "8": {
    "mean": 13.005755395683453,
    "std": 4.2157704228973065,
    "p10": 8.0,
    "p90": 18.0,
    "n": 139
  },
  "9": {
    "mean": 13.27751937984496,
    "std": 4.385081960288728,
    "p10": 8.0,
    "p90": 18.200000000000003,
    "n": 129
  },
  "10": {
    "mean": 13.464233576642336,
    "std": 4.285538905405793,
    "p10": 9.0,
    "p90": 19.0,
    "n": 137
  },
  "11": {
    "mean": 13.679411764705883,
    "std": 4.386462637049464,
    "p10": 9.0,
    "p90": 19.0,
    "n": 136
  },
  "12": {
    "mean": 13.576223776223777,
    "std": 4.310517076952407,
    "p10": 9.0,
    "p90": 19.0,
    "n": 143
  },
  "13": {
    "mean": 12.984615384615385,
    "std": 3.9873092288209233,
    "p10": 9.0,
    "p90": 18.0,
    "n": 143
  },
  "14": {
    "mean": 11.332857142857142,
    "std": 3.2823584006157063,
    "p10": 8.0,
    "p90": 16.0,
    "n": 140
  },
  "15": {
    "mean": 9.16148148148148,
    "std": 3.026499509560662,
    "p10": 6.0,
    "p90": 13.0,
    "n": 135
  },
  "16": {
    "mean": 7.190277777777778,
    "std": 2.789824654099537,
    "p10": 4.0,
    "p90": 11.0,
    "n": 144
  },
  "17": {
    "mean": 5.395588235294118,
    "std": 2.6420493630137405,
    "p10": 2.5,
    "p90": 9.5,
    "n": 136
  },
  "18": {
    "mean": 3.7219858156028365,
    "std": 2.2693955204787013,
    "p10": 1.0,
    "p90": 7.0,
    "n": 141
  },
  "19": {
    "mean": 2.3421875,
    "std": 2.2717924303194357,
    "p10": 0.0,
    "p90": 6.0,
    "n": 128
  },
  "20": {
    "mean": 1.25,
    "std": 1.5451228365902407,
    "p10": 0.0,
    "p90": 3.0,
    "n": 132
  },
  "21": {
    "mean": 1.2910569105691059,
    "std": 1.5019663685131153,
    "p10": 0.0,
    "p90": 3.0,
    "n": 123
  },
  "22": {
    "mean": 1.934920634920635,
    "std": 1.7913265457896816,
    "p10": 0.0,
    "p90": 4.0,
    "n": 126
  },
  "23": {
    "mean": 3.2818897637795277,
    "std": 2.0030697601286898,
    "p10": 1.0,
    "p90": 6.0,
    "n": 127
  }
}