{
  "0": {
    "mean": 5.035714285714286,
    "std": 3.322932557409105,
    "p10": 1.0,
    "p90": 10.0,
    "n": 140
  },
  "1": {
    "mean": 7.481481481481482,
    "std": 3.485260759965173,
    "p10": 4.0,
    "p90": 12.0,
    "n": 135
  },
  "2": {
    "mean": 9.786764705882353,
    "std": 3.682607949156351,
    "p10": 6.0,
    "p90": 14.5,
    "n": 136
  },
  "3": {
    "mean": 10.773722627737227,
    "std": 3.7631977577155573,
    "p10": 7.0,
    "p90": 15.0,
    "n": 137
  },
  "4": {
    "mean": 11.389855072463767,
    "std": 3.7555465522144695,
    "p10": 7.700000000000001,
    "p90": 16.0,
    "n": 138
  },
  "5": {
    "mean": 11.64113475177305,
    "std": 3.8133238392694713,
    "p10": 8.0,
    "p90": 16.0,
    "n": 141
  },
  "6": {
    "mean": 12.02919708029197,
    "std": 3.817416754050973,
    "p10": 8.0,
    "p90": 17.0,
    "n": 137
  },
  "7": {
    "mean": 12.574468085106384,
    "std": 3.8586341820338284,
    "p10": 8.0,
    "p90": 18.0,
    "n": 141
  },
  "8": {
    "mean": 12.986577181208053,
    "std": 3.8414288184624232,
    "p10": 9.0,
    "p90": 18.0,
    "n": 149
  },
  "9": {
    "mean": 13.202797202797203,
    "std": 3.926363476389383,
    "p10": 9.0,
    "p90": 18.0,
    "n": 143
  },
  "10": {
    "mean": 13.542465753424658,
    "std": 3.920447469471826,
    "p10": 9.0,
    "p90": 19.0,
    "n": 146
  },
  "11": {
    "mean": 13.753333333333334,
    "std": 4.05984868740859,
    "p10": 9.0,
    "p90": 19.0,
    "n": 150
  },
  "12": {
    "mean": 13.842105263157896,
    "std": 4.082112917306549,
    "p10": 9.100000000000001,
    "p90": 19.0,
    "n": 152
  },
  "13": {
    "mean": 13.748387096774193,
    "std": 4.218994692200906,
    "p10": 9.0,
    "p90": 19.0,
    "n": 155
  },
  "14": {
    "mean": 11.91025641025641,
    "std": 3.4311134182169387,
    "p10": 8.0,
    "p90": 16.0,
    "n": 156
  },
  "15": {
    "mean": 9.8,
    "std": 3.009508740167216,
    "p10": 6.0,
    "p90": 14.0,
    "n": 155
  },
  "16": {
    "mean": 7.7272727272727275,
    "std": 2.984212768336453,
    "p10": 4.0,
    "p90": 11.0,
    "n": 154
  },
  "17": {
    "mean": 5.700680272108843,
    "std": 2.9456607649692748,
    "p10": 2.0,
    "p90": 9.0,
    "n": 147
  },
  "18": {
    "mean": 3.9295774647887325,
    "std": 2.758990172246431,
    "p10": 1.0,
    "p90": 7.0,
    "n": 142
  },
  "19": {
    "mean": 2.2907801418439715,
    "std": 2.3254462155287796,
    "p10": 0.0,
    "p90": 5.0,
    "n": 141
  },
  "20": {
    "mean": 1.1680555555555554,
    "std": 1.5042435441937707,
    "p10": 0.0,
    "p90": 3.0,
    "n": 144
  },
  "21": {
    "mean": 1.007462686567164,
    "std": 1.4168495638447869,
    "p10": 0.0,
    "p90": 3.0,
    "n": 134
  },
  "22": {
    "mean": 1.9076923076923078,
    "std": 1.8105896673048858,
    "p10": 0.0,
    "p90": 4.0,
    "n": 130
  },
  "23": {
    "mean": 3.145038167938931,
    "std": 2.4655226857436583,
    "p10": 1.0,
    "p90": 7.0,
    "n": 131
  }
}