{
  "0": {
    "mean": 5.1847133757961785,
    "std": 3.5820450684557477,
    "p10": 1.0,
    "p90": 10.0,
    "n": 157
  },
  "1": {
    "mean": 7.671052631578948,
    "std": 3.6931587294868695,
    "p10": 4.0,
    "p90": 12.0,
    "n": 152
  },
  "2": {
    "mean": 10.052287581699346,
    "std": 3.8607179071848705,
    "p10": 6.0,
    "p90": 15.0,
    "n": 153
  },
  "3": {
    "mean": 11.045454545454545,
    "std": 3.9825451005999346,
    "p10": 7.0,
    "p90": 16.0,
    "n": 154
  },
  "4": {
    "mean": 11.624516129032259,
    "std": 3.957392259823988,
    "p10": 7.0,
    "p90": 16.0,
    "n": 155
  },
  "5": {
    "mean": 11.846250000000001,
    "std": 3.9891186507877765,
    "p10": 8.0,
    "p90": 17.0,
    "n": 160
  },
  "6": {
    "mean": 12.229813664596273,
    "std": 3.943742586688705,
    "p10": 8.0,
    "p90": 17.0,
    "n": 161
  },
  "7": {
    "mean": 12.817610062893081,
    "std": 4.053214610951378,
    "p10": 8.0,
    "p90": 18.0,
    "n": 159
  },
  "8": {
    "mean": 13.233532934131736,
    "std": 4.016451271543065,
    "p10": 9.0,
    "p90": 19.0,
    "n": 167
  },
  "9": {
    "mean": 13.55625,
    "std": 4.132623506203432,
    "p10": 9.0,
    "p90": 19.0,
    "n": 160
  },
  "10": {
    "mean": 13.86946107784431,
    "std": 4.118247851995298,
    "p10": 9.0,
    "p90": 19.0,
    "n": 167
  },
  "11": {
    "mean": 14.123529411764705,
    "std": 4.306597307498381,
    "p10": 9.0,
    "p90": 20.0,
    "n": 170
  },
  "12": {
    "mean": 14.129411764705882,
    "std": 4.282310484292847,
    "p10": 9.0,
    "p90": 20.0,
    "n": 170
  },
  "13": {
    "mean": 14.022857142857143,
    "std": 4.385129371627631,
    "p10": 9.0,
    "p90": 19.599999999999994,
    "n": 175
  },
  "14": {
    "mean": 12.172413793103448,
    "std": 3.648443793839075,
    "p10": 8.0,
    "p90": 16.0,
    "n": 174
  },
  "15": {
    "mean": 10.057142857142857,
    "std": 3.3126616823942774,
    "p10": 6.400000000000002,
    "p90": 14.0,
    "n": 175
  },
  "16": {
    "mean": 7.883040935672515,
    "std": 3.148912808380853,
    "p10": 4.0,
    "p90": 12.0,
    "n": 171
  },
  "17": {
    "mean": 5.952095808383233,
    "std": 3.117784939748811,
    "p10": 2.6000000000000014,
    "p90": 10.0,
    "n": 167
  },
  "18": {
    "mean": 4.1125,
    "std": 2.894339520143005,
    "p10": 1.0,
    "p90": 8.0,
    "n": 160
  },
  "19": {
    "mean": 2.509433962264151,
    "std": 2.5179555815154546,
    "p10": 0.0,
    "p90": 5.0,
    "n": 159
  },
  "20": {
    "mean": 1.4690909090909092,
    "std": 1.8524413088302558,
    "p10": 0.0,
    "p90": 3.5999999999999943,
    "n": 165
  },
  "21": {
    "mean": 1.138157894736842,
    "std": 1.6031812005070158,
    "p10": 0.0,
    "p90": 3.0,
    "n": 152
  },
  "22": {
    "mean": 1.9931972789115646,
    "std": 1.867151513906399,
    "p10": 0.0,
    "p90": 4.0,
    "n": 147
  },
  "23": {
    "mean": 3.2818791946308723,
    "std": 2.4689436873394657,
    "p10": 1.0,
    "p90": 7.0,
    "n": 149
  }
}