{
  "0": {
    "mean": 5.069642857142857,
    "std": 4.33828212120786,
    "p10": 0.0,
    "p90": 11.0,
    "n": 112
  },
  "1": {
    "mean": 7.325663716814159,
    "std": 4.462398033270059,
    "p10": 3.0,
    "p90": 13.799999999999997,
    "n": 113
  },
  "2": {
    "mean": 9.2125,
    "std": 4.77850149906606,
    "p10": 4.100000000000001,
    "p90": 15.900000000000006,
    "n": 112
  },
  "3": {
    "mean": 9.97017543859649,
    "std": 4.823411377239315,
    "p10": 5.0,
    "p90": 16.700000000000003,
    "n": 114
  },
  "4": {
    "mean": 10.481081081081081,
    "std": 5.095907689928772,
    "p10": 5.0,
    "p90": 17.0,
    "n": 111
  },
  "5": {
    "mean": 10.817241379310344,
    "std": 5.194617211692504,
    "p10": 5.0,
    "p90": 18.0,
    "n": 116
  },
  "6": {
    "mean": 11.099159663865546,
    "std": 5.30019980113189,
    "p10": 5.0,
    "p90": 18.0,
    "n": 119
  },
  "7": {
    "mean": 11.49,
    "std": 5.416926475130966,
    "p10": 6.0,
    "p90": 18.10000000000001,
    "n": 120
  },
  "8": {
    "mean": 12.103508771929825,
    "std": 5.6543652151809285,
    "p10": 6.0,
    "p90": 19.0,
    "n": 114
  },
  "9": {
    "mean": 12.133333333333333,
    "std": 5.730964869315928,
    "p10": 6.0,
    "p90": 20.200000000000003,
    "n": 129
  },
  "10": {
    "mean": 12.748387096774193,
    "std": 5.924449600465008,
    "p10": 6.0,
    "p90": 21.0,
    "n": 124
  },
  "11": {
    "mean": 12.9776,
    "std": 6.067322096226212,
    "p10": 6.4,
    "p90": 20.60000000000001,
    "n": 125
  },
  "12": {
    "mean": 13.296774193548387,
    "std": 6.066647933731519,
    "p10": 7.0,
    "p90": 21.0,
    "n": 124
  },
  "13": {
    "mean": 13.1078125,
    "std": 5.845943601719761,
    "p10": 6.0,
    "p90": 21.0,
    "n": 128
  },
  "14": {
    "mean": 11.218897637795274,
    "std": 5.226272644943055,
    "p10": 6.0,
    "p90": 18.0,
    "n": 127
  },
  "15": {
    "mean": 9.256692913385827,
    "std": 4.398693719355261,
    "p10": 5.0,
    "p90": 15.0,
    "n": 127
  },
  "16": {
    "mean": 7.6537815126050415,
    "std": 4.298576625198876,
    "p10": 4.0,
    "p90": 13.200000000000003,
    "n": 119
  },
  "17": {
    "mean": 5.752459016393442,
    "std": 4.287367820573012,
    "p10": 2.0,
    "p90": 11.900000000000006,
    "n": 122
  },
  "18": {
    "mean": 4.265,
    "std": 3.7649567274623323,
    "p10": 1.0,
    "p90": 9.100000000000009,
    "n": 120
  },
  "19": {
    "mean": 2.59672131147541,
    "std": 3.1580916516732866,
    "p10": 0.0,
    "p90": 6.900000000000006,
    "n": 122
  },
  "20": {
    "mean": 1.8,
    "std": 2.5922962793631443,
    "p10": 0.0,
    "p90": 5.0,
    "n": 116
  },
  "21": {
    "mean": 1.4089285714285715,
    "std": 2.3352200957838836,
    "p10": 0.0,
    "p90": 4.0,
    "n": 112
  },
  "22": {
    "mean": 2.0702702702702704,
    "std": 2.5794500680499084,
    "p10": 0.0,
    "p90": 4.0,
    "n": 111
  },
  "23": {
    "mean": 3.412612612612613,
    "std": 2.826405269696252,
    "p10": 1.0,
    "p90": 6.0,
    "n": 111
  }
}