{
  "0": {
    "mean": 4.253333333333334,
    "std": 3.9638064021884136,
    "p10": 0.0,
    "p90": 9.600000000000009,
    "n": 135
  },
  "1": {
    "mean": 6.567164179104478,
    "std": 4.0475514945040665,
    "p10": 2.0,
    "p90": 12.0,
    "n": 134
  },
  "2": {
    "mean": 8.098484848484848,
    "std": 4.483829893207264,
    "p10": 3.0,
    "p90": 14.900000000000006,
    "n": 132
  },
  "3": {
    "mean": 8.783582089552239,
    "std": 4.6765483388275895,
    "p10": 4.0,
    "p90": 15.0,
    "n": 134
  },
  "4": {
    "mean": 9.333333333333334,
    "std": 4.91091115232764,
    "p10": 4.0,
    "p90": 16.0,
    "n": 132
  },
  "5": {
    "mean": 9.797183098591548,
    "std": 5.276953016992107,
    "p10": 4.0,
    "p90": 17.900000000000006,
    "n": 142
  },
  "6": {
    "mean": 10.696296296296296,
    "std": 5.512907613892558,
    "p10": 5.0,
    "p90": 19.0,
    "n": 135
  },
  "7": {
    "mean": 10.992700729927007,
    "std": 5.714399189206367,
    "p10": 5.0,
    "p90": 19.0,
    "n": 137
  },
  "8": {
    "mean": 11.53006993006993,
    "std": 5.974512001581984,
    "p10": 5.0,
    "p90": 20.799999999999997,
    "n": 143
  },
  "9": {
    "mean": 12.183703703703705,
    "std": 6.04969725907658,
    "p10": 5.4,
    "p90": 21.0,
    "n": 135
  },
  "10": {
    "mean": 12.328671328671328,
    "std": 5.8799926029658165,
    "p10": 6.0,
    "p90": 21.799999999999997,
    "n": 143
  },
  "11": {
    "mean": 12.942446043165468,
    "std": 6.237764584929051,
    "p10": 6.800000000000001,
    "p90": 23.0,
    "n": 139
  },
  "12": {
    "mean": 12.870503597122303,
    "std": 6.3586464382886465,
    "p10": 6.0,
    "p90": 23.0,
    "n": 139
  },
  "13": {
    "mean": 13.259420289855072,
    "std": 6.22776497595965,
    "p10": 6.0,
    "p90": 22.299999999999997,
    "n": 138
  },
  "14": {
    "mean": 12.564864864864864,
    "std": 5.805215399272831,
    "p10": 6.0,
    "p90": 22.0,
    "n": 148
  },
  "15": {
    "mean": 10.453900709219859,
    "std": 4.935983296604301,
    "p10": 5.0,
    "p90": 18.0,
    "n": 141
  },
  "16": {
    "mean": 8.62127659574468,
    "std": 4.870124793218319,
    "p10": 4.0,
    "p90": 16.0,
    "n": 141
  },
  "17": {
    "mean": 7.270833333333333,
    "std": 4.745581308758913,
    "p10": 3.0,
    "p90": 14.0,
    "n": 144
  },
  "18": {
    "mean": 5.618571428571428,
    "std": 4.677199951183451,
    "p10": 1.0,
    "p90": 12.100000000000009,
    "n": 140
  },
  "19": {
    "mean": 4.276119402985074,
    "std": 4.2504166819969695,
    "p10": 0.0,
    "p90": 10.0,
    "n": 134
  },
  "20": {
    "mean": 2.7482517482517483,
    "std": 3.717996832061419,
    "p10": 0.0,
    "p90": 8.0,
    "n": 143
  },
  "21": {
    "mean": 2.0150375939849625,
    "std": 3.1718099278287397,
    "p10": 0.0,
    "p90": 5.0,
    "n": 133
  },
  "22": {
    "mean": 2.074626865671642,
    "std": 3.231952471342543,
    "p10": 0.0,
    "p90": 5.0,
    "n": 134
  },
  "23": {
    "mean": 3.094029850746269,
    "std": 3.291336570476326,
    "p10": 0.0,
    "p90": 7.0,
    "n": 134
  }
}