{
  "0": {
    "mean": 6.064285714285714,
    "std": 4.969273522582601,
    "p10": 0.9000000000000004,
    "p90": 11.0,
    "n": 140
  },
  "1": {
    "mean": 8.75,
    "std": 5.005213109686869,
    "p10": 4.0,
    "p90": 14.100000000000009,
    "n": 140
  },
  "2": {
    "mean": 10.424657534246576,
    "std": 4.983885226494874,
    "p10": 6.0,
    "p90": 16.5,
    "n": 146
  },
  "3": {
    "mean": 11.027972027972028,
    "std": 5.204202061584813,
    "p10": 6.0,
    "p90": 18.0,
    "n": 143
  },
  "4": {
    "mean": 11.345578231292517,
    "std": 5.28427793816166,
    "p10": 6.0,
    "p90": 18.0,
    "n": 147
  },
  "5": {
    "mean": 11.76923076923077,
    "std": 5.391297509944774,
    "p10": 6.0,
    "p90": 19.0,
    "n": 143
  },
  "6": {
    "mean": 12.30066225165563,
    "std": 5.331860171819234,
    "p10": 7.0,
    "p90": 20.0,
    "n": 151
  },
  "7": {
    "mean": 12.610810810810811,
    "std": 5.525292926456264,
    "p10": 7.0,
    "p90": 20.0,
    "n": 148
  },
  "8": {
    "mean": 12.732098765432099,
    "std": 5.534719935134129,
    "p10": 7.0,
    "p90": 20.900000000000006,
    "n": 162
  },
  "9": {
    "mean": 13.307284768211922,
    "std": 5.776909200576012,
    "p10": 7.0,
    "p90": 21.0,
    "n": 151
  },
  "10": {
    "mean": 13.5975,
    "std": 5.705916051557488,
    "p10": 8.0,
    "p90": 22.0,
    "n": 160
  },
  "11": {
    "mean": 13.985185185185184,
    "std": 5.8860633611064115,
    "p10": 8.0,
    "p90": 23.0,
    "n": 162
  },
  "12": {
    "mean": 14.202484472049688,
    "std": 5.801163141027832,
    "p10": 8.0,
    "p90": 23.0,
    "n": 161
  },
  "13": {
    "mean": 14.124223602484472,
    "std": 5.769269628790932,
    "p10": 8.0,
    "p90": 22.0,
    "n": 161
  },
  "14": {
    "mean": 13.029268292682929,
    "std": 5.127873734002416,
    "p10": 8.0,
    "p90": 20.0,
    "n": 164
  },
  "15": {
    "mean": 10.747560975609755,
    "std": 4.338378470926134,
    "p10": 6.300000000000001,
    "p90": 17.0,
    "n": 164
  },
  "16": {
    "mean": 9.105389221556885,
    "std": 4.269748694461892,
    "p10": 5.0,
    "p90": 16.0,
    "n": 167
  },
  "17": {
    "mean": 6.872611464968153,
    "std": 4.037843602351035,
    "p10": 3.0,
    "p90": 12.400000000000006,
    "n": 157
  },
  "18": {
    "mean": 5.0476190476190474,
    "std": 3.88945418809356,
    "p10": 1.0,
    "p90": 10.400000000000006,
    "n": 147
  },
  "19": {
    "mean": 3.1862068965517243,
    "std": 3.4196860782187617,
    "p10": 0.0,
    "p90": 8.0,
    "n": 145
  },
  "20": {
    "mean": 2.0337837837837838,
    "std": 2.8366300321556004,
    "p10": 0.0,
    "p90": 5.0,
    "n": 148
  },
  "21": {
    "mean": 1.232394366197183,
    "std": 2.3809691481636284,
    "p10": 0.0,
    "p90": 3.0,
    "n": 142
  },
  "22": {
    "mean": 2.316546762589928,
    "std": 2.766350526436636,
    "p10": 0.0,
    "p90": 6.0,
    "n": 139
  },
  "23": {
    "mean": 3.9285714285714284,
    "std": 2.949558818717994,
    "p10": 1.0,
    "p90": 7.1000000000000085,
    "n": 140
  }
}