{
  "0": {
    "mean": 3.3564625850340133,
    "std": 2.8834451432511217,
    "p10": 0.0,
    "p90": 7.0,
    "n": 147
  },
  "1": {
    "mean": 4.950666666666667,
    "std": 3.1512168027299565,
    "p10": 1.0,
    "p90": 9.099999999999994,
    "n": 150
  },
  "2": {
    "mean": 6.026666666666666,
    "std": 3.42502959702426,
    "p10": 2.0,
    "p90": 11.0,
    "n": 150
  },
  "3": {
    "mean": 6.899328859060403,
    "std": 3.455792173514833,
    "p10": 3.0,
    "p90": 11.200000000000017,
    "n": 149
  },
  "4": {
    "mean": 7.4353741496598635,
    "std": 3.7582202637463973,
    "p10": 3.0,
    "p90": 12.0,
    "n": 147
  },
  "5": {
    "mean": 7.892000000000001,
    "std": 3.8866924915009595,
    "p10": 3.0,
    "p90": 13.0,
    "n": 150
  },
  "6": {
    "mean": 8.57516339869281,
    "std": 3.9415012008809875,
    "p10": 4.0,
    "p90": 14.0,
    "n": 153
  },
  "7": {
    "mean": 9.205298013245033,
    "std": 4.29467558851609,
    "p10": 4.0,
    "p90": 15.0,
    "n": 151
  },
  "8": {
    "mean": 9.979591836734693,
    "std": 4.548775821701627,
    "p10": 4.600000000000001,
    "p90": 15.0,
    "n": 147
  },
  "9": {
    "mean": 10.881379310344828,
    "std": 4.881512547454718,
    "p10": 5.0,
    "p90": 17.0,
    "n": 145
  },
  "10": {
    "mean": 11.2158940397351,
    "std": 5.2778037441753085,
    "p10": 5.0,
    "p90": 18.0,
    "n": 151
  },
  "11": {
    "mean": 11.866666666666667,
    "std": 5.435495872927821,
    "p10": 5.0,
    "p90": 19.0,
    "n": 144
  },
  "12": {
    "mean": 12.342281879194632,
    "std": 5.4236367225677675,
    "p10": 5.0,
    "p90": 19.0,
    "n": 149
  },
  "13": {
    "mean": 12.271523178807946,
    "std": 5.334083832405131,
    "p10": 5.0,
    "p90": 19.0,
    "n": 151
  },
  "14": {
    "mean": 12.075151515151516,
    "std": 4.933872545990008,
    "p10": 6.0,
    "p90": 18.599999999999994,
    "n": 165
  },
  "15": {
    "mean": 10.927167630057804,
    "std": 4.645028795651806,
    "p10": 5.0,
    "p90": 17.0,
    "n": 173
  },
  "16": {
    "mean": 8.678571428571429,
    "std": 3.6052546955821447,
    "p10": 4.0,
    "p90": 14.0,
    "n": 168
  },
  "17": {
    "mean": 7.096969696969697,
    "std": 3.3243819202244436,
    "p10": 3.0,
    "p90": 11.0,
    "n": 165
  },
  "18": {
    "mean": 6.206329113924051,
    "std": 3.2890802451668755,
    "p10": 2.0,
    "p90": 11.0,
    "n": 158
  },
  "19": {
    "mean": 4.783006535947712,
    "std": 2.9640786011683935,
    "p10": 1.0,
    "p90": 9.0,
    "n": 153
  },
  "20": {
    "mean": 3.490322580645161,
    "std": 2.7120887190395058,
    "p10": 0.0,
    "p90": 7.0,
    "n": 155
  },
  "21": {
    "mean": 2.47972972972973,
    "std": 2.4200680110603803,
    "p10": 0.0,
    "p90": 6.0,
    "n": 148
  },
  "22": {
    "mean": 1.7905405405405406,
    "std": 2.2353175621793557,
    "p10": 0.0,
    "p90": 4.300000000000011,
    "n": 148
  },
  "23": {
    "mean": 1.8516129032258064,
    "std": 2.320975915392579,
    "p10": 0.0,
    "p90": 4.0,
    "n": 155
  }
}